row_id,transaction_id,timestamp,label,xgb_probability,xgb_probability_calibrated,graphsage_probability,graphsage_probability_calibrated
42500,3029500,2017-01-12 21:31:21,0,0.121736966,0.04051788757156236,0.33034533,0.019789245049196783
42501,3029501,2017-01-12 21:31:39,0,0.036687065,0.020257928474887534,0.29746255,0.01714307189386162
42502,3029502,2017-01-12 21:31:42,0,0.08148843,0.03194427494206636,0.38627297,0.02485688537793558
42503,3029503,2017-01-12 21:31:45,0,0.086775,0.03313845201852147,0.23356637,0.012571769694882445
42504,3029504,2017-01-12 21:31:45,0,0.10427717,0.03692992921568351,0.37726218,0.02398632125791309
42505,3029505,2017-01-12 21:31:53,0,0.018487774,0.013817543301253433,0.19951987,0.010394255727796797
42506,3029506,2017-01-12 21:32:02,0,0.014563863,0.012104765749937303,0.5417788,0.04453372469471089
42507,3029507,2017-01-12 21:32:27,0,0.032671206,0.01898154564053139,0.3571766,0.02212349769570134
42508,3029508,2017-01-12 21:32:38,0,0.14785203,0.045627812473184204,0.21016024,0.011057637057152651
42509,3029509,2017-01-12 21:32:50,0,0.16175477,0.04825638454696782,0.34622166,0.021150096425024956
42510,3029510,2017-01-12 21:32:55,0,0.028720776,0.017660391105679626,0.29591706,0.017024032179222652
42511,3029511,2017-01-12 21:33:02,0,0.48041004,0.10758128333558471,0.3131369,0.018376762795134605
42512,3029512,2017-01-12 21:33:02,0,0.07671448,0.030842528481178147,0.37605706,0.023871574355946765
42513,3029513,2017-01-12 21:33:09,0,0.018486211,0.013816894601780635,0.25689507,0.01416183970979413
42514,3029514,2017-01-12 21:33:15,0,0.012460604,0.011103047982148232,0.39452702,0.02567438232318038
42515,3029515,2017-01-12 21:33:21,0,0.099332504,0.03588124708236825,0.3774765,0.024006770842748153
42516,3029516,2017-01-12 21:33:23,0,0.22233851,0.05927537590120566,0.29497874,0.01695198078211157
42517,3029517,2017-01-12 21:33:28,0,0.040544197,0.021430703651871406,0.3116853,0.018260446930107237
42518,3029518,2017-01-12 21:33:32,0,0.33547658,0.079425891419838,0.32530466,0.019368962367480858
42519,3029519,2017-01-12 21:33:38,0,0.3195524,0.076552018330519,0.28620622,0.016286362726850512
42520,3029520,2017-01-12 21:34:06,0,0.09535508,0.035025545216829775,0.21673588,0.011475221578956122
42521,3029521,2017-01-12 21:34:24,1,0.04867974,0.023765293015868827,0.20052025,0.01045598924848979
42522,3029522,2017-01-12 21:34:29,0,0.031242559,0.01851191551269454,0.324235,0.01928048339752071
42523,3029523,2017-01-12 21:34:32,0,0.12941164,0.04204721324916117,0.362966,0.022649804395400652
42524,3029524,2017-01-12 21:34:33,0,0.11906549,0.03997925863354666,0.3178263,0.018755478123235476
42525,3029525,2017-01-12 21:34:41,0,0.3013783,0.07329922703747714,0.32409117,0.019268605344067987
42526,3029526,2017-01-12 21:34:42,0,0.029582918,0.017954915611116874,0.3510799,0.021578206428783848
42527,3029527,2017-01-12 21:35:02,0,0.016413992,0.012934557184146184,0.52992004,0.042631614732719446
42528,3029528,2017-01-12 21:35:08,0,0.021284912,0.014943136253777863,0.299055,0.01726620844028425
42529,3029529,2017-01-12 21:35:09,0,0.18680324,0.05287927726637944,0.41867766,0.028183691148760927
42530,3029530,2017-01-12 21:35:18,0,0.13067171,0.0422959037667365,0.2801712,0.015836666289547437
42531,3029531,2017-01-12 21:35:29,0,0.032331306,0.018870602563106263,0.2957061,0.01700781774689025
42532,3029532,2017-01-12 21:36:05,0,0.12361943,0.04089542271562123,0.22830021,0.01222427642453772
42533,3029533,2017-01-12 21:36:06,0,0.06094079,0.027010841648366396,0.58609706,0.05248418247234417
42534,3029534,2017-01-12 21:36:34,0,0.0074413503,0.008349816168670608,0.19050238,0.009843584034569343
42535,3029535,2017-01-12 21:36:37,1,0.09937485,0.035890297997189735,0.6185604,0.059325779870360154
42536,3029536,2017-01-12 21:36:42,0,0.013666345,0.011685640747254129,0.23555288,0.012703915701382797
42537,3029537,2017-01-12 21:36:46,0,0.20562531,0.05628448280682233,0.47610378,0.034964194413491446
42538,3029538,2017-01-12 21:36:53,1,0.42406955,0.09608117877507899,0.72091705,0.08964900527657918
42539,3029539,2017-01-12 21:36:55,0,0.05759637,0.0261527728140788,0.3184925,0.01880965069532632
42540,3029540,2017-01-12 21:37:08,0,0.43711147,0.09866546180127891,0.44012952,0.03057241666635228
42541,3029541,2017-01-12 21:37:14,0,0.24516337,0.06332998445469214,0.5341696,0.043303407966024804
42542,3029542,2017-01-12 21:37:36,0,0.16324711,0.04853552902308502,0.3437135,0.020931260558593283
42543,3029543,2017-01-12 21:37:42,0,0.09747969,0.03548403908871123,0.45519477,0.03234910940491077
42544,3029544,2017-01-12 21:37:44,0,0.0033907467,0.005411236278793696,0.2021173,0.010554814159406645
42545,3029545,2017-01-12 21:37:54,0,0.075696394,0.03060447174676169,0.34396294,0.020952958624152137
42546,3029546,2017-01-12 21:37:58,0,0.27154437,0.06800060385729322,0.31612226,0.018617334074732678
42547,3029547,2017-01-12 21:38:08,0,0.05122358,0.024462653823487394,0.25945765,0.014341757958525651
42548,3029548,2017-01-12 21:38:11,0,0.026736151,0.016967859879210453,0.27710915,0.0156109991826143
42549,3029549,2017-01-12 21:38:51,0,0.03624419,0.020120104221423622,0.28990927,0.01656558518593277
42550,3029550,2017-01-12 21:38:57,0,0.06470612,0.027955864151653215,0.28287664,0.01603744715373137
42551,3029551,2017-01-12 21:39:02,0,0.010314315,0.01000055616640127,0.36011657,0.022389717933524168
42552,3029552,2017-01-12 21:39:22,0,0.3592969,0.08377881106713242,0.414227,0.027707522662237978
42553,3029553,2017-01-12 21:39:31,0,0.01580818,0.012667571182761002,0.33353904,0.020058416463899567
42554,3029554,2017-01-12 21:40:36,0,0.0028629943,0.004929081679532529,0.28753644,0.016386375106291814
42555,3029555,2017-01-12 21:40:37,0,0.039957166,0.0212552524187704,0.25417086,0.01397174603417605
42556,3029556,2017-01-12 21:40:41,0,0.07780323,0.03109587149371595,0.35867876,0.02225925239197558
42557,3029557,2017-01-12 21:40:51,0,0.03474326,0.01964775646048102,0.2776546,0.015651075616989082
42558,3029558,2017-01-12 21:41:47,0,0.024276188,0.016078409110956506,0.22672914,0.012121391852147284
42559,3029559,2017-01-12 21:41:52,0,0.24351656,0.06303816210352065,0.6624747,0.07038223594346346
42560,3029560,2017-01-12 21:41:57,0,0.07936532,0.031457178994075505,0.44518805,0.031159460031621965
42561,3029561,2017-01-12 21:42:05,0,0.13179621,0.04251729609058289,0.2554904,0.014063672167432005
42562,3029562,2017-01-12 21:42:14,0,0.019811843,0.014358908855169132,0.1883964,0.009716458735095315
42563,3029563,2017-01-12 21:42:19,0,0.0027755694,0.004845478637836509,0.27682358,0.015590038140298886
42564,3029564,2017-01-12 21:42:26,0,0.37987405,0.0876037868850579,0.36107725,0.022477176994771905
42565,3029565,2017-01-12 21:42:32,0,0.0069202557,0.008021698276683866,0.55969036,0.04757721580866054
42566,3029566,2017-01-12 21:42:34,0,0.11550353,0.039255634919107794,0.45621908,0.0324730681307859
42567,3029567,2017-01-12 21:43:05,0,0.06342638,0.02763705073472207,0.28067613,0.015874039928913817
42568,3029568,2017-01-12 21:43:07,0,0.035360657,0.019843053507561118,0.30776915,0.017948781495625402
42569,3029569,2017-01-12 21:43:23,0,0.016987722,0.013183471307498714,0.33303934,0.02001615185914863
42570,3029570,2017-01-12 21:44:06,0,0.025085222,0.016374994415717877,0.22216713,0.011824653813744809
42571,3029571,2017-01-12 21:44:16,0,0.018823903,0.013956522552431232,0.23465648,0.012644213050864824
42572,3029572,2017-01-12 21:44:23,0,0.12613294,0.04139702154440664,0.43737093,0.030256219900271972
42573,3029573,2017-01-12 21:44:35,0,0.022084657,0.015253021818332992,0.24459532,0.013312963675082248
42574,3029574,2017-01-12 21:44:48,0,0.014646639,0.012142842761803573,0.19386487,0.010047710832211369
42575,3029575,2017-01-12 21:45:11,0,0.38730556,0.08900242161766432,0.23785059,0.012857500468386648
42576,3029576,2017-01-12 21:45:13,0,0.07280537,0.02992213925938357,0.54078287,0.0443706494576531
42577,3029577,2017-01-12 21:45:29,0,0.0014020103,0.0033244573380749485,0.2123104,0.011193531216033004
42578,3029578,2017-01-12 21:45:49,0,0.06259975,0.027429834333603995,0.4560057,0.032447210836388136
42579,3029579,2017-01-12 21:46:05,0,0.023299491,0.0157146778889835,0.29651013,0.017069658533809644
42580,3029580,2017-01-12 21:46:07,0,0.08880646,0.033590683128482735,0.5322618,0.043000477196538274
42581,3029581,2017-01-12 21:46:40,0,0.043421388,0.02227616414012526,0.24572203,0.013389731051383361
42582,3029582,2017-01-12 21:46:45,0,0.050590646,0.024290441141523532,0.27181998,0.015225082848733942
42583,3029583,2017-01-12 21:47:25,0,0.10207387,0.03646463115952118,0.22708896,0.012144923634945818
42584,3029584,2017-01-12 21:47:59,0,0.14400317,0.04489018127383156,0.49978468,0.03815832564475486
42585,3029585,2017-01-12 21:48:06,0,0.06685847,0.02848682320829484,0.3166202,0.018657638776919852
42586,3029586,2017-01-12 21:48:10,0,0.071448065,0.02959843284983768,0.33648568,0.020308782338376057
42587,3029587,2017-01-12 21:48:19,0,0.22424534,0.05961517215801507,0.2689261,0.015015988453003776
42588,3029588,2017-01-12 21:48:24,0,0.0299856,0.01809124106886832,0.2494415,0.01364456315176288
42589,3029589,2017-01-12 21:48:28,0,0.033678647,0.019307585090009394,0.1816901,0.009315288754929419
42590,3029590,2017-01-12 21:48:38,0,0.008684877,0.009093867089055309,0.20328674,0.010627391058214641
42591,3029591,2017-01-12 21:48:41,0,0.06935067,0.02909378798310337,0.32627064,0.019449076825020815
42592,3029592,2017-01-12 21:49:06,0,0.04277286,0.02208762110247326,0.24938087,0.013640391585583592
42593,3029593,2017-01-12 21:49:14,0,0.035353605,0.019840830795610123,0.28985736,0.01656165304949623
42594,3029594,2017-01-12 21:49:39,0,0.07562915,0.030588708780486654,0.26982814,0.015081009645888729
42595,3029595,2017-01-12 21:49:49,0,0.0636081,0.0276824671712175,0.42349905,0.028706855057764886
42596,3029596,2017-01-12 21:49:58,0,0.02239691,0.015372700924132081,0.24191852,0.013131369174795763
42597,3029597,2017-01-12 21:50:31,0,0.048404716,0.023689047579051877,0.45380408,0.0321814698476072
42598,3029598,2017-01-12 21:50:40,1,0.11219552,0.03857771774669054,0.33818218,0.02045381571449135
42599,3029599,2017-01-12 21:50:46,0,0.15279405,0.04656832784793304,0.4172114,0.02802610944055196
42600,3029600,2017-01-12 21:50:54,0,0.018689632,0.013901135757583671,0.30542898,0.0177640078422329
42601,3029601,2017-01-12 21:50:57,0,0.046211947,0.02307486994580852,0.41347352,0.027627540404849753
42602,3029602,2017-01-12 21:51:19,0,0.56225747,0.12631060796503904,0.33048162,0.01980068542445924
42603,3029603,2017-01-12 21:51:19,0,0.042126145,0.02189845367112414,0.24673274,0.013458763628014885
42604,3029604,2017-01-12 21:51:29,0,0.02592933,0.016680126925635756,0.25956154,0.014349074810831636
42605,3029605,2017-01-12 21:51:30,0,0.020609494,0.014677501129143369,0.61186904,0.057833786106358566
42606,3029606,2017-01-12 21:51:44,0,0.016064126,0.012780903564134577,0.25486517,0.014020080387853757
42607,3029607,2017-01-12 21:51:46,0,0.85089797,0.2479391880885422,0.3272088,0.01952707588580561
42608,3029608,2017-01-12 21:51:58,0,0.020609807,0.014677625060444625,0.3835678,0.024593171381766882
42609,3029609,2017-01-12 21:52:14,0,0.022992248,0.015598915176555426,0.34443912,0.020994419692257696
42610,3029610,2017-01-12 21:52:48,0,0.07043202,0.02935465190886593,0.26356992,0.014632740850627596
42611,3029611,2017-01-12 21:52:50,0,0.103371754,0.03673909821131172,0.45326176,0.032116302024023206
42612,3029612,2017-01-12 21:53:32,0,0.105453305,0.03717704829113297,0.2964392,0.017064198179816203
42613,3029613,2017-01-12 21:54:06,0,0.09755511,0.03550025380175206,0.8531333,0.17620494317783753
42614,3029614,2017-01-12 21:54:10,0,0.16853681,0.049520786382693006,0.8602081,0.18435523720387745
42615,3029615,2017-01-12 21:54:44,0,0.012951274,0.011342995967369266,0.22742398,0.012166850649902836
42616,3029616,2017-01-12 21:55:23,0,0.00890618,0.009221186876145935,0.22211233,0.011821106955381105
42617,3029617,2017-01-12 21:55:42,0,0.033630352,0.01929204874716605,0.24950875,0.01364919058912228
42618,3029618,2017-01-12 21:56:01,0,0.013362282,0.011540927335132834,0.18452278,0.00948406734919472
42619,3029619,2017-01-12 21:56:10,0,0.1525947,0.04653052744202235,0.69265145,0.07954454460539674
42620,3029620,2017-01-12 21:56:12,0,0.01126695,0.010501292425115646,0.2556391,0.014074050080812557
42621,3029621,2017-01-12 21:56:20,0,0.099640645,0.03594707533546483,0.47856227,0.03528384544988465
42622,3029622,2017-01-12 21:56:23,0,0.00639912,0.0076823499310065615,0.25243944,0.013851549639551125
42623,3029623,2017-01-12 21:56:33,0,0.02823134,0.017491532370766907,0.1973373,0.01026001842974852
42624,3029624,2017-01-12 21:56:36,0,0.005800827,0.007277170683577357,0.25379595,0.013945678553476441
42625,3029625,2017-01-12 21:57:04,0,0.028593658,0.017616651938763186,0.27651563,0.015567450362211811
42626,3029626,2017-01-12 21:57:06,0,0.024294734,0.01608525484067878,0.27433756,0.01540816534862585
42627,3029627,2017-01-12 21:57:12,0,0.018840538,0.01396337269314746,0.5936222,0.05398467178356516
42628,3029628,2017-01-12 21:57:18,0,0.10624332,0.03734255920477834,0.29568017,0.017005825598817532
42629,3029629,2017-01-12 21:57:44,0,0.0120738745,0.010910984605372136,0.34800887,0.021306933288268385
42630,3029630,2017-01-12 21:57:57,0,0.021916084,0.01518810958704386,0.39700118,0.02592327544195301
42631,3029631,2017-01-12 21:58:08,0,0.043060906,0.02217150455651023,0.2580058,0.014239692085829333
42632,3029632,2017-01-12 21:58:15,0,0.0063776905,0.007668136804430834,0.2795237,0.015788808745437574
42633,3029633,2017-01-12 21:58:28,0,0.10036571,0.03610171595924452,0.36854482,0.02316500497308539
42634,3029634,2017-01-12 21:58:38,0,0.018426482,0.013792083134826901,0.23914324,0.012944253792942001
42635,3029635,2017-01-12 21:58:41,0,0.03042873,0.018240375078864085,0.31385136,0.018434169063811037
42636,3029636,2017-01-12 21:58:49,0,0.109296925,0.037978777001671404,0.27251533,0.015275539720088467
42637,3029637,2017-01-12 21:58:50,0,0.02480869,0.016274085133787617,0.57272804,0.049933267772508755
42638,3029638,2017-01-12 21:59:06,0,0.014379761,0.012019737315336905,0.3987391,0.026099187014648088
42639,3029639,2017-01-12 21:59:09,0,0.12718324,0.041605802538852106,0.4496475,0.03168489142383251
42640,3029640,2017-01-12 21:59:25,0,0.0349492,0.019713057790248782,0.43798864,0.030326785007920885
42641,3029641,2017-01-12 22:00:00,0,0.021014217,0.014837117073706203,0.2739986,0.015383450596893132
42642,3029642,2017-01-12 22:00:45,0,0.03603696,0.020055375121544445,0.15909016,0.008002588474012669
42643,3029643,2017-01-12 22:00:58,0,0.100307435,0.03608929967948928,0.38472977,0.02470619525126798
42644,3029644,2017-01-12 22:01:09,0,0.024261098,0.016072837788644722,0.24873649,0.013596093399182845
42645,3029645,2017-01-12 22:01:15,0,0.113279894,0.038800585805894135,0.38350558,0.02458712916196424
42646,3029646,2017-01-12 22:01:32,0,0.009081501,0.009321058850426557,0.32218292,0.01911142918349651
42647,3029647,2017-01-12 22:01:46,0,0.14305715,0.044708150856272666,0.4136729,0.027648686397954248
42648,3029648,2017-01-12 22:01:49,0,0.20119044,0.05548622637734255,0.235442,0.012696524273979595
42649,3029649,2017-01-12 22:01:49,0,0.085504174,0.03285372185368256,0.52218896,0.04143653990621316
42650,3029650,2017-01-12 22:02:17,0,0.037414648,0.020482879074800214,0.18567047,0.009552728379720554
42651,3029651,2017-01-12 22:02:41,0,0.04332131,0.022247143939616087,0.24097127,0.013067371306210315
42652,3029652,2017-01-12 22:02:46,0,0.027437946,0.017215157324088605,0.3088984,0.0180383347008872
42653,3029653,2017-01-12 22:02:56,0,0.016271964,0.012872355227588934,0.43224058,0.02967540223795409
42654,3029654,2017-01-12 22:03:35,0,0.09761818,0.03551381101301193,0.2760742,0.015535100675588083
42655,3029655,2017-01-12 22:03:35,0,0.11543574,0.03924180155856945,0.32011157,0.018941694150613184
42656,3029656,2017-01-12 22:03:36,0,0.031410422,0.018567554551619035,0.33521265,0.020200377840668523
42657,3029657,2017-01-12 22:03:54,0,0.047163103,0.0233426725998717,0.15868649,0.007979669834731942
42658,3029658,2017-01-12 22:03:56,0,0.03208145,0.0187887394836813,0.22050722,0.011717419273267714
42659,3029659,2017-01-12 22:04:16,0,0.031885713,0.018724421532298943,0.28771865,0.016400099903041292
42660,3029660,2017-01-12 22:04:34,0,0.006003351,0.007416325916357294,0.40570396,0.026813280376389158
42661,3029661,2017-01-12 22:04:38,0,0.02785006,0.017359130662002994,0.511728,0.03987280304675223
42662,3029662,2017-01-12 22:04:41,0,0.07077874,0.029437984010021064,0.2222698,0.011831299293098127
42663,3029663,2017-01-12 22:05:11,0,0.10180941,0.036408570896445044,0.26088163,0.014442201541640843
42664,3029664,2017-01-12 22:05:41,0,0.14635041,0.04534058401783865,0.52161115,0.04134859273547928
42665,3029665,2017-01-12 22:05:54,0,0.011606587,0.010675259794592275,0.47594798,0.03494402592993322
42666,3029666,2017-01-12 22:05:55,0,0.084740266,0.032681871483333805,0.2737026,0.015361885570175236
42667,3029667,2017-01-12 22:06:10,0,0.06723192,0.02857830043540493,0.3318298,0.019914076512903514
42668,3029668,2017-01-12 22:06:13,0,0.28380406,0.07017367209775448,0.48927853,0.036708907652410395
42669,3029669,2017-01-12 22:06:24,0,0.030561185,0.01828477501548358,0.24614125,0.013418345351793344
42670,3029670,2017-01-12 22:06:29,0,0.061179463,0.02707138422840146,0.30360833,0.017621004833318483
42671,3029671,2017-01-12 22:06:35,0,0.07084542,0.0294539919447276,0.3331303,0.020023840899679072
42672,3029672,2017-01-12 22:06:35,0,0.07814715,0.03117563703721737,0.36992374,0.02329358687569341
42673,3029673,2017-01-12 22:06:37,0,0.16943741,0.04968790669148762,0.5273677,0.04223325851260022
42674,3029674,2017-01-12 22:07:03,0,0.037059586,0.02037332967090881,0.39002705,0.025226273884698686
42675,3029675,2017-01-12 22:07:03,0,0.03912586,0.021004986296349035,0.27919608,0.01576462209179738
42676,3029676,2017-01-12 22:07:05,0,0.17072707,0.049926921842269635,0.5220224,0.04141117255598212
42677,3029677,2017-01-12 22:07:27,0,0.025272014,0.01644288862104544,0.47496253,0.03481670986330788
42678,3029678,2017-01-12 22:07:33,0,0.06601176,0.028278717613291097,0.36800715,0.023115002978686884
42679,3029679,2017-01-12 22:07:34,0,0.010771791,0.01024346131012834,0.19495575,0.010114242570011967
42680,3029680,2017-01-12 22:07:45,0,0.2964297,0.07241749155530151,0.52859235,0.042423919176203514
42681,3029681,2017-01-12 22:07:52,0,0.16062404,0.04804451735577974,0.2918502,0.016712953838416353
42682,3029682,2017-01-12 22:07:55,0,0.014899231,0.012258456690516296,0.2840638,0.016125965780824
42683,3029683,2017-01-12 22:07:56,0,0.04139326,0.021682656188909553,0.33689222,0.020343477437322014
42684,3029684,2017-01-12 22:08:29,0,0.09721338,0.035426747322167586,0.29966745,0.017313695249996715
42685,3029685,2017-01-12 22:08:30,0,0.03508313,0.019755441121137206,0.3099269,0.01812012252265201
42686,3029686,2017-01-12 22:08:36,0,0.016772911,0.013090710160909293,0.29665875,0.01708110315692502
42687,3029687,2017-01-12 22:09:10,0,0.014836451,0.01222980242254032,0.45414674,0.03222270601615168
42688,3029688,2017-01-12 22:09:32,0,0.1570082,0.047364842685391026,0.73996586,0.09750156513822096
42689,3029689,2017-01-12 22:09:33,0,0.048929125,0.023834283790308896,0.3913032,0.025352760209082104
42690,3029690,2017-01-12 22:09:35,0,0.06624181,0.028335357108408767,0.28727782,0.016366905099356174
42691,3029691,2017-01-12 22:09:36,0,0.5412103,0.1212093085074751,0.86193234,0.18643874957822434
42692,3029692,2017-01-12 22:09:40,0,0.032883685,0.01905065475751194,0.33184075,0.019915000589096742
42693,3029693,2017-01-12 22:09:45,0,0.011767203,0.010756746930049944,0.18126114,0.009289815091008263
42694,3029694,2017-01-12 22:09:50,0,0.4196357,0.09521196902918119,0.4166551,0.027966503420475068
42695,3029695,2017-01-12 22:10:01,0,0.20572644,0.05630266089896338,0.357866,0.022185730388387163
42696,3029696,2017-01-12 22:10:16,0,0.040113624,0.021302116449611688,0.32691672,0.019502772873582326
42697,3029697,2017-01-12 22:10:24,0,0.019090978,0.014066185242614583,0.26272774,0.01457291960347694
42698,3029698,2017-01-12 22:10:30,0,0.055578116,0.025625727490343187,0.33570445,0.020242213284803547
42699,3029699,2017-01-12 22:10:43,0,0.08176301,0.03200694460184323,0.39103815,0.02532645024416124
42700,3029700,2017-01-12 22:11:19,0,0.004306389,0.006174051034195451,0.22790504,0.012198363757013312
42701,3029701,2017-01-12 22:11:51,0,0.10507296,0.03709722776424286,0.30920863,0.01806298297959595
42702,3029702,2017-01-12 22:12:06,0,0.042092476,0.021888573244028525,0.65304625,0.06780390797251153
42703,3029703,2017-01-12 22:12:31,0,0.6337516,0.14563564718815647,0.74150497,0.09817865340194978
42704,3029704,2017-01-12 22:12:46,0,0.09186369,0.03426476843705086,0.36239478,0.022597501097156462
42705,3029705,2017-01-12 22:12:47,0,0.07705316,0.03092147224095741,0.38315648,0.02455325133805471
42706,3029706,2017-01-12 22:12:51,0,0.008166006,0.008789573803314077,0.29538125,0.016982867888761823
42707,3029707,2017-01-12 22:13:00,0,0.0884227,0.033505523560242785,0.33760366,0.0204042845246031
42708,3029708,2017-01-12 22:14:22,0,0.054976925,0.025467314421200697,0.36298963,0.022651970130563547
42709,3029709,2017-01-12 22:14:31,0,0.25232175,0.06459778012542382,0.42449075,0.028815424552524192
42710,3029710,2017-01-12 22:14:39,0,0.22758554,0.06020982357337506,0.26462972,0.014708188146810228
42711,3029711,2017-01-12 22:15:17,0,0.13975368,0.044070152626601376,0.3142435,0.018465722008209378
42712,3029712,2017-01-12 22:15:23,0,0.020016532,0.014441184708638755,0.25597793,0.014097708047802356
42713,3029713,2017-01-12 22:15:24,0,0.1284901,0.04186492417925126,0.25886175,0.014299824213605997
42714,3029714,2017-01-12 22:15:33,0,0.08661252,0.0331021288136632,0.4025141,0.026484404098053402
42715,3029715,2017-01-12 22:15:37,0,0.25907412,0.06579303810542338,0.6056524,0.0564873948062864
42716,3029716,2017-01-12 22:15:48,0,0.00905167,0.009304126701177211,0.2694928,0.015056821238380149
42717,3029717,2017-01-12 22:15:57,0,0.048242126,0.02364389160262179,0.24976043,0.01366651521779137
42718,3029718,2017-01-12 22:16:03,0,0.0339253,0.019386788816388337,0.6699941,0.07252968102316103
42719,3029719,2017-01-12 22:16:17,0,0.053207442,0.02499711751347959,0.24914652,0.013624273617973859
42720,3029720,2017-01-12 22:16:21,0,0.09626228,0.0352217226047106,0.28359053,0.01609064684234431
42721,3029721,2017-01-12 22:16:38,0,0.007059362,0.008110335181126213,0.2949548,0.016950145356442053
42722,3029722,2017-01-12 22:17:05,0,0.0149610285,0.01228661137712299,0.221752,0.011797798751013043
42723,3029723,2017-01-12 22:17:06,0,0.00789166,0.008625211443893294,0.29672417,0.01708614178127172
42724,3029724,2017-01-12 22:17:24,0,0.03564335,0.019932005534809165,0.4002839,0.0262563072410359
42725,3029725,2017-01-12 22:17:33,0,0.027057532,0.01708144456867896,0.13538384,0.0066861462719978
42726,3029726,2017-01-12 22:17:39,0,0.0118772,0.010812270214083616,0.2034983,0.010640540336194531
42727,3029727,2017-01-12 22:17:56,0,0.05011014,0.024159136318980524,0.38511857,0.024744098046326688
42728,3029728,2017-01-12 22:18:21,0,0.009829745,0.009738009022227156,0.23346582,0.012565096324753068
42729,3029729,2017-01-12 22:18:35,0,0.009799142,0.009721238059346831,0.1883297,0.009712441630951968
42730,3029730,2017-01-12 22:18:41,0,0.013970338,0.011828915230303756,0.26723444,0.014894421373400784
42731,3029731,2017-01-12 22:18:52,0,0.093405835,0.034601956220354065,0.32834217,0.019621562048574584
42732,3029732,2017-01-12 22:19:12,0,0.09986798,0.0359955986465403,0.27134466,0.015190640245369676
42733,3029733,2017-01-12 22:19:18,0,0.020413944,0.014599895722319225,0.24094571,0.013065646637490172
42734,3029734,2017-01-12 22:19:25,0,0.0134142125,0.01156574435475636,0.60531926,0.05641629448769955
42735,3029735,2017-01-12 22:19:59,0,0.19442298,0.054263520051885415,0.48355737,0.035941591965060755
42736,3029736,2017-01-12 22:20:04,0,0.102827206,0.03662407388413045,0.33708227,0.020359709793985135
42737,3029737,2017-01-12 22:20:07,0,0.066104524,0.028301566006808356,0.38844496,0.025070113838335333
42738,3029738,2017-01-12 22:20:08,0,0.04469283,0.02264254748289926,0.3647478,0.022813484804816896
42739,3029739,2017-01-12 22:20:13,0,0.008560621,0.00902174879622847,0.20787168,0.010913682991058021
42740,3029740,2017-01-12 22:20:20,0,0.060791068,0.026972816427630643,0.2768604,0.015592738949215795
42741,3029741,2017-01-12 22:20:29,0,0.10066739,0.03616595126983976,0.6649974,0.07109338534606152
42742,3029742,2017-01-12 22:20:52,0,0.46022806,0.10335634686720258,0.26031214,0.014401991129041185
42743,3029743,2017-01-12 22:20:55,0,0.02491091,0.016311441822997517,0.24634272,0.013432105911173987
42744,3029744,2017-01-12 22:20:57,0,0.022985706,0.015596443259652494,0.30182254,0.017481373952363054
42745,3029745,2017-01-12 22:21:09,0,0.080627985,0.03174740763730484,0.61087006,0.05761489310326227
42746,3029746,2017-01-12 22:21:13,0,0.5063606,0.11321757818565364,0.7651396,0.10950387851860292
42747,3029747,2017-01-12 22:21:43,0,0.012155493,0.010951742020803627,0.5897264,0.053201829400387285
42748,3029748,2017-01-12 22:21:46,0,0.103245005,0.03671234210750378,0.2955392,0.016994996963601527
42749,3029749,2017-01-12 22:21:47,0,0.02819029,0.017477314284518906,0.26612923,0.014815260247883991
42750,3029750,2017-01-12 22:22:09,0,0.029555308,0.01794553993618017,0.33420476,0.020114810446231562
42751,3029751,2017-01-12 22:22:12,0,0.015290609,0.012435914819109252,0.24307483,0.01320967826790079
42752,3029752,2017-01-12 22:22:12,0,0.03704399,0.02036850731792448,0.40024364,0.026252203065612194
42753,3029753,2017-01-12 22:22:16,0,0.14790179,0.04563731764674454,0.30473888,0.017709726787096276
42754,3029754,2017-01-12 22:22:18,0,0.062318675,0.027359142573300674,0.32705608,0.019514366573501408
42755,3029755,2017-01-12 22:22:23,0,0.09011291,0.03387967541948473,0.33679563,0.020335230755540272
42756,3029756,2017-01-12 22:22:51,0,0.048343025,0.02367192135681159,0.33579376,0.02024981704101738
42757,3029757,2017-01-12 22:22:56,0,0.015969308,0.012739010906351302,0.59963095,0.0552182410926862
42758,3029758,2017-01-12 22:23:09,0,0.0766784,0.030834112245964967,0.38458624,0.02469221391938744
42759,3029759,2017-01-12 22:23:18,0,0.016910806,0.013150315961467839,0.29170308,0.016701757791179616
42760,3029760,2017-01-12 22:23:40,0,0.06643557,0.028383004900903726,0.31221417,0.01830277503556576
42761,3029761,2017-01-12 22:23:42,0,0.13678071,0.043492733780111516,0.26460987,0.01470677341116102
42762,3029762,2017-01-12 22:23:45,0,0.2894526,0.07117661483973918,0.27506188,0.01546104315096222
42763,3029763,2017-01-12 22:24:07,0,0.009055452,0.009306274852399812,0.24899818,0.013614075620190411
42764,3029764,2017-01-12 22:24:08,0,0.005526486,0.0070851623216122385,0.27311283,0.015318963811865927
42765,3029765,2017-01-12 22:24:13,0,0.36104882,0.08410193826813916,0.30273017,0.01755226360839987
42766,3029766,2017-01-12 22:24:16,0,0.015019573,0.012313237080773087,0.58949584,0.05315591022327798
42767,3029767,2017-01-12 22:24:18,0,0.040680084,0.021471169998119863,0.3449405,0.02103813332500151
42768,3029768,2017-01-12 22:24:22,0,0.014546998,0.012096996077884418,0.2862677,0.016290978076752637
42769,3029769,2017-01-12 22:24:24,0,0.0162712,0.012872020130644726,0.35533935,0.021958216927320653
42770,3029770,2017-01-12 22:24:31,0,0.04595771,0.02300291760631525,0.31855989,0.018815135159405208
42771,3029771,2017-01-12 22:24:49,0,0.037400644,0.020478566628914573,0.2779879,0.015675591450884593
42772,3029772,2017-01-12 22:25:15,0,0.029369695,0.017882414597526316,0.32161534,0.019064828535769386
42773,3029773,2017-01-12 22:25:29,0,0.015633637,0.012589824102406196,0.22193728,0.011809781656063983
42774,3029774,2017-01-12 22:25:40,0,0.04218333,0.021915227124997626,0.38257527,0.02449692502171283
42775,3029775,2017-01-12 22:25:59,0,0.01642103,0.012937632984774676,0.30100468,0.017417633058920814
42776,3029776,2017-01-12 22:26:03,0,0.008079044,0.008737743597422035,0.2700219,0.015094993618335202
42777,3029777,2017-01-12 22:26:18,0,0.019011596,0.01403366022238177,0.20015037,0.010433148843723329
42778,3029778,2017-01-12 22:26:31,0,0.07550197,0.030558880824243365,0.35674083,0.02208422031168326
42779,3029779,2017-01-12 22:26:33,0,0.016018983,0.012760971856848113,0.3113776,0.0182358481072795
42780,3029780,2017-01-12 22:26:37,0,0.009123055,0.0093446049241742,0.26170313,0.01450030013263181
42781,3029781,2017-01-12 22:26:40,0,0.07375144,0.03014648279359634,0.540233,0.0442808829822327
42782,3029782,2017-01-12 22:26:42,0,0.0094226785,0.009512992952584811,0.13556956,0.006696233475055653
42783,3029783,2017-01-12 22:27:19,0,0.02211746,0.01526562847933563,0.23886709,0.012925699409082803
42784,3029784,2017-01-12 22:27:37,0,0.13768479,0.04366866221619606,0.4383524,0.030368404603613147
42785,3029785,2017-01-12 22:27:52,0,0.07013236,0.029282509352892425,0.41303524,0.027581101804317602
42786,3029786,2017-01-12 22:28:00,1,0.10581293,0.03725243834161316,0.24013025,0.013010665446301774
42787,3029787,2017-01-12 22:28:09,0,0.10393579,0.03685803943547549,0.29104602,0.016651809411114563
42788,3029788,2017-01-12 22:28:25,0,0.010936724,0.010329912786913422,0.24396007,0.013269768057486761
42789,3029789,2017-01-12 22:28:36,0,0.024078108,0.01600515540358564,0.2898629,0.01656207287484599
42790,3029790,2017-01-12 22:29:11,0,0.049388874,0.02396110713314216,0.23114808,0.012411690036837746
42791,3029791,2017-01-12 22:29:31,0,0.032531224,0.018935914215692237,0.3344227,0.020133294198283233
42792,3029792,2017-01-12 22:29:36,0,0.07149143,0.02960880872017391,0.50553393,0.0389745008021332
42793,3029793,2017-01-12 22:29:37,0,0.026112638,0.01674582919256769,0.26102048,0.014452013442292192
42794,3029794,2017-01-12 22:29:39,0,0.02011164,0.01447929025781647,0.34396887,0.02095347468068359
42795,3029795,2017-01-12 22:30:16,0,0.016706435,0.013061899465221476,0.5415813,0.0445013312966617
42796,3029796,2017-01-12 22:30:37,0,0.031156804,0.01848344363801536,0.28316507,0.016058930025207988
42797,3029797,2017-01-12 22:30:44,0,0.20003052,0.05527706816573571,0.31291062,0.018358602227040482
42798,3029798,2017-01-12 22:30:44,0,0.2150881,0.05798089602732004,0.33303726,0.020015975526612263
42799,3029799,2017-01-12 22:30:46,0,0.16241404,0.04837976905578,0.23756047,0.012838063970507454
42800,3029800,2017-01-12 22:31:08,0,0.0024116796,0.004484051090755093,0.22462302,0.011984028143119635
42801,3029801,2017-01-12 22:31:17,0,0.239889,0.06239505023729177,0.47805855,0.03521813513732247
42802,3029802,2017-01-12 22:31:35,0,0.38015607,0.08765668711990468,0.7301637,0.09334331566541455
42803,3029803,2017-01-12 22:31:35,0,0.044595223,0.02261457044106057,0.32021326,0.01895000551704217
42804,3029804,2017-01-12 22:31:48,0,0.17402117,0.05053584813027974,0.7245929,0.0910923713489876
42805,3029805,2017-01-12 22:31:49,0,0.07734239,0.03098879234999803,0.29760548,0.017154104175331877
42806,3029806,2017-01-12 22:31:53,0,0.3316953,0.0787411432059228,0.38395983,0.024631260985432266
42807,3029807,2017-01-12 22:31:54,0,0.004778074,0.00653846817402356,0.2065403,0.010830261276419896
42808,3029808,2017-01-12 22:32:00,0,0.37723866,0.08711010529457117,0.79810405,0.12890375173028326
42809,3029809,2017-01-12 22:32:05,0,0.012388194,0.011067288392489771,0.7687719,0.11141514701941148
42810,3029810,2017-01-12 22:32:14,0,0.023236755,0.01569109375271131,0.31225535,0.018306073800284445
42811,3029811,2017-01-12 22:32:20,0,0.007201843,0.008200320142849122,0.6642633,0.07088549139919974
42812,3029812,2017-01-12 22:32:27,0,0.04635221,0.023114499192355503,0.4516468,0.031922913991762523
42813,3029813,2017-01-12 22:32:41,1,0.07903343,0.03138062381692924,0.29907218,0.01726753847041681
42814,3029814,2017-01-12 22:32:47,0,0.019792387,0.014351069643664378,0.27558142,0.01549902837681328
42815,3029815,2017-01-12 22:33:05,0,0.15022498,0.046080306710547574,0.15950623,0.008026229826577273
42816,3029816,2017-01-12 22:33:10,0,0.027731968,0.017317967550605117,0.5396142,0.044180084184030154
42817,3029817,2017-01-12 22:33:25,0,0.27111807,0.06792510884226728,0.3330434,0.02001649445084567
42818,3029818,2017-01-12 22:33:51,0,0.0494207,0.023969868927629423,0.23928457,0.012953754723989765
42819,3029819,2017-01-12 22:34:03,0,0.048032597,0.023585610437242204,0.3358509,0.02025468164702936
42820,3029820,2017-01-12 22:34:03,0,0.09001346,0.03385772624345604,0.47016495,0.034202868833839974
42821,3029821,2017-01-12 22:34:20,0,0.020210117,0.014518663186958656,0.3633325,0.022683406981896612
42822,3029822,2017-01-12 22:34:22,0,0.010217374,0.009948476535829108,0.19106273,0.00987750284485237
42823,3029823,2017-01-12 22:34:57,0,0.06635316,0.028362745407734227,0.7198692,0.08924346808088636
42824,3029824,2017-01-12 22:35:00,0,0.03999927,0.021267870940236213,0.26678902,0.014862492977531717
42825,3029825,2017-01-12 22:35:20,0,0.011774203,0.010760287044020878,0.23949452,0.012967872985088034
42826,3029826,2017-01-12 22:35:28,0,0.043434028,0.022279827558465453,0.48013833,0.03549017130896374
42827,3029827,2017-01-12 22:35:42,0,0.022524958,0.015421572146597192,0.23156221,0.012439042460937305
42828,3029828,2017-01-12 22:35:43,0,0.10479746,0.037039354230955876,0.4894062,0.0367262044651037
42829,3029829,2017-01-12 22:36:02,0,0.048023157,0.023582982333404254,0.3948713,0.02570890781395639
42830,3029830,2017-01-12 22:36:23,0,0.013047983,0.011389813889079257,0.27886385,0.01574011391860538
42831,3029831,2017-01-12 22:36:28,0,0.075486675,0.030555292223841103,0.26797327,0.014947455384111897
42832,3029832,2017-01-12 22:36:32,0,0.0691476,0.029044635444992823,0.6629415,0.0705131381165877
42833,3029833,2017-01-12 22:36:39,0,0.07377406,0.03015183395929871,0.26866883,0.014997468068873851
42834,3029834,2017-01-12 22:36:50,0,0.021090092,0.014866892935974572,0.32796198,0.019589835901587523
42835,3029835,2017-01-12 22:36:53,0,0.08996658,0.03384737699338663,0.32654327,0.019471724201496496
42836,3029836,2017-01-12 22:37:10,0,0.52394646,0.11718462088914126,0.4510741,0.03185457486659381
42837,3029837,2017-01-12 22:37:10,0,0.08245214,0.03216391247551681,0.28477693,0.016179263436696054
42838,3029838,2017-01-12 22:37:11,0,0.022746501,0.015505845552723543,0.28996408,0.016569736819700875
42839,3029839,2017-01-12 22:37:45,0,0.1268956,0.041548673048471686,0.25414017,0.013969610883203674
42840,3029840,2017-01-12 22:37:50,0,0.0055979514,0.0071355824525701165,0.21869518,0.011600800365850122
42841,3029841,2017-01-12 22:37:50,0,0.020353887,0.014575997256914542,0.25603077,0.014101399194294695
42842,3029842,2017-01-12 22:37:53,0,0.03430249,0.019507451074902923,0.3411998,0.020713411894209742
42843,3029843,2017-01-12 22:38:30,0,0.05762108,0.026159181170754983,0.3261172,0.019436336700880706
42844,3029844,2017-01-12 22:38:38,0,0.020055171,0.014456674845839517,0.38120213,0.024364220763058587
42845,3029845,2017-01-12 22:38:56,0,0.013677707,0.011691020816917825,0.24509054,0.01334668121423575
42846,3029846,2017-01-12 22:39:03,0,0.15721154,0.047403154822176385,0.3613446,0.02250155808173362
42847,3029847,2017-01-12 22:39:03,0,0.008277518,0.00885567835328735,0.26286432,0.014582613281460925
42848,3029848,2017-01-12 22:39:24,0,0.0426471,0.022050927022926704,0.7154787,0.08757198814780168
42849,3029849,2017-01-12 22:39:24,0,0.029243305,0.01783933438813243,0.3020052,0.017495627389721886
42850,3029850,2017-01-12 22:39:28,0,0.03545117,0.019871566183426656,0.37363985,0.023642591278840913
42851,3029851,2017-01-12 22:39:38,0,0.17490643,0.050699119046264146,0.41968682,0.028292558349764792
42852,3029852,2017-01-12 22:39:42,0,0.096963264,0.03537289388148901,0.33175007,0.019907360183341282
42853,3029853,2017-01-12 22:39:45,0,0.009996648,0.00982907303947526,0.24153644,0.013105538657904382
42854,3029854,2017-01-12 22:40:08,0,0.007493397,0.008382018302789162,0.29903275,0.017264483642166786
42855,3029855,2017-01-12 22:40:12,0,0.12514943,0.04120108491044588,0.31771863,0.018746731098607628
42856,3029856,2017-01-12 22:40:56,0,0.061596777,0.02717702808822311,0.23322695,0.01254924962144129
42857,3029857,2017-01-12 22:41:31,0,0.016710266,0.01306356137607837,0.37059444,0.023356308001125148
42858,3029858,2017-01-12 22:41:41,0,0.07842042,0.031238929140196818,0.2980378,0.01718749632284696
42859,3029859,2017-01-12 22:42:02,0,0.05877745,0.026457914424438383,0.22996494,0.012333685608841523
42860,3029860,2017-01-12 22:42:05,0,0.005827433,0.007295574133572564,0.21607055,0.011432699026403103
42861,3029861,2017-01-12 22:42:10,0,0.07738592,0.030998915587176087,0.35566372,0.0219873370284102
42862,3029862,2017-01-12 22:42:12,0,0.049260855,0.023925839490160365,0.3303825,0.019792364291306964
42863,3029863,2017-01-12 22:42:33,0,0.02316438,0.015663852087541858,0.13589793,0.006714078038434997
42864,3029864,2017-01-12 22:42:53,0,0.17490031,0.05069799004510102,0.45387626,0.03219015224684566
42865,3029865,2017-01-12 22:43:22,0,0.013877456,0.011785285665305215,0.36400685,0.022745321294627134
42866,3029866,2017-01-12 22:43:41,0,0.42734745,0.09672676750590634,0.40604207,0.026848322374563315
42867,3029867,2017-01-12 22:43:54,0,0.013846116,0.011770535401612315,0.31467888,0.018500791492926275
42868,3029868,2017-01-12 22:44:02,0,0.15800983,0.04755345715690759,0.3226338,0.019148496680699997
42869,3029869,2017-01-12 22:44:04,0,0.12585683,0.04134205822633532,0.17917411,0.00916619386299968
42870,3029870,2017-01-12 22:44:09,0,0.017060984,0.01321499064410351,0.2609732,0.014448670846287936
42871,3029871,2017-01-12 22:44:10,0,0.07921686,0.03142294881035842,0.2761546,0.015540990605596947
42872,3029872,2017-01-12 22:44:12,0,0.08957141,0.03376006508909418,0.53581583,0.04356656531183081
42873,3029873,2017-01-12 22:44:50,0,0.08291465,0.03226900594057456,0.39387387,0.0256089771486783
42874,3029874,2017-01-12 22:44:57,0,0.0055569774,0.00710670998717413,0.28753272,0.01638609456824229
42875,3029875,2017-01-12 22:45:03,0,0.041348614,0.021669459926392652,0.68384105,0.07671391277938312
42876,3029876,2017-01-12 22:45:39,0,0.027491532,0.017233929382467438,0.4822914,0.035773828993558625
42877,3029877,2017-01-12 22:45:42,0,0.019897988,0.014393579894672237,0.5275556,0.04226245145701851
42878,3029878,2017-01-12 22:45:50,0,0.06606533,0.028291913182007737,0.51423043,0.04024145929556783
42879,3029879,2017-01-12 22:45:53,0,0.13330916,0.04281437607438134,0.31244692,0.01832142166029063
42880,3029880,2017-01-12 22:45:58,0,0.043558385,0.022315847220507456,0.39343417,0.025565016027605386
42881,3029881,2017-01-12 22:46:15,0,0.08736815,0.033270863542334196,0.361771,0.022540478410549715
42882,3029882,2017-01-12 22:46:17,0,0.19363251,0.054120310984464015,0.4095772,0.02721683183604772
42883,3029883,2017-01-12 22:46:36,0,0.007982053,0.008679643028825628,0.17011742,0.008635724612561707
42884,3029884,2017-01-12 22:47:05,0,0.0049147992,0.0066410545596418,0.47658208,0.035026174307903675
42885,3029885,2017-01-12 22:47:25,0,0.028217012,0.01748657077438476,0.32258713,0.019144657823643354
42886,3029886,2017-01-12 22:47:32,0,0.036809977,0.02029605773634162,0.33810124,0.02044688105675415
42887,3029887,2017-01-12 22:47:44,0,0.02454505,0.01617743270913695,0.2713636,0.015192010812092607
42888,3029888,2017-01-12 22:48:18,0,0.08546231,0.03284431750076198,0.49526072,0.03752766437490429
42889,3029889,2017-01-12 22:48:18,0,0.065623924,0.02818306579945731,0.24622361,0.013423969927745553
42890,3029890,2017-01-12 22:48:53,0,0.009947318,0.009802228485638376,0.48430327,0.03604077646013648
42891,3029891,2017-01-12 22:48:53,0,0.047639843,0.023476092526176204,0.32829437,0.01961757123277041
42892,3029892,2017-01-12 22:48:54,0,0.01611666,0.012804067820284685,0.29764685,0.01715729773533388
42893,3029893,2017-01-12 22:49:08,0,0.009984588,0.009822515819727548,0.29907268,0.017267577725642507
42894,3029894,2017-01-12 22:49:15,0,0.099580914,0.035934320015355174,0.2856543,0.016244962939517528
42895,3029895,2017-01-12 22:49:37,0,0.012603859,0.0111735256763419,0.2496446,0.013658540951903077
42896,3029896,2017-01-12 22:49:39,0,0.19498402,0.054365113113696586,0.33400032,0.02009748131917162
42897,3029897,2017-01-12 22:49:42,0,0.007998207,0.008689341354563822,0.23943387,0.012963793844759127
42898,3029898,2017-01-12 22:50:40,0,0.055960774,0.025726213037684267,0.26167548,0.014498342373302463
42899,3029899,2017-01-12 22:51:07,0,0.13832358,0.04379278711843383,0.2827831,0.01603048254466868
42900,3029900,2017-01-12 22:51:14,0,0.016456015,0.012952916355088048,0.2342337,0.012616096453104185
42901,3029901,2017-01-12 22:51:24,0,0.01693343,0.013160074902384612,0.292952,0.016796922892079586
42902,3029902,2017-01-12 22:51:34,0,0.0040399153,0.0059602613934811545,0.19640659,0.010202962557841738
42903,3029903,2017-01-12 22:51:41,0,0.016850332,0.013124201776449898,0.19534832,0.010138222104667598
42904,3029904,2017-01-12 22:51:42,0,0.15698035,0.04735959448221835,0.4586022,0.03276307157082451
42905,3029905,2017-01-12 22:51:58,0,0.011813967,0.010780379726279191,0.25004303,0.013685980185758676
42906,3029906,2017-01-12 22:52:05,0,0.40519392,0.0924114856002766,0.8209435,0.1456950003462312
42907,3029907,2017-01-12 22:52:29,0,0.04607516,0.023036177526816196,0.32316414,0.01919215154684139
42908,3029908,2017-01-12 22:52:34,0,0.06335239,0.027618544331122038,0.3329031,0.020004636859620024
42909,3029909,2017-01-12 22:52:35,0,0.013218604,0.011472043645717408,0.25729263,0.014189682185792286
42910,3029910,2017-01-12 22:52:54,0,0.04108563,0.021591613829044395,0.29450867,0.016915948157209863
42911,3029911,2017-01-12 22:52:56,1,0.31363258,0.07548968375565428,0.7856467,0.12099385843134053
42912,3029912,2017-01-12 22:53:00,0,0.002173887,0.0042345022518995076,0.22082235,0.01173774747628887
42913,3029913,2017-01-12 22:53:16,0,0.0529191,0.024919925910481654,0.5055149,0.03897177391950079
42914,3029914,2017-01-12 22:53:23,0,0.07659514,0.03081468278782936,0.34518474,0.02105944763553874
42915,3029915,2017-01-12 22:53:30,0,0.011225915,0.010480117968739691,0.53727776,0.043801645987382384
42916,3029916,2017-01-12 22:54:06,0,0.13182472,0.04252290179645906,0.5091346,0.0394942537292844
42917,3029917,2017-01-12 22:54:06,0,0.016256591,0.01286560865043201,0.35531867,0.02195636100806938
42918,3029918,2017-01-12 22:54:11,0,0.10284386,0.03662759411077026,0.27575034,0.015511388726741805
42919,3029919,2017-01-12 22:54:16,0,0.21470712,0.05791275905207656,0.19358887,0.010030901931212737
42920,3029920,2017-01-12 22:54:37,0,0.3540306,0.08281010946126315,0.32631934,0.01945312088071495
42921,3029921,2017-01-12 22:54:40,0,0.5357006,0.1199100143332244,0.35997072,0.022376459902326794
42922,3029922,2017-01-12 22:54:43,0,0.027226988,0.017141104809021274,0.35809964,0.022206849280840345
42923,3029923,2017-01-12 22:54:44,0,0.0051240935,0.006795651698899103,0.24883163,0.013602629929607722
42924,3029924,2017-01-12 22:54:47,0,0.036842383,0.020306101942576663,0.17264551,0.008782832077059337
42925,3029925,2017-01-12 22:54:48,0,0.07975954,0.0315479640668709,0.57063884,0.04954726462191392
42926,3029926,2017-01-12 22:54:49,0,0.0719974,0.029729710169038106,0.25953946,0.014347519358902865
42927,3029927,2017-01-12 22:54:50,0,0.030981941,0.018425284297434452,0.25284138,0.013879409938854888
42928,3029928,2017-01-12 22:54:58,0,0.08237506,0.03214637735701123,0.3726368,0.02354802836217308
42929,3029929,2017-01-12 22:55:03,0,0.03604067,0.02005653542011322,0.22670306,0.012119687165779587
42930,3029930,2017-01-12 22:55:14,0,0.07618439,0.030718720673816924,0.3707902,0.023374637944957755
42931,3029931,2017-01-12 22:55:22,0,0.17718373,0.051118425813356724,0.23152238,0.012436410641972186
42932,3029932,2017-01-12 22:55:31,0,0.008958176,0.009250896672625335,0.23362204,0.012575465021643998
42933,3029933,2017-01-12 22:55:38,0,0.47771302,0.10700910609761216,0.31729925,0.01871268601817377
42934,3029934,2017-01-12 22:55:45,0,0.39226782,0.08994190495587141,0.53680545,0.04372555474590478
42935,3029935,2017-01-12 22:55:50,0,0.03550152,0.01988741427749146,0.23190492,0.012461696786156162
42936,3029936,2017-01-12 22:55:53,0,0.020767536,0.014739989467023994,0.35297933,0.021747121267167217
42937,3029937,2017-01-12 22:56:03,0,0.13771166,0.04367388578122603,0.27839264,0.015705388074291247
42938,3029938,2017-01-12 22:56:23,0,0.09973749,0.035967750405948844,0.2841707,0.01613394930610963
42939,3029939,2017-01-12 22:56:44,0,0.03179663,0.018695095041225206,0.43763337,0.030286183184414384
42940,3029940,2017-01-12 22:57:23,0,0.20285083,0.05578535202190799,0.40072453,0.02630125414054352
42941,3029941,2017-01-12 22:57:26,0,0.15054964,0.04614208349580744,0.1986896,0.010343117616348466
42942,3029942,2017-01-12 22:57:36,0,0.21783152,0.058471189525277495,0.32763022,0.019562176789668102
42943,3029943,2017-01-12 22:57:50,0,0.09466933,0.034876851449306315,0.25894633,0.014305772549919724
42944,3029944,2017-01-12 22:58:14,0,0.09102842,0.034081354771596316,0.29971623,0.017317481137877854
42945,3029945,2017-01-12 22:58:19,0,0.02693859,0.01703947388159021,0.2405334,0.013037834425325422
42946,3029946,2017-01-12 22:58:38,0,0.14509118,0.0450991735398654,0.20083211,0.010475261292394107
42947,3029947,2017-01-12 22:58:54,0,0.17994952,0.05162636492453013,0.42650077,0.029036495600732022
42948,3029948,2017-01-12 22:58:56,0,0.042599276,0.022036960990341494,0.3812268,0.024366600963866027
42949,3029949,2017-01-12 22:58:58,0,0.01764448,0.013463957941522837,0.22299725,0.011878427673295621
42950,3029950,2017-01-12 22:59:11,0,0.020941297,0.014808456859136484,0.35148227,0.021613915548435364
42951,3029951,2017-01-12 22:59:12,0,0.03339605,0.019216542073904306,0.56979454,0.04939220658679617
42952,3029952,2017-01-12 22:59:12,0,0.1598617,0.04790149611307594,0.26511532,0.014742820924949716
42953,3029953,2017-01-12 22:59:17,0,0.08454738,0.03263839515237155,0.24030012,0.013022110453344574
42954,3029954,2017-01-12 22:59:26,0,0.06252667,0.027411466915626334,0.23853001,0.012903066745812262
42955,3029955,2017-01-12 22:59:38,0,0.020865342,0.014778558339104613,0.29677624,0.017090152605892545
42956,3029956,2017-01-12 22:59:47,0,0.04671448,0.023216631482644638,0.29348224,0.016837414808952716
42957,3029957,2017-01-12 22:59:54,0,0.0086958995,0.009100242197511911,0.23833203,0.012889781911922171
42958,3029958,2017-01-12 23:00:00,0,0.011839217,0.010793123127568072,0.22237635,0.011838197127242609
42959,3029959,2017-01-12 23:00:03,0,0.20289618,0.055793516454874875,0.31595787,0.018604039115219462
42960,3029960,2017-01-12 23:00:03,0,0.18253234,0.052099460005289144,0.24114503,0.013079100694256338
42961,3029961,2017-01-12 23:00:09,0,0.008782014,0.009149927020894327,0.28021127,0.01583963148565955
42962,3029962,2017-01-12 23:00:24,0,0.15575752,0.04712895587586558,0.3906779,0.02529072429730478
42963,3029963,2017-01-12 23:00:48,0,0.1322083,0.04259830288773359,0.28650287,0.016308638236788856
42964,3029964,2017-01-12 23:00:53,0,0.042155355,0.02190702294079608,0.39202264,0.0254242725572483
42965,3029965,2017-01-12 23:01:02,0,0.026211254,0.016781094516164993,0.30752203,0.017929217900800758
42966,3029966,2017-01-12 23:01:26,0,0.07182972,0.029689678320544997,0.33053282,0.019804984439649224
42967,3029967,2017-01-12 23:02:31,0,0.024599543,0.016197446558105795,0.25336882,0.013916008222156632
42968,3029968,2017-01-12 23:03:32,0,0.02161018,0.015069765058793408,0.36302733,0.022655425221927494
42969,3029969,2017-01-12 23:03:39,0,0.08963648,0.03377445171970706,0.4279857,0.02920069755474757
42970,3029970,2017-01-12 23:03:49,0,0.046227485,0.02307926234020186,0.22281669,0.011866723030015045
42971,3029971,2017-01-12 23:03:49,0,0.023658138,0.015848985066593557,0.30510193,0.017738271430835704
42972,3029972,2017-01-12 23:03:53,0,0.09717294,0.03541804269362995,0.3914618,0.0253685103102202
42973,3029973,2017-01-12 23:04:02,0,0.07037824,0.029341711453759637,0.26393816,0.014658934392343292
42974,3029974,2017-01-12 23:04:35,0,0.052196324,0.024725707761737496,0.24747194,0.013509352674516029
42975,3029975,2017-01-12 23:04:41,0,0.15263838,0.046538810135912885,0.2764249,0.01556079941008187
42976,3029976,2017-01-12 23:04:52,0,0.038608763,0.020848218264359588,0.14837,0.007399959134488203
42977,3029977,2017-01-12 23:05:06,0,0.12773633,0.041715555456518734,0.28141186,0.01592857738125295
42978,3029978,2017-01-12 23:05:11,0,0.027596476,0.017270647674981727,0.45559335,0.03239729496781673
42979,3029979,2017-01-12 23:06:05,0,0.06960763,0.029155911098123224,0.30575207,0.017789453152227894
42980,3029980,2017-01-12 23:06:12,0,0.018162914,0.013682178535954362,0.45348248,0.032142810876029715
42981,3029981,2017-01-12 23:06:31,0,0.04135471,0.021671261608711977,0.7297606,0.09317779328986846
42982,3029982,2017-01-12 23:06:40,0,0.05227874,0.024747906242306116,0.24268025,0.013182932848411563
42983,3029983,2017-01-12 23:06:43,0,0.07285151,0.029933105106452078,0.23111552,0.012409540665596137
42984,3029984,2017-01-12 23:06:53,0,0.2024563,0.05571430367627783,0.35888857,0.022278258040782217
42985,3029985,2017-01-12 23:07:00,0,0.07002064,0.02925558407433929,0.19985065,0.010414653647801758
42986,3029986,2017-01-12 23:07:56,0,0.12818694,0.04180487765951015,0.22633286,0.01209549705418226
42987,3029987,2017-01-12 23:08:00,0,0.065768294,0.02821869645911616,0.22404478,0.011946425979092097
42988,3029988,2017-01-12 23:08:03,0,0.043743387,0.02236935570293805,0.23969142,0.01298112051323318
42989,3029989,2017-01-12 23:08:10,0,0.075885326,0.030648735049345517,0.42064658,0.02839640617915196
42990,3029990,2017-01-12 23:08:11,0,0.043333184,0.02225058814955785,0.25737858,0.014195704889381123
42991,3029991,2017-01-12 23:08:11,0,0.10840298,0.03779309389301044,0.68563473,0.07727911607984203
42992,3029992,2017-01-12 23:08:12,0,0.023266088,0.015702124217607506,0.2147918,0.011351144923306803
42993,3029993,2017-01-12 23:08:16,0,0.061921503,0.027259046296397912,0.26120213,0.01446485438945554
42994,3029994,2017-01-12 23:08:36,0,0.1032826,0.03672027942077178,0.3222407,0.019116177503146703
42995,3029995,2017-01-12 23:09:10,0,0.03975471,0.021194500123580796,0.32887325,0.01966593247607234
42996,3029996,2017-01-12 23:09:13,0,0.02203436,0.01523367635875226,0.37562817,0.02383083173684505
42997,3029997,2017-01-12 23:09:14,0,0.016049126,0.012774283484018252,0.3846534,0.024698753887971492
42998,3029998,2017-01-12 23:09:26,0,0.030061409,0.018116819775119867,0.44263875,0.03086243563952021
42999,3029999,2017-01-12 23:09:43,0,0.0013508346,0.003256951981698906,0.22652158,0.012107826242569139
43000,3030000,2017-01-12 23:09:50,0,0.21545649,0.05804676917897868,0.13974023,0.006923680537467701
43001,3030001,2017-01-12 23:09:53,0,0.020398779,0.014593863749284716,0.19540802,0.010141870136712887
43002,3030002,2017-01-12 23:10:15,0,0.011490555,0.010616081917851817,0.19345132,0.010022528313245002
43003,3030003,2017-01-12 23:10:57,0,0.029983545,0.018090547489457032,0.32150263,0.019055582606418944
43004,3030004,2017-01-12 23:11:00,0,0.009415218,0.009508829036221215,0.49622464,0.03766120039259614
43005,3030005,2017-01-12 23:11:01,0,0.07011463,0.029278236829997174,0.6649065,0.07106760060036034
43006,3030006,2017-01-12 23:11:06,0,0.01905376,0.014050943534688812,0.4105522,0.027319156742637754
43007,3030007,2017-01-12 23:11:09,0,0.017527236,0.013414222749775717,0.21508934,0.011370100357879043
43008,3030008,2017-01-12 23:11:16,0,0.024985565,0.016338683428766407,0.18688789,0.009625738424837459
43009,3030009,2017-01-12 23:11:20,0,0.06158151,0.027173168185043353,0.30388927,0.01764302907685298
43010,3030010,2017-01-12 23:11:26,0,0.06869077,0.028933864197924437,0.2702123,0.015108742946178406
43011,3030011,2017-01-12 23:11:37,0,0.13620092,0.043379753658824564,0.43459606,0.029940913755030527
43012,3030012,2017-01-12 23:11:43,0,0.017974818,0.013603321397062459,0.24251361,0.013171644951985325
43013,3030013,2017-01-12 23:11:56,0,0.0041531404,0.0060518491516122685,0.1603247,0.008072791164995758
43014,3030014,2017-01-12 23:11:58,0,0.006825425,0.007960817782559635,0.2462087,0.013422951177221355
43015,3030015,2017-01-12 23:12:04,0,0.040838495,0.021518274335498716,0.27959567,0.015794124758477423
43016,3030016,2017-01-12 23:12:12,0,0.10827163,0.037765770814963934,0.3886444,0.025089759991754668
43017,3030017,2017-01-12 23:12:36,0,0.09505976,0.03496155328734814,0.8431226,0.1656624390897251
43018,3030018,2017-01-12 23:12:46,0,0.028883565,0.017716285281898798,0.70440936,0.08354678258187351
43019,3030019,2017-01-12 23:12:46,0,0.020177186,0.014505505662823612,0.3610284,0.02247272451705949
43020,3030020,2017-01-12 23:13:38,0,0.10134851,0.03631075839781903,0.21828212,0.011574281171657529
43021,3030021,2017-01-12 23:13:49,0,0.02657793,0.01691172796977521,0.15766631,0.007921828850070645
43022,3030022,2017-01-12 23:13:59,0,0.068950005,0.02899675583095555,0.29397514,0.01687510265151614
43023,3030023,2017-01-12 23:14:16,0,0.33312687,0.07900020559504407,0.6401208,0.06446068898837203
43024,3030024,2017-01-12 23:14:36,0,0.4373554,0.09871420449801062,0.25696728,0.014166894942178763
43025,3030025,2017-01-12 23:14:38,0,0.0681809,0.028809911959674927,0.17364368,0.008841119678330298
43026,3030026,2017-01-12 23:14:54,0,0.0501949,0.024182334378039082,0.29183894,0.01671209647286822
43027,3030027,2017-01-12 23:15:09,0,0.281365,0.06974098445342532,0.24075066,0.013052486125853784
43028,3030028,2017-01-12 23:15:13,0,0.05009161,0.024154062969596428,0.2399818,0.013000667714494237
43029,3030029,2017-01-12 23:15:17,0,0.020588016,0.014668992928432946,0.29000625,0.016572931632643246
43030,3030030,2017-01-12 23:15:25,0,0.025839403,0.016647822880538492,0.27460888,0.015427962028097937
43031,3030031,2017-01-12 23:15:30,0,0.06191044,0.027256254433378993,0.24776955,0.013529744223222865
43032,3030032,2017-01-12 23:15:48,0,0.31792387,0.07625947669637229,0.68079305,0.07576602661622858
43033,3030033,2017-01-12 23:16:07,0,0.06338591,0.027626929213906613,0.29488564,0.016944840833053046
43034,3030034,2017-01-12 23:16:14,0,0.42590216,0.09644179635290501,0.3430909,0.020877166761633918
43035,3030035,2017-01-12 23:16:35,0,0.110516965,0.038231452184345385,0.2619832,0.014520131706042516
43036,3030036,2017-01-12 23:16:40,0,0.22483678,0.059720517426875286,0.30847022,0.018004349011239165
43037,3030037,2017-01-12 23:17:09,0,0.04770806,0.023495140354441443,0.3877343,0.025000199438186908
43038,3030038,2017-01-12 23:17:11,0,0.06023215,0.02683055386045125,0.24907751,0.013619529145155766
43039,3030039,2017-01-12 23:17:15,0,0.0058189584,0.0072897163306662694,0.22860765,0.012244451629580735
43040,3030040,2017-01-12 23:17:18,0,0.37651622,0.08697497744215078,0.7999264,0.1301283109587551
43041,3030041,2017-01-12 23:17:18,0,0.1893078,0.0533352214189837,0.543245,0.04477494491739646
43042,3030042,2017-01-12 23:18:03,0,0.07968525,0.03153086781164105,0.22356501,0.01191526326992771
43043,3030043,2017-01-12 23:18:16,0,0.21927916,0.05872965937527373,0.38152963,0.024395823818492375
43044,3030044,2017-01-12 23:18:16,0,0.05667182,0.02591223289697141,0.3485306,0.02135285944734134
43045,3030045,2017-01-12 23:18:24,0,0.09634877,0.035240393253994466,0.27200517,0.015238512831494919
43046,3030046,2017-01-12 23:18:31,0,0.27533227,0.06867159137892713,0.38936394,0.025160735345700673
43047,3030047,2017-01-12 23:18:55,0,0.35177362,0.08239611458057557,0.67442816,0.07383609318048978
43048,3030048,2017-01-12 23:18:59,0,0.015419947,0.012494121518603872,0.3375712,0.020401508110632186
43049,3030049,2017-01-12 23:19:15,0,0.09434573,0.03480656321518412,0.6316896,0.0623903147073201
43050,3030050,2017-01-12 23:19:16,0,0.04575111,0.022944329645128478,0.26863202,0.01499481954558391
43051,3030051,2017-01-12 23:19:19,0,0.17275381,0.05030183439330959,0.3362181,0.020285965146595898
43052,3030052,2017-01-12 23:19:56,0,0.03609474,0.02007343804391817,0.31147882,0.01824393757633792
43053,3030053,2017-01-12 23:19:56,0,0.019825788,0.014364525973644123,0.2972064,0.017123310538422157
43054,3030054,2017-01-12 23:19:58,0,0.08516049,0.03277647043156593,0.2744534,0.015416616071060627
43055,3030055,2017-01-12 23:20:01,0,0.019735312,0.01432805288853711,0.33110726,0.019853256588320545
43056,3030056,2017-01-12 23:20:07,0,0.026158836,0.01676235651556738,0.313446,0.01840158458052342
43057,3030057,2017-01-12 23:20:09,1,0.009591706,0.009606939788759615,0.4048489,0.026724817787633193
43058,3030058,2017-01-12 23:20:14,0,0.09223349,0.03434579320524361,0.28665987,0.016320433732516553
43059,3030059,2017-01-12 23:20:35,0,0.011345726,0.010541846892414681,0.37945026,0.024195667939441175
43060,3030060,2017-01-12 23:20:38,0,0.19700414,0.05473056443533446,0.27876627,0.01573291996489166
43061,3030061,2017-01-12 23:20:43,0,0.05274377,0.024872908135042397,0.31755593,0.018733519519954903
43062,3030062,2017-01-12 23:20:52,0,0.016132418,0.012811009687623337,0.23905635,0.012938414503320592
43063,3030063,2017-01-12 23:21:03,0,0.07115369,0.02952793403913731,0.3627962,0.022634246945956425
43064,3030064,2017-01-12 23:21:08,0,0.0033493983,0.0053747351933181855,0.36050245,0.02242482024926412
43065,3030065,2017-01-12 23:21:15,0,0.30121204,0.07326957774715746,0.6484132,0.0665809982662864
43066,3030066,2017-01-12 23:21:27,0,0.005345043,0.006955826589885552,0.28824547,0.016439815919437165
43067,3030067,2017-01-12 23:21:27,0,0.004927565,0.006650567255955864,0.24881534,0.013601510889055009
43068,3030068,2017-01-12 23:21:28,0,0.0027698025,0.004839922551936964,0.3311691,0.01985845754077306
43069,3030069,2017-01-12 23:21:35,0,0.06535484,0.02811657742744771,0.2916677,0.01669906653679256
43070,3030070,2017-01-12 23:21:38,0,0.061899833,0.02725357801644223,0.21914625,0.011629787332575563
43071,3030071,2017-01-12 23:21:45,0,0.012828344,0.011283261052364688,0.23933414,0.012957087028259488
43072,3030072,2017-01-12 23:21:58,0,0.005617372,0.007149234467741206,0.22205591,0.011817456392883115
43073,3030073,2017-01-12 23:21:59,0,0.35580313,0.08313572411964318,0.27742246,0.015634013386384624
43074,3030074,2017-01-12 23:22:15,0,0.0046476573,0.0064393848273563955,0.26156083,0.014490227885676327
43075,3030075,2017-01-12 23:22:21,0,0.028794205,0.017685619667166537,0.32970858,0.019735847370875314
43076,3030076,2017-01-12 23:22:23,0,0.028090581,0.01744274166075825,0.29344264,0.016834388373252063
43077,3030077,2017-01-12 23:22:32,1,0.017722216,0.013496854391945116,0.36623666,0.022950878039838397
43078,3030078,2017-01-12 23:22:39,0,0.13857716,0.043842022520334194,0.20977663,0.01103345780299301
43079,3030079,2017-01-12 23:23:37,0,0.06992232,0.029231876133126562,0.23755907,0.01283797016304376
43080,3030080,2017-01-12 23:23:45,0,0.035120495,0.019767253412508155,0.38409033,0.024643950607541005
43081,3030081,2017-01-12 23:23:48,0,0.26796573,0.06736693195377522,0.60910773,0.057231122211330865
43082,3030082,2017-01-12 23:24:26,0,0.027935108,0.017388730227665395,0.24163201,0.013111997966920315
43083,3030083,2017-01-12 23:24:42,0,0.025919208,0.016676493352463084,0.24147862,0.01310163192833825
43084,3030084,2017-01-12 23:24:58,0,0.006604725,0.00781765314406209,0.2823863,0.016000959868013004
43085,3030085,2017-01-12 23:25:04,0,0.053799488,0.02515510531724773,0.26794708,0.014945573401921618
43086,3030086,2017-01-12 23:25:07,0,0.07759574,0.031047687506288488,0.24321969,0.01321950272266474
43087,3030087,2017-01-12 23:25:18,0,0.009438024,0.009521552693228472,0.2763293,0.015553791695683133
43088,3030088,2017-01-12 23:25:28,0,0.022108521,0.015262193958689734,0.2548907,0.014021859890977862
43089,3030089,2017-01-12 23:26:00,0,0.009212029,0.009394860744749529,0.19998859,0.010423164179851167
43090,3030090,2017-01-12 23:26:24,0,0.08186031,0.03202913597046462,0.43224585,0.0296759946617119
43091,3030091,2017-01-12 23:26:51,0,0.12528074,0.041227269191377404,0.4087883,0.027134257660604084
43092,3030092,2017-01-12 23:26:58,0,0.02070349,0.014714691335730676,0.40472552,0.02671207152612007
43093,3030093,2017-01-12 23:27:01,0,0.19608934,0.054565139444114855,0.35932618,0.022317935222783847
43094,3030094,2017-01-12 23:27:02,0,0.020946886,0.014810655352012115,0.2582678,0.014258084749375129
43095,3030095,2017-01-12 23:27:17,0,0.09884494,0.03577695452649146,0.57811886,0.05094478595236862
43096,3030096,2017-01-12 23:27:24,0,0.245031,0.06330653098230071,0.57445335,0.05025454970314963
43097,3030097,2017-01-12 23:27:43,0,0.33968508,0.0801898650391999,0.29472572,0.016932580597482906
43098,3030098,2017-01-12 23:27:44,0,0.020975627,0.014821955178174008,0.44361383,0.03097575937851943
43099,3030099,2017-01-12 23:28:00,0,0.022671523,0.015477363659541154,0.28167453,0.015948072423159036
43100,3030100,2017-01-12 23:28:01,0,0.16427311,0.04872713616296973,0.53890276,0.04406449251526877
43101,3030101,2017-01-12 23:28:02,0,0.018706176,0.013907969473995174,0.31627122,0.01862938535804221
43102,3030102,2017-01-12 23:28:41,0,0.05037822,0.02423245330286367,0.30332986,0.017599189821796944
43103,3030103,2017-01-12 23:28:53,0,0.028506394,0.01758657874041419,0.28139466,0.01592730158945417
43104,3030104,2017-01-12 23:29:19,0,0.019488964,0.014228376161830553,0.2707248,0.015145782360488264
43105,3030105,2017-01-12 23:29:26,1,0.07446392,0.030314750260925796,0.41174316,0.027444551552646634
43106,3030106,2017-01-12 23:29:36,0,0.41824692,0.09494064835764512,0.60462135,0.056267678853485895
43107,3030107,2017-01-12 23:29:48,0,0.11594625,0.0393459251001798,0.31331262,0.01839087178788905
43108,3030108,2017-01-12 23:29:51,0,0.09094586,0.03406319541193232,0.36675778,0.02299910212948683
43109,3030109,2017-01-12 23:29:57,0,0.017656807,0.013469178715220282,0.36056358,0.022430383980275942
43110,3030110,2017-01-12 23:30:03,0,0.03516368,0.019780898795691806,0.40387896,0.02662474072273283
43111,3030111,2017-01-12 23:30:24,0,0.11906201,0.039978553357165124,0.20367964,0.010651815181092747
43112,3030112,2017-01-12 23:30:33,0,0.04336376,0.022259456835385535,0.48163876,0.035687626152275824
43113,3030113,2017-01-12 23:30:39,0,0.073791586,0.030155979120874657,0.74041736,0.09769948897780327
43114,3030114,2017-01-12 23:30:43,0,0.1112711,0.038387214648271904,0.21440797,0.011326708944708915
43115,3030115,2017-01-12 23:30:45,0,0.012265256,0.011006364346188256,0.19615474,0.010187542719557742
43116,3030116,2017-01-12 23:30:49,0,0.015324814,0.012451329380356103,0.41176543,0.02744689980152549
43117,3030117,2017-01-12 23:31:00,0,0.06355453,0.027669083783460998,0.28109726,0.01590524564302325
43118,3030118,2017-01-12 23:31:23,0,0.0069534555,0.008042924373380809,0.2645562,0.014702948008220602
43119,3030119,2017-01-12 23:31:24,0,0.113975085,0.03894313268768967,0.3243199,0.019287497616525175
43120,3030120,2017-01-12 23:31:31,0,0.05410485,0.025236327312065574,0.17478575,0.008907953449583986
43121,3030121,2017-01-12 23:31:33,0,0.014631158,0.012135728492145326,0.31356117,0.01841084001479196
43122,3030122,2017-01-12 23:31:45,0,0.1885394,0.05319544159739378,0.27400666,0.015384039224255654
43123,3030123,2017-01-12 23:31:52,0,0.06775709,0.028706623829489252,0.2735491,0.015350709549394229
43124,3030124,2017-01-12 23:32:42,0,0.009705368,0.009669702274172746,0.28410465,0.016129016947382706
43125,3030125,2017-01-12 23:32:50,0,0.009459893,0.009533740856860172,0.32878378,0.019658453411504868
43126,3030126,2017-01-12 23:33:33,0,0.029075857,0.01778213852713237,0.21051359,0.011079926379993136
43127,3030127,2017-01-12 23:33:44,0,0.00939658,0.00949842090911684,0.23844515,0.012897371519635019
43128,3030128,2017-01-12 23:33:48,0,0.02172249,0.015113297371166502,0.34132144,0.02072392120739395
43129,3030129,2017-01-12 23:33:48,0,0.020308759,0.014558019473669104,0.4716522,0.034392105295467386
43130,3030130,2017-01-12 23:33:57,0,0.020740625,0.014729363409431935,0.20408173,0.010676831928985463
43131,3030131,2017-01-12 23:34:01,0,0.0066850604,0.007870008630990844,0.26876166,0.015004149378926855
43132,3030132,2017-01-12 23:34:07,0,0.04259427,0.022035498531691965,0.29285958,0.01678987090153327
43133,3030133,2017-01-12 23:34:13,0,0.010590295,0.010147649162571167,0.2652234,0.014750535480610139
43134,3030134,2017-01-12 23:34:32,0,0.05667762,0.025913746628563144,0.17553253,0.008951738246177433
43135,3030135,2017-01-12 23:34:42,0,0.35922903,0.08376630382199228,0.44852197,0.031551568913568265
43136,3030136,2017-01-12 23:34:45,0,0.007081449,0.008124337133686767,0.16124278,0.008125108754269436
43137,3030137,2017-01-12 23:35:01,0,0.03137564,0.0185560358019908,0.4070329,0.02695121783864203
43138,3030138,2017-01-12 23:35:01,0,0.041537393,0.02172521708433862,0.55420333,0.046621993795091674
43139,3030139,2017-01-12 23:35:15,1,0.050715327,0.024324431898375732,0.8015241,0.13121701453809517
43140,3030140,2017-01-12 23:35:21,0,0.2086783,0.05683275960061244,0.40963662,0.027223059861639094
43141,3030141,2017-01-12 23:35:33,0,0.046515774,0.023160650547859266,0.4401175,0.030571034037109895
43142,3030142,2017-01-12 23:35:35,0,0.06390294,0.027756050691223236,0.29445535,0.016911863921418555
43143,3030143,2017-01-12 23:36:33,0,0.021125216,0.014880661123307319,0.2640887,0.0146696485645281
43144,3030144,2017-01-12 23:36:33,0,0.23344001,0.06125053537557774,0.24372481,0.013253786796227683
43145,3030145,2017-01-12 23:36:55,0,0.112220526,0.038582864000324825,0.6167188,0.05891062387201226
43146,3030146,2017-01-12 23:37:04,0,0.05672317,0.025925631776439702,0.5063381,0.03909000336125758
43147,3030147,2017-01-12 23:37:38,0,0.030156579,0.018148892492964974,0.24439451,0.01329930244153872
43148,3030148,2017-01-12 23:37:47,0,0.02385656,0.015922916672213225,0.71392727,0.08699181618105632
43149,3030149,2017-01-12 23:38:06,0,0.014491228,0.01207127555574252,0.37028843,0.02332767661152097
43150,3030150,2017-01-12 23:38:33,0,0.030343655,0.018211814624033235,0.1994087,0.010387402945014841
43151,3030151,2017-01-12 23:39:14,0,0.018621894,0.013873127993126025,0.22955899,0.012306968345724456
43152,3030152,2017-01-12 23:39:20,0,0.1969497,0.054720724077355336,0.632017,0.062469169777380505
43153,3030153,2017-01-12 23:39:37,0,0.05814031,0.02629359841665782,0.40700692,0.0269485152222088
43154,3030154,2017-01-12 23:39:39,0,0.09031031,0.033923219257877536,0.5856492,0.05239638790844498
43155,3030155,2017-01-12 23:40:02,0,0.06612341,0.0283062164390366,0.42330465,0.028685611209292652
43156,3030156,2017-01-12 23:40:05,0,0.5033055,0.11254109275354009,0.78649807,0.12151019813371648
43157,3030157,2017-01-12 23:40:06,0,0.020479547,0.014625966104542074,0.5752939,0.05041190375378745
43158,3030158,2017-01-12 23:40:09,0,0.015204898,0.012397223517015055,0.20826356,0.010938283140201758
43159,3030159,2017-01-12 23:40:12,0,0.0066668023,0.007858134341832428,0.48030603,0.035512190091631944
43160,3030160,2017-01-12 23:40:14,0,0.015719393,0.012628069795492696,0.41073787,0.027338676067307197
43161,3030161,2017-01-12 23:40:18,0,0.013588769,0.011648855516409616,0.3334422,0.02005022235736297
43162,3030162,2017-01-12 23:40:55,0,0.009726835,0.009681519376469267,0.39390066,0.025611657636507638
43163,3030163,2017-01-12 23:41:05,0,0.020871539,0.01478099945766109,0.43433553,0.029911450259717563
43164,3030164,2017-01-12 23:41:21,1,0.019216016,0.014117297977482235,0.3346032,0.02014860890776279
43165,3030165,2017-01-12 23:41:33,0,0.41878077,0.09504489151555988,0.7686995,0.11137658388685816
43166,3030166,2017-01-12 23:41:44,0,0.028674005,0.017644307500802217,0.24899288,0.013613710994653508
43167,3030167,2017-01-12 23:41:56,0,0.041627735,0.02175186387849572,0.49952623,0.03812202571546202
43168,3030168,2017-01-12 23:42:08,0,0.021797128,0.015142174205213391,0.26536328,0.014760520314280474
43169,3030169,2017-01-12 23:42:11,0,0.2545115,0.06498543563198024,0.57006514,0.04944184565447296
43170,3030170,2017-01-12 23:42:21,0,0.05043312,0.02424744986473793,0.5381604,0.0439442096445125
43171,3030171,2017-01-12 23:43:04,0,0.39528254,0.09051493282845198,0.7535977,0.10374528571357837
43172,3030172,2017-01-12 23:43:06,0,0.038209278,0.02072651789328751,0.59363645,0.05398755848347355
43173,3030173,2017-01-12 23:43:08,0,0.01878804,0.01394174567025492,0.308657,0.018019169312215692
43174,3030174,2017-01-12 23:43:14,0,0.02510908,0.016383678404994093,0.26284826,0.014581473060714218
43175,3030175,2017-01-12 23:43:26,0,0.054125886,0.025241916222924425,0.5965863,0.054589159036842354
43176,3030176,2017-01-12 23:43:27,0,0.015769975,0.012650585730306417,0.4195544,0.028278254908932945
43177,3030177,2017-01-12 23:43:41,0,0.17715278,0.051112733851343906,0.25426063,0.01397799066653823
43178,3030178,2017-01-12 23:44:13,0,0.4586761,0.10303667601038131,0.812899,0.13940238312900483
43179,3030179,2017-01-12 23:44:33,0,0.028387567,0.017545565107670618,0.39432904,0.02565454407628828
43180,3030180,2017-01-12 23:44:45,0,0.07268818,0.029894276883075197,0.24431588,0.01329395460866146
43181,3030181,2017-01-12 23:44:57,0,0.23718008,0.06191450260924909,0.77906704,0.11711484984628738
43182,3030182,2017-01-12 23:45:08,0,0.03489145,0.01969476196941817,0.8314704,0.15465036209066324
43183,3030183,2017-01-12 23:45:10,0,0.071757875,0.029672515009571857,0.40692043,0.02693952247215387
43184,3030184,2017-01-12 23:45:40,0,0.050822712,0.024353680984961816,0.5798007,0.05126502968765118
43185,3030185,2017-01-12 23:45:56,0,0.018646771,0.013883419135356732,0.26285413,0.014581889796891047
43186,3030186,2017-01-12 23:45:57,0,0.027372358,0.017192160024079774,0.23954546,0.012971300095222477
43187,3030187,2017-01-12 23:46:05,0,0.18451388,0.05246164130895291,0.5639619,0.04833547508141435
43188,3030188,2017-01-12 23:46:06,0,0.021460852,0.015011733224890656,0.2282066,0.012218136237874476
43189,3030189,2017-01-12 23:46:10,0,0.006717893,0.007891325100714833,0.41528618,0.027820260876254034
43190,3030190,2017-01-12 23:46:13,0,0.011921957,0.010834797667517394,0.28255856,0.016013773043074837
43191,3030191,2017-01-12 23:46:25,0,0.027175508,0.017122997027704492,0.2835421,0.016087034946365278
43192,3030192,2017-01-12 23:46:33,0,0.017954823,0.01359491747055614,0.34450474,0.02100013778181537
43193,3030193,2017-01-12 23:46:37,0,0.053281914,0.025017027949558877,0.65146214,0.06738260254677077
43194,3030194,2017-01-12 23:46:47,1,0.008799735,0.009160124597949813,0.57058966,0.049538219004989226
43195,3030195,2017-01-12 23:47:04,0,0.12926234,0.04201770503071388,0.28022844,0.015840901426977888
43196,3030196,2017-01-12 23:47:23,0,0.028156191,0.017465496652855295,0.5260514,0.042029295828103067
43197,3030197,2017-01-12 23:47:26,0,0.03914422,0.021010537479552505,0.32481328,0.019328286530489198
43198,3030198,2017-01-12 23:48:04,0,0.16889846,0.04958791778646406,0.8377007,0.16038281343133054
43199,3030199,2017-01-12 23:48:24,0,0.16225095,0.04834925556272117,0.7535725,0.10373323112058536
43200,3030200,2017-01-12 23:48:30,0,0.008069939,0.008732302873626615,0.4831079,0.035881945164371064
43201,3030201,2017-01-12 23:48:33,0,0.23970097,0.062361704737372764,0.3021067,0.01750355110910483
43202,3030202,2017-01-12 23:49:02,0,0.016265593,0.01286955981867938,0.28061008,0.015869149182396774
43203,3030203,2017-01-12 23:49:14,0,0.027111838,0.017100581014169614,0.31823087,0.018788364649293683
43204,3030204,2017-01-12 23:49:20,1,0.007992205,0.00868573925780409,0.37715617,0.02397621194732482
43205,3030205,2017-01-12 23:49:22,0,0.005666382,0.007183592911447426,0.20430532,0.010690752240535069
43206,3030206,2017-01-12 23:49:58,0,0.016898619,0.013145056504899454,0.27846435,0.01571066985130592
43207,3030207,2017-01-12 23:50:11,0,0.09656771,0.03528763425338034,0.7282183,0.0925483594683197
43208,3030208,2017-01-12 23:50:12,0,0.060363047,0.02686391576679388,0.17278509,0.008790975734187077
43209,3030209,2017-01-12 23:50:13,0,0.06851553,0.028891301446338075,0.42381528,0.028741439631188075
43210,3030210,2017-01-12 23:50:30,0,0.0144324815,0.012044134929378827,0.31957015,0.018897477412205446
43211,3030211,2017-01-12 23:50:33,0,0.037676252,0.020563320947688122,0.5959018,0.0544488735623232
43212,3030212,2017-01-12 23:51:12,0,0.0032350637,0.005272739087871166,0.27392343,0.015377973215072088
43213,3030213,2017-01-12 23:51:29,0,0.013214251,0.011469951561407584,0.21016659,0.01105803733189407
43214,3030214,2017-01-12 23:51:31,0,0.025697198,0.016596641196695204,0.3034413,0.017607917265599786
43215,3030215,2017-01-12 23:51:34,0,0.01879399,0.01394419858440107,0.2913182,0.016672490800967135
43216,3030216,2017-01-12 23:51:37,0,0.00756926,0.008428777908537095,0.39652118,0.02587484828064515
43217,3030217,2017-01-12 23:51:44,0,0.0039499104,0.005886633898511371,0.415075,0.02779775420570018
43218,3030218,2017-01-12 23:52:22,0,0.20186394,0.05560759928410796,0.7274094,0.09222065055322554
43219,3030219,2017-01-12 23:52:25,0,0.017114114,0.013237811983315851,0.27715886,0.015614649475533019
43220,3030220,2017-01-12 23:52:33,0,0.020451581,0.014614856923548435,0.34191513,0.020775257826478342
43221,3030221,2017-01-12 23:52:40,0,0.69966364,0.16729981771849972,0.8623052,0.18689459939384276
43222,3030222,2017-01-12 23:52:52,0,0.013672987,0.011688786121283441,0.24214657,0.013146796956376789
43223,3030223,2017-01-12 23:53:02,0,0.0011151003,0.002929940799472385,0.19048886,0.009842766428400415
43224,3030224,2017-01-12 23:53:11,0,0.011708697,0.010727121673643546,0.23473923,0.01264971917885168
43225,3030225,2017-01-12 23:53:25,0,0.0093073705,0.009448474911370526,0.34825352,0.02132846115411447
43226,3030226,2017-01-12 23:53:41,0,0.0055391584,0.007094124129577722,0.3773125,0.023991122609684754
43227,3030227,2017-01-12 23:53:54,0,0.06701347,0.028524813752048468,0.2638492,0.014652604398928862
43228,3030228,2017-01-12 23:53:56,1,0.029286139,0.017853942992463318,0.6177918,0.059152082101684954
43229,3030229,2017-01-12 23:54:03,0,0.019483726,0.014226250976480332,0.27723125,0.015619965940041523
43230,3030230,2017-01-12 23:54:21,0,0.013111519,0.011420489442013236,0.39056388,0.02527942437009953
43231,3030231,2017-01-12 23:54:22,0,0.18258308,0.052108742147725276,0.71790004,0.08848831493908928
43232,3030232,2017-01-12 23:54:22,0,0.11199158,0.038535729835908805,0.6160761,0.058766549952549825
43233,3030233,2017-01-12 23:54:33,0,0.08904577,0.03364372629068266,0.27621174,0.01554517624657304
43234,3030234,2017-01-12 23:54:38,0,0.009174606,0.009373748969534346,0.23059832,0.012375418514051025
43235,3030235,2017-01-12 23:54:39,0,0.014551099,0.012098885978274179,0.24263236,0.013179688263837976
43236,3030236,2017-01-12 23:54:40,0,0.005204976,0.006854638106821766,0.27417886,0.015396592073674904
43237,3030237,2017-01-12 23:54:43,0,0.12024767,0.04021803284044546,0.50280976,0.03858569251496619
43238,3030238,2017-01-12 23:55:10,0,0.0049404954,0.006660191568692567,0.31617945,0.018621960664279923
43239,3030239,2017-01-12 23:55:21,0,0.0016890896,0.003684274470823425,0.15453663,0.007745096388282317
43240,3030240,2017-01-12 23:55:52,0,0.002535953,0.0046100703584264335,0.13788974,0.006822548029765836
43241,3030241,2017-01-12 23:55:55,0,0.069777176,0.029196854287629387,0.73384494,0.09487453740422581
43242,3030242,2017-01-12 23:55:56,0,0.028265988,0.017503526890356946,0.16608325,0.008402504230567194
43243,3030243,2017-01-12 23:56:02,0,0.05758759,0.026150495386283116,0.28745297,0.01638008942246689
43244,3030244,2017-01-12 23:56:12,0,0.036930006,0.020333242038697342,0.39476308,0.0256980520961435
43245,3030245,2017-01-12 23:56:13,0,0.048396185,0.023686679793955518,0.29593638,0.01702551684522273
43246,3030246,2017-01-12 23:56:18,0,0.0133176455,0.011519562223517533,0.28458053,0.016164576139106587
43247,3030247,2017-01-12 23:56:28,0,0.0017532862,0.003760874087615695,0.21766688,0.011534825922068106
43248,3030248,2017-01-12 23:56:35,0,0.0031991058,0.005240328966787414,0.27720517,0.01561805068050927
43249,3030249,2017-01-12 23:56:41,0,0.026097268,0.01674032755055831,0.21000206,0.011047664835848145
43250,3030250,2017-01-12 23:57:13,0,0.008961284,0.009252670023242248,0.44546494,0.03119186705061559
43251,3030251,2017-01-12 23:57:48,0,0.009224175,0.009401704190036289,0.26528382,0.014754847724892118
43252,3030252,2017-01-12 23:57:49,0,0.06272155,0.027460431292600323,0.75439864,0.10413023119738453
43253,3030253,2017-01-12 23:58:01,0,0.015457774,0.012511104423220308,0.30145875,0.01745300508289207
43254,3030254,2017-01-12 23:58:33,0,0.012664192,0.011203102333764977,0.3424762,0.020823847520063114
43255,3030255,2017-01-12 23:58:34,0,0.012486719,0.011115921981173666,0.78107524,0.11827831479815597
43256,3030256,2017-01-12 23:58:50,0,0.075567186,0.03057417797151878,0.4050717,0.02674784678782135
43257,3030257,2017-01-12 23:58:54,0,0.02358441,0.015821446964348753,0.2475977,0.013517967256360893
43258,3030258,2017-01-12 23:58:59,0,0.0111250235,0.01042791145061198,0.24669349,0.013456079874130328
43259,3030259,2017-01-12 23:59:00,0,0.07314634,0.030003115555432332,0.25799495,0.01423893076150624
43260,3030260,2017-01-12 23:59:14,0,0.018361406,0.013765011308576682,0.43135974,0.029576613911092432
43261,3030261,2017-01-12 23:59:26,0,0.00433608,0.0061975005816618575,0.40040493,0.026268647002920142
43262,3030262,2017-01-12 23:59:30,0,0.003553924,0.005553376053189515,0.35345307,0.02178938669114429
43263,3030263,2017-01-12 23:59:38,0,0.0037144173,0.005690353722460116,0.4223041,0.028576472068630218
43264,3030264,2017-01-12 23:59:42,0,0.010332565,0.010010336528348677,0.21259412,0.01121150972271961
43265,3030265,2017-01-12 23:59:53,0,0.043525845,0.022306426030518082,0.2691391,0.015031329471999593
43266,3030266,2017-01-13 00:00:19,0,0.027861351,0.017363062612157604,0.6994501,0.08182597021749376
43267,3030267,2017-01-13 00:00:52,0,0.005974304,0.007396497677081283,0.22552676,0.012042893188778589
43268,3030268,2017-01-13 00:00:54,0,0.04017127,0.021319364150869963,0.27176422,0.015221040318228567
43269,3030269,2017-01-13 00:01:05,0,0.004152916,0.006051668708292442,0.38646707,0.024875886521203025
43270,3030270,2017-01-13 00:01:08,0,0.022300722,0.015335911391016649,0.27734926,0.015628635359043443
43271,3030271,2017-01-13 00:01:09,0,0.0028371152,0.004904454602624604,0.24477547,0.013325225176138262
43272,3030272,2017-01-13 00:01:23,0,0.036000893,0.020044093427117635,0.6898148,0.07861808957437487
43273,3030273,2017-01-13 00:01:41,0,0.008098096,0.00874911990485459,0.2455283,0.01337651734639048
43274,3030274,2017-01-13 00:02:03,0,0.01248827,0.011116686518309764,0.39600652,0.02582299979182384
43275,3030275,2017-01-13 00:02:32,0,0.017004684,0.0131907738025062,0.3201398,0.01894400075043646
43276,3030276,2017-01-13 00:02:43,0,0.022304662,0.01533741950175614,0.3448719,0.02103214858607773
43277,3030277,2017-01-13 00:03:07,0,0.009451697,0.009529174225086076,0.29262775,0.016772187732426065
43278,3030278,2017-01-13 00:03:35,0,0.010644323,0.010176245911154076,0.25458393,0.0140004920513868
43279,3030279,2017-01-13 00:03:41,0,0.0104361195,0.010065687934316354,0.3089121,0.018039423457117818
43280,3030280,2017-01-13 00:04:10,0,0.015796477,0.012662370046407453,0.3814306,0.024386264150816628
43281,3030281,2017-01-13 00:04:11,0,0.0062930267,0.0076117747614272945,0.20364404,0.01064960137812682
43282,3030282,2017-01-13 00:04:24,0,0.00019087996,0.0011058883801613835,0.19995078,0.010420831512915068
43283,3030283,2017-01-13 00:04:36,0,0.029882146,0.018056291396328937,0.3277862,0.019575178458272658
43284,3030284,2017-01-13 00:04:50,0,0.010558083,0.01013056848151817,0.4267749,0.029066751034736434
43285,3030285,2017-01-13 00:04:56,0,0.007205738,0.008202769035238965,0.25052646,0.013719306775571634
43286,3030286,2017-01-13 00:05:07,0,0.0008592563,0.002537469500588756,0.17153355,0.00871803687569408
43287,3030287,2017-01-13 00:05:24,0,0.004841964,0.006586566737270684,0.25961316,0.014352710808930767
43288,3030288,2017-01-13 00:05:26,0,0.008699381,0.009102254984611358,0.3402247,0.020629300870146156
43289,3030289,2017-01-13 00:05:26,0,0.30712315,0.0743247822113126,0.5692036,0.04928400040134674
43290,3030290,2017-01-13 00:05:28,0,0.0037897723,0.005753751789499697,0.3003286,0.017365041683304754
43291,3030291,2017-01-13 00:05:49,0,0.05032783,0.024218684349696096,0.46223247,0.03320921249987071
43292,3030292,2017-01-13 00:06:05,0,0.013560535,0.01163544448041046,0.31181216,0.01827059561820274
43293,3030293,2017-01-13 00:06:09,0,0.046737608,0.023223140684089223,0.5325305,0.04304300988462267
43294,3030294,2017-01-13 00:06:20,0,0.041122098,0.02160242048976981,0.6094672,0.057309156785134464
43295,3030295,2017-01-13 00:06:27,0,0.003399296,0.005418758419749594,0.22492757,0.01200385187923762
43296,3030296,2017-01-13 00:06:33,0,0.0048152884,0.0065665189834495895,0.21110599,0.01111733255595519
43297,3030297,2017-01-13 00:06:34,0,0.014450874,0.012052637408584924,0.23554963,0.012703699127576417
43298,3030298,2017-01-13 00:06:45,0,0.0048184544,0.006568900946921237,0.3865656,0.024885535567389462
43299,3030299,2017-01-13 00:06:53,0,0.008397311,0.008926252916544399,0.4697214,0.03414661420091002
43300,3030300,2017-01-13 00:07:04,0,0.028794222,0.017685625423722585,0.389768,0.02520065617242823
43301,3030301,2017-01-13 00:07:04,0,0.004930016,0.006652392610211651,0.2755041,0.015493373245494711
43302,3030302,2017-01-13 00:07:09,0,0.045060437,0.02274769644699712,0.33573443,0.020244765429780414
43303,3030303,2017-01-13 00:07:43,0,0.0008088559,0.0024542239125719496,0.20093632,0.010481703481878869
43304,3030304,2017-01-13 00:07:45,0,0.011272911,0.01050436572948784,0.42187333,0.028529587898870407
43305,3030305,2017-01-13 00:07:55,0,0.0066621653,0.007855116294871674,0.39200532,0.025422549647065286
43306,3030306,2017-01-13 00:08:21,0,0.051138274,0.024439492261038386,0.48967457,0.036762587447511916
43307,3030307,2017-01-13 00:08:45,0,0.12600727,0.04137201051481608,0.27252343,0.015276128430168552
43308,3030308,2017-01-13 00:08:52,0,0.00059900637,0.0020793386716886947,0.18657082,0.009606706052416604
43309,3030309,2017-01-13 00:09:08,0,0.0076584527,0.008483487961475265,0.2529348,0.013885889660113384
43310,3030310,2017-01-13 00:09:16,0,0.008651761,0.009074691581952012,0.23031051,0.012356448064219242
43311,3030311,2017-01-13 00:09:22,0,0.0019570831,0.003996069824535266,0.1752923,0.008937645782974863
43312,3030312,2017-01-13 00:09:58,0,0.014043006,0.011862961271645225,0.20936257,0.011007382041887379
43313,3030313,2017-01-13 00:10:00,0,0.0031806326,0.005223614914572501,0.1818588,0.009325312822013127
43314,3030314,2017-01-13 00:10:37,0,0.008119604,0.008761948389323886,0.17908904,0.009161165946733383
43315,3030315,2017-01-13 00:10:47,0,0.004088691,0.0059998550760532576,0.24985579,0.013673081499504925
43316,3030316,2017-01-13 00:11:06,0,0.56242466,0.12635205284923923,0.83060443,0.1538802410858488
43317,3030317,2017-01-13 00:11:25,0,0.46775335,0.10491670284566537,0.90377355,0.2530564588803122
43318,3030318,2017-01-13 00:11:33,0,0.0010089254,0.002772565336040433,0.35597435,0.02201524793694413
43319,3030319,2017-01-13 00:11:35,0,0.01072254,0.010217532534802124,0.2777094,0.01565510543755464
43320,3030320,2017-01-13 00:11:47,0,0.06290154,0.02750560463308029,0.327269,0.019532087583627265
43321,3030321,2017-01-13 00:11:55,0,0.019238874,0.014126626429575304,0.30106544,0.017422364491466783
43322,3030322,2017-01-13 00:12:00,0,0.03446226,0.01955839368732537,0.17887445,0.009148486834359792
43323,3030323,2017-01-13 00:12:00,0,0.0046672374,0.006454339282708623,0.2580032,0.014239510119200475
43324,3030324,2017-01-13 00:12:00,0,0.49561223,0.11085333054332844,0.90700746,0.25994818449326074
43325,3030325,2017-01-13 00:12:13,0,0.04587529,0.0229795569603817,0.33679926,0.020335541144704733
43326,3030326,2017-01-13 00:12:18,0,0.0012370723,0.003102643828465272,0.2364734,0.012765350223789013
43327,3030327,2017-01-13 00:12:27,0,0.03344383,0.01923195775615526,0.48177934,0.03570617783838161
43328,3030328,2017-01-13 00:12:50,0,0.24537438,0.06336737231247962,0.52130735,0.04130242627852137
43329,3030329,2017-01-13 00:13:01,0,0.41300437,0.09392036641979731,0.7135765,0.08686138639754826
43330,3030330,2017-01-13 00:13:26,0,0.027364708,0.017189476185040315,0.27538192,0.015484437048550206
43331,3030331,2017-01-13 00:13:50,0,0.13897248,0.043918728999071927,0.6176697,0.059124551357336415
43332,3030332,2017-01-13 00:14:13,0,0.004153947,0.006052497513589513,0.19944303,0.010389518952830358
43333,3030333,2017-01-13 00:14:19,0,0.019214215,0.01411656271696167,0.27330253,0.01533276271282357
43334,3030334,2017-01-13 00:14:23,0,0.0009271195,0.002646171759385497,0.2075656,0.010894484153837931
43335,3030335,2017-01-13 00:14:42,0,0.542017,0.12140075071362053,0.5052038,0.038927178519977075
43336,3030336,2017-01-13 00:14:46,0,0.007106801,0.00814038479233508,0.20328319,0.010627170688128924
43337,3030337,2017-01-13 00:14:56,0,0.011195902,0.010464609439259302,0.28193176,0.01596717472178758
43338,3030338,2017-01-13 00:15:04,0,0.021701979,0.015105354197654018,0.4113797,0.027406234753828248
43339,3030339,2017-01-13 00:15:11,0,0.007839338,0.00859357852207651,0.3143412,0.01847358758392648
43340,3030340,2017-01-13 00:15:11,0,0.012362301,0.01105447908880934,0.18225661,0.00934896505888842
43341,3030341,2017-01-13 00:15:17,0,0.0113022225,0.010519466402109096,0.4107205,0.027336848998340962
43342,3030342,2017-01-13 00:15:56,0,0.03204829,0.018777854081463725,0.16488503,0.008333591384522847
43343,3030343,2017-01-13 00:16:14,0,0.0067070234,0.007884273234728229,0.37288684,0.02357157599090512
43344,3030344,2017-01-13 00:16:20,0,0.0046629026,0.0064510309396988786,0.28356817,0.016088979760632862
43345,3030345,2017-01-13 00:16:33,0,0.025151756,0.016399202387748692,0.28273132,0.016026629281318993
43346,3030346,2017-01-13 00:16:36,0,0.013717518,0.011709856331431926,0.6286826,0.0616717644405089
43347,3030347,2017-01-13 00:16:42,0,0.00743854,0.00834807457390397,0.2418229,0.013124902646577395
43348,3030348,2017-01-13 00:16:53,0,0.020453379,0.014615571144713528,0.3094197,0.01807976245866575
43349,3030349,2017-01-13 00:17:19,0,0.04418993,0.022498137066697416,0.36946103,0.023250384722642327
43350,3030350,2017-01-13 00:17:21,0,0.003999205,0.005927050587814989,0.26987863,0.015084652903668722
43351,3030351,2017-01-13 00:17:21,0,0.00993815,0.009797232990466307,0.2321421,0.012477385382895084
43352,3030352,2017-01-13 00:17:56,0,0.013473763,0.011594151058768674,0.26812553,0.014958396315708916
43353,3030353,2017-01-13 00:18:02,0,0.033528432,0.019259230677333913,0.33451158,0.02014083431416763
43354,3030354,2017-01-13 00:18:13,0,0.0654619,0.028143042452407903,0.23237005,0.01249247069877659
43355,3030355,2017-01-13 00:18:21,0,0.026806856,0.01699289805993318,0.67586607,0.07426636674811654
43356,3030356,2017-01-13 00:18:22,0,0.0026773799,0.0047501610173895925,0.21524645,0.011380115107073981
43357,3030357,2017-01-13 00:18:33,0,0.008074833,0.00873522782409584,0.41975245,0.02829964943320913
43358,3030358,2017-01-13 00:18:38,0,0.0027929738,0.0048622151932384144,0.23124522,0.01241810366361051
43359,3030359,2017-01-13 00:18:39,0,0.0024709066,0.004544464483462222,0.23691654,0.012794970640287642
43360,3030360,2017-01-13 00:18:42,0,0.0016447282,0.0036305768488875995,0.16514534,0.008348548625062516
43361,3030361,2017-01-13 00:18:48,0,0.01830189,0.013740215255870356,0.19444512,0.010083080820400638
43362,3030362,2017-01-13 00:19:00,0,0.016358087,0.012910101294631984,0.20346268,0.010638325532059111
43363,3030363,2017-01-13 00:19:25,0,0.0033263918,0.005354338381227004,0.29378155,0.016860294578702428
43364,3030364,2017-01-13 00:19:32,0,0.057324268,0.026082134755983016,0.21507353,0.011369092802920372
43365,3030365,2017-01-13 00:20:04,0,0.006593703,0.007810447766113489,0.15145536,0.007572133671391967
43366,3030366,2017-01-13 00:20:04,0,0.14418048,0.04492426613965281,0.28391612,0.016114940933019788
43367,3030367,2017-01-13 00:20:25,0,0.032820135,0.01903000468797017,0.74272746,0.09872132449451976
43368,3030368,2017-01-13 00:20:38,0,0.6436501,0.1486108595971815,0.7143337,0.08714328807902903
43369,3030369,2017-01-13 00:20:44,0,0.007744492,0.008535995839234315,0.27947867,0.015785483129785425
43370,3030370,2017-01-13 00:20:45,0,0.11441044,0.03903226920305196,0.28355488,0.01608798844562473
43371,3030371,2017-01-13 00:20:59,0,0.18510571,0.05256968748461254,0.7259317,0.0916262248194536
43372,3030372,2017-01-13 00:21:03,0,0.016469473,0.012958791428440508,0.23870146,0.012914576528211114
43373,3030373,2017-01-13 00:21:26,0,0.0558129,0.025687412643895388,0.33311102,0.020022210729709566
43374,3030374,2017-01-13 00:21:28,0,0.010457435,0.010077051006284915,0.23564944,0.012710354028873305
43375,3030375,2017-01-13 00:22:00,0,0.002871415,0.004937073525458923,0.23962182,0.012976436988156552
43376,3030376,2017-01-13 00:22:02,0,0.013229847,0.011477445678012746,0.19803558,0.010302898805690993
43377,3030377,2017-01-13 00:22:14,0,0.015432759,0.012499875815742396,0.23779927,0.012854061470113799
43378,3030378,2017-01-13 00:22:53,0,0.003901312,0.0058465661814264165,0.4661157,0.03369237924354254
43379,3030379,2017-01-13 00:23:05,0,0.7646644,0.19450990051178374,0.82661074,0.15040813226883365
43380,3030380,2017-01-13 00:23:13,0,0.0035463907,0.005546879242507663,0.41452023,0.0277386973397949
43381,3030381,2017-01-13 00:23:18,0,0.05720642,0.026051501044127408,0.38409287,0.02464419697053666
43382,3030382,2017-01-13 00:23:54,0,0.033992153,0.01940821551898916,0.30323842,0.017592030424865922
43383,3030383,2017-01-13 00:23:56,0,0.02916489,0.017812566923634383,0.26116773,0.014462422722912977
43384,3030384,2017-01-13 00:24:11,0,0.06662598,0.028429779927227092,0.6109335,0.05762876018530907
43385,3030385,2017-01-13 00:24:12,0,0.0047075795,0.006485062671221354,0.36203727,0.022564808166074948
43386,3030386,2017-01-13 00:24:19,0,0.045911193,0.022989735284956736,0.6684202,0.07207322287560504
43387,3030387,2017-01-13 00:24:20,0,0.023744747,0.0158812879623496,0.33203757,0.01993158826812042
43388,3030388,2017-01-13 00:24:42,0,0.050807483,0.024349534461560237,0.28169233,0.015949393332206106
43389,3030389,2017-01-13 00:24:57,0,0.047641877,0.023476660622481136,0.438607,0.030397562617414428
43390,3030390,2017-01-13 00:25:09,0,0.06495616,0.028017879749886922,0.26185575,0.014511105955641503
43391,3030391,2017-01-13 00:25:16,0,0.006785136,0.007934838581820048,0.29176784,0.01670668518510649
43392,3030392,2017-01-13 00:25:28,0,0.010147424,0.009910761321313402,0.31791496,0.01876268237474062
43393,3030393,2017-01-13 00:25:32,0,0.018159606,0.013680794736483901,0.42709827,0.029102476691250063
43394,3030394,2017-01-13 00:25:34,1,0.038974017,0.02095904036729587,0.2898383,0.01656021078979188
43395,3030395,2017-01-13 00:25:44,0,0.031412035,0.018568088600042106,0.30617738,0.017822980726377245
43396,3030396,2017-01-13 00:25:55,0,0.0025380708,0.004612193638970389,0.21422656,0.011315167277860139
43397,3030397,2017-01-13 00:26:05,0,0.023868212,0.015927250259622664,0.21745576,0.011521298997772957
43398,3030398,2017-01-13 00:26:08,0,0.06481675,0.027983314647693103,0.22043958,0.01171305805177757
43399,3030399,2017-01-13 00:26:17,0,0.0042816754,0.006154477394469675,0.30091953,0.017411004692854896
43400,3030400,2017-01-13 00:26:19,0,0.0029641208,0.005024372622101474,0.28789413,0.01641332315401377
43401,3030401,2017-01-13 00:26:23,0,0.0157267,0.012631324436840988,0.17884767,0.009146905083280065
43402,3030402,2017-01-13 00:26:33,0,0.058330815,0.026342800386094076,0.2752687,0.015476159234874408
43403,3030403,2017-01-13 00:26:50,0,0.044482578,0.022582252215319773,0.20307513,0.0106142449005417
43404,3030404,2017-01-13 00:27:07,0,0.014839392,0.012231146010628843,0.2572281,0.014185161772783108
43405,3030405,2017-01-13 00:27:30,0,0.050506406,0.024267456994643555,0.28459406,0.016165587755131713
43406,3030406,2017-01-13 00:27:59,0,0.0030316086,0.005087156967468504,0.32298422,0.01917733479875223
43407,3030407,2017-01-13 00:28:12,0,0.0146150105,0.012128304706393759,0.22706494,0.01214335212235836
43408,3030408,2017-01-13 00:28:20,0,0.039724197,0.021185332653891217,0.73092496,0.09365705350606911
43409,3030409,2017-01-13 00:29:09,1,0.03493583,0.01970882308207198,0.580721,0.05144121820194329
43410,3030410,2017-01-13 00:29:33,0,0.03930813,0.02106004343850264,0.23228246,0.012486673132697803
43411,3030411,2017-01-13 00:29:55,0,0.12283915,0.04073913290144674,0.68336064,0.07656346746359785
43412,3030412,2017-01-13 00:30:07,0,0.0131449355,0.01143659711083401,0.2285521,0.012240805150281085
43413,3030413,2017-01-13 00:30:08,0,0.0140407095,0.011861886449183118,0.36343172,0.02269250887908075
43414,3030414,2017-01-13 00:30:10,0,0.0013994657,0.0033211271716933567,0.23691659,0.012794973629813874
43415,3030415,2017-01-13 00:30:20,0,0.029407727,0.01789536243382705,0.44414973,0.031038192546932075
43416,3030416,2017-01-13 00:30:32,0,0.0033282738,0.005356009245849954,0.36783442,0.023098954843744496
43417,3030417,2017-01-13 00:31:04,0,0.006204714,0.007552622106082178,0.24399367,0.013272051359186039
43418,3030418,2017-01-13 00:31:04,0,0.010644654,0.01017642070904652,0.23198687,0.012467115939408588
43419,3030419,2017-01-13 00:31:14,0,0.0054801553,0.007052319714113001,0.31630716,0.018632293979534004
43420,3030420,2017-01-13 00:31:16,0,0.00809081,0.008744770875413558,0.34192857,0.02077642100071753
43421,3030421,2017-01-13 00:31:16,0,0.015627004,0.012586862146853235,0.29549253,0.016991412671377645
43422,3030422,2017-01-13 00:31:43,0,0.0041605704,0.006057820038206907,0.23960465,0.012975282012313885
43423,3030423,2017-01-13 00:31:52,0,0.0062263208,0.007567128972293264,0.2855717,0.016238770841084625
43424,3030424,2017-01-13 00:31:58,0,0.011134528,0.010432838301872813,0.25319755,0.013904118919239742
43425,3030425,2017-01-13 00:32:03,0,0.016373485,0.012916841009706125,0.25031945,0.013705031449363298
43426,3030426,2017-01-13 00:32:35,0,0.001567523,0.003535548158956992,0.17836705,0.009118529117385187
43427,3030427,2017-01-13 00:32:39,0,0.013571989,0.011640886282383705,0.3206724,0.018987560486318607
43428,3030428,2017-01-13 00:32:41,0,0.059132725,0.026549242977257956,0.4077326,0.0270240627348337
43429,3030429,2017-01-13 00:32:54,0,0.06109979,0.027051184019895952,0.26088268,0.014442275240104756
43430,3030430,2017-01-13 00:33:04,0,0.038132764,0.02070314921097362,0.66717637,0.07171513774242183
43431,3030431,2017-01-13 00:33:04,0,0.06692502,0.028503138071610198,0.37039605,0.023337742760541607
43432,3030432,2017-01-13 00:33:56,0,0.0038471608,0.005801656482713567,0.1742868,0.00887873609530792
43433,3030433,2017-01-13 00:33:59,0,0.05233945,0.024764250105974328,0.33366066,0.020068711870589343
43434,3030434,2017-01-13 00:34:00,0,0.012331895,0.011039421524489454,0.2811898,0.015912106725265333
43435,3030435,2017-01-13 00:34:22,0,0.017187588,0.013269321015336816,0.29958433,0.017307246193845688
43436,3030436,2017-01-13 00:34:23,0,0.007193791,0.008195256253124136,0.24720992,0.013491410784664449
43437,3030437,2017-01-13 00:34:34,0,0.009324454,0.009458055728541817,0.2541952,0.01397343975210481
43438,3030438,2017-01-13 00:34:37,0,0.0049695773,0.0066817965627952785,0.23574683,0.01271684940934735
43439,3030439,2017-01-13 00:34:46,0,0.024304051,0.01608869302076535,0.18999608,0.009812971419926408
43440,3030440,2017-01-13 00:35:16,0,0.010573551,0.010138773417001791,0.16248725,0.008196175123184893
43441,3030441,2017-01-13 00:35:21,0,0.046675645,0.02320569779305521,0.3961716,0.02583962159288014
43442,3030442,2017-01-13 00:35:33,0,0.066055894,0.02828959002212947,0.7175235,0.08834494430319868
43443,3030443,2017-01-13 00:35:43,0,0.2739835,0.06843263628317518,0.66292363,0.07050811820603323
43444,3030444,2017-01-13 00:35:50,0,0.02161068,0.015069958763481986,0.2875226,0.01638533376191285
43445,3030445,2017-01-13 00:35:52,0,0.052503984,0.024808506953073177,0.6666031,0.0715508756502691
43446,3030446,2017-01-13 00:36:10,0,0.13170977,0.04250029532297948,0.26210254,0.014528587877705593
43447,3030447,2017-01-13 00:36:12,0,0.0038407429,0.005796315085658134,0.1643604,0.008303469848444598
43448,3030448,2017-01-13 00:36:12,0,0.004120793,0.006025798800404989,0.16970026,0.008611521634968273
43449,3030449,2017-01-13 00:36:17,0,0.0329467,0.0190711141195939,0.27662092,0.015575171566042613
43450,3030450,2017-01-13 00:36:20,0,0.08382095,0.03247435310005373,0.26328698,0.014612629875417386
43451,3030451,2017-01-13 00:36:23,0,0.110565975,0.03824158465605031,0.69969404,0.08190948219875671
43452,3030452,2017-01-13 00:36:41,0,0.00825579,0.00884282926060633,0.24668041,0.013455185343007593
43453,3030453,2017-01-13 00:37:03,0,0.049245194,0.023921522585240256,0.17029439,0.00864599803436568
43454,3030454,2017-01-13 00:37:08,0,0.050531544,0.02427431732492129,0.40176588,0.02640771151241776
43455,3030455,2017-01-13 00:37:17,0,0.027904868,0.017378210088788808,0.34179848,0.020765164981952383
43456,3030456,2017-01-13 00:37:35,0,0.014598492,0.012120706359914331,0.26533982,0.014758845662163417
43457,3030457,2017-01-13 00:37:46,0,0.0043795058,0.006231668614258837,0.11032993,0.005355715192309342
43458,3030458,2017-01-13 00:38:15,0,0.003071345,0.005123831039530777,0.7036658,0.08328563112392262
43459,3030459,2017-01-13 00:38:19,0,0.052331448,0.02476209635281411,0.27386984,0.015374068846818993
43460,3030460,2017-01-13 00:38:25,0,0.0699393,0.029235971455111334,0.20732442,0.010879363864303134
43461,3030461,2017-01-13 00:38:40,0,0.009203107,0.00938983095857243,0.31553194,0.01856961779086925
43462,3030462,2017-01-13 00:38:46,1,0.007833117,0.008589811021415508,0.42105955,0.028441184368598306
43463,3030463,2017-01-13 00:38:49,0,0.07049153,0.029368964849832032,0.30585238,0.017797357827430645
43464,3030464,2017-01-13 00:38:49,0,0.0628309,0.027487881790235903,0.19204165,0.009936851898114466
43465,3030465,2017-01-13 00:38:57,0,0.12045799,0.04026044294225248,0.72333425,0.09059447065630566
43466,3030466,2017-01-13 00:39:17,0,0.030050304,0.018113074534573934,0.3477209,0.02128161055627507
43467,3030467,2017-01-13 00:39:19,0,0.004069119,0.0059839932377966434,0.33163282,0.019897485340721773
43468,3030468,2017-01-13 00:40:12,0,0.0061175777,0.007493888180761936,0.27986154,0.01581377009696313
43469,3030469,2017-01-13 00:40:14,0,0.04858008,0.023737684029614174,0.3496431,0.02145100943019637
43470,3030470,2017-01-13 00:40:15,0,0.017164944,0.01325961639499746,0.22067893,0.011728493850175622
43471,3030471,2017-01-13 00:40:18,0,0.050676268,0.02431378697841063,0.24064739,0.01304552114784228
43472,3030472,2017-01-13 00:40:34,0,0.090318985,0.03392513153107848,0.276381,0.01555757933159963
43473,3030473,2017-01-13 00:40:42,0,0.01192303,0.010835337216100869,0.24495623,0.013337532303698304
43474,3030474,2017-01-13 00:41:07,0,0.0912954,0.03414003978494051,0.20846823,0.010951139092360628
43475,3030475,2017-01-13 00:41:13,0,0.029495941,0.017925368142936007,0.43103796,0.029540593381487013
43476,3030476,2017-01-13 00:41:16,0,0.0015617633,0.0035283755668919984,0.20872942,0.010967553470819754
43477,3030477,2017-01-13 00:41:34,0,0.0010179495,0.002786221524221743,0.13249902,0.006529894555343973
43478,3030478,2017-01-13 00:41:41,0,0.0716157,0.029638533106155808,0.25391495,0.013953950146262025
43479,3030479,2017-01-13 00:41:44,0,0.076160386,0.030713106609454695,0.39339858,0.025561460839352467
43480,3030480,2017-01-13 00:41:53,0,0.01529091,0.012436050866171354,0.37652558,0.023916138878533128
43481,3030481,2017-01-13 00:42:07,0,0.13266067,0.04268715031283947,0.2871168,0.01635478911469223
43482,3030482,2017-01-13 00:42:09,0,0.008016744,0.008700459806266596,0.36915216,0.02322157729083864
43483,3030483,2017-01-13 00:42:20,0,0.0069515756,0.008041723693215557,0.4048422,0.02672412493599253
43484,3030484,2017-01-13 00:42:29,0,0.024687193,0.01622959834511398,0.27929354,0.015771814705414142
43485,3030485,2017-01-13 00:42:35,0,0.016281623,0.0128765932035196,0.23537715,0.012692202119254412
43486,3030486,2017-01-13 00:43:26,0,0.036745705,0.020276125982786646,0.291227,0.016665559985344205
43487,3030487,2017-01-13 00:44:27,0,0.004588725,0.006394204075973131,0.23261648,0.012508788474635242
43488,3030488,2017-01-13 00:44:31,0,0.40022197,0.0914576306115948,0.6535744,0.06794511788721927
43489,3030489,2017-01-13 00:44:34,0,0.0057921954,0.007271192167223933,0.30174765,0.01747553167040709
43490,3030490,2017-01-13 00:44:42,0,0.014282423,0.011974588518718578,0.29031003,0.016595955350758994
43491,3030491,2017-01-13 00:44:58,0,0.12279868,0.04073101884208876,0.4932456,0.037249955399421344
43492,3030492,2017-01-13 00:45:19,0,0.032283615,0.018854997360757818,0.2750515,0.015460285365853737
43493,3030493,2017-01-13 00:45:26,0,0.012718822,0.011229829613874953,0.23132536,0.01242339577801317
43494,3030494,2017-01-13 00:45:36,0,0.0894978,0.03374378654184383,0.26681203,0.014864141339451704
43495,3030495,2017-01-13 00:45:49,0,0.01692359,0.013155830870743722,0.23225412,0.012484797402039704
43496,3030496,2017-01-13 00:46:24,0,0.017107802,0.013235102144478088,0.49468774,0.03744850107179606
43497,3030497,2017-01-13 00:46:56,0,0.101417646,0.036325438996513075,0.29539043,0.01698357261836073
43498,3030498,2017-01-13 00:47:01,0,0.0032347098,0.0052724208918068045,0.28183615,0.015960073323475973
43499,3030499,2017-01-13 00:47:06,0,0.0060877646,0.007473707275969128,0.25053546,0.013719927596135313
43500,3030500,2017-01-13 00:47:11,0,0.017968658,0.013600732935095007,0.18080805,0.00926293289888427
43501,3030501,2017-01-13 00:47:33,0,0.014793529,0.01221018118079461,0.3552147,0.02194703218984643
43502,3030502,2017-01-13 00:47:55,0,0.723083,0.17627215995968187,0.5401751,0.044271435686661205
43503,3030503,2017-01-13 00:48:19,0,0.020445019,0.014612249231323243,0.25783455,0.01422767628204606
43504,3030504,2017-01-13 00:48:32,0,0.06536695,0.028119573025456285,0.32978565,0.019742305536880594
43505,3030505,2017-01-13 00:48:46,0,0.016689204,0.013054423256970182,0.19847998,0.010330221234712004
43506,3030506,2017-01-13 00:48:51,0,0.29169354,0.07157489762527883,0.32197496,0.019094346982060778
43507,3030507,2017-01-13 00:48:53,0,0.0065849475,0.0078047204287303735,0.28389,0.0161129922494353
43508,3030508,2017-01-13 00:49:47,0,0.017976502,0.013604028910810428,0.28114665,0.01590890690542552
43509,3030509,2017-01-13 00:50:04,0,0.0057989433,0.007275866366676592,0.2642981,0.01468456053766339
43510,3030510,2017-01-13 00:50:18,0,0.012149699,0.010948852797061835,0.23833491,0.012889974852550624
43511,3030511,2017-01-13 00:50:41,0,0.00943076,0.009517501391277843,0.31652957,0.018650299144614815
43512,3030512,2017-01-13 00:50:46,0,0.030033711,0.01810747757749763,0.25609162,0.014105650923556782
43513,3030513,2017-01-13 00:50:59,0,0.0035775749,0.005573733115272903,0.22526579,0.012025882312365807
43514,3030514,2017-01-13 00:51:07,0,0.012491687,0.011118370096473746,0.24214806,0.013146897791439079
43515,3030515,2017-01-13 00:51:13,0,0.033289667,0.01918218620318339,0.3365947,0.020318082585043175
43516,3030516,2017-01-13 00:51:23,0,0.0044467878,0.006284309281352958,0.1787645,0.009141993135369324
43517,3030517,2017-01-13 00:51:24,0,0.024648227,0.016215310733804705,0.32702774,0.019512008317645636
43518,3030518,2017-01-13 00:51:29,0,0.008686766,0.009094959757880187,0.19140692,0.00989835622532145
43519,3030519,2017-01-13 00:51:36,0,0.0295984,0.017960171412945147,0.21290548,0.01123125247187049
43520,3030520,2017-01-13 00:52:21,0,0.014391396,0.012025125067515265,0.2268617,0.012130059022613958
43521,3030521,2017-01-13 00:52:21,0,0.022466738,0.015399366500960255,0.29485837,0.016942749898192316
43522,3030522,2017-01-13 00:53:05,0,0.02923886,0.017837817489727233,0.26661435,0.014849981587521946
43523,3030523,2017-01-13 00:53:34,0,0.020677453,0.014704396602299908,0.25859904,0.01428135580128532
43524,3030524,2017-01-13 00:53:37,0,0.421182,0.09551458336421757,0.40573436,0.026816429470991686
43525,3030525,2017-01-13 00:53:44,0,0.14754425,0.045568996748272264,0.29799613,0.01718427662772758
43526,3030526,2017-01-13 00:53:45,0,0.022763405,0.015512261046522771,0.18240035,0.009357515660073343
43527,3030527,2017-01-13 00:53:53,0,0.012060612,0.010904350549192627,0.27352646,0.015349060619619374
43528,3030528,2017-01-13 00:54:05,0,0.012106225,0.010927153779648945,0.32780886,0.019577066798418415
43529,3030529,2017-01-13 00:54:22,0,0.005381101,0.0069816836183228355,0.20210284,0.010553918244501699
43530,3030530,2017-01-13 00:54:44,0,0.023908773,0.015942327645152042,0.31122458,0.018223620190737536
43531,3030531,2017-01-13 00:54:54,0,0.038627688,0.02085397066286437,0.27240002,0.01526716698456453
43532,3030532,2017-01-13 00:54:55,0,0.025912281,0.016674006207297965,0.3033633,0.01760180849896981
43533,3030533,2017-01-13 00:55:06,0,0.047201384,0.023353405615690274,0.2189505,0.0116172040760263
43534,3030534,2017-01-13 00:55:31,0,0.026731616,0.016966252768724103,0.17487888,0.008913410295517267
43535,3030535,2017-01-13 00:55:32,0,0.0030577527,0.0051113103686789025,0.20328096,0.010627031800270682
43536,3030536,2017-01-13 00:55:36,0,0.043904997,0.022416024302952878,0.26837036,0.014975997026382129
43537,3030537,2017-01-13 00:55:50,0,0.0019592843,0.003998548488047911,0.21064234,0.011088051858179843
43538,3030538,2017-01-13 00:56:01,0,0.003748208,0.005718853264761655,0.18579698,0.009560306852589986
43539,3030539,2017-01-13 00:56:13,0,0.0073185717,0.008273451971889619,0.12640154,0.006202319489391402
43540,3030540,2017-01-13 00:56:15,0,0.013712946,0.01170769451001742,0.19365697,0.010035048354086041
43541,3030541,2017-01-13 00:56:19,0,0.04306778,0.022173503353303446,0.28594276,0.016266593687747626
43542,3030542,2017-01-13 00:56:42,0,0.019336069,0.014166237919831353,0.17795427,0.009094180736119749
43543,3030543,2017-01-13 00:56:51,0,0.029715935,0.018000033501556864,0.34177077,0.020762767297866743
43544,3030544,2017-01-13 00:56:53,0,0.0176568,0.013469175560199309,0.35399157,0.021837496111624593
43545,3030545,2017-01-13 00:57:01,1,0.2689907,0.06754840285151661,0.3050265,0.017732338691638615
43546,3030546,2017-01-13 00:57:35,0,0.031654097,0.018648100941166756,0.7245958,0.0910935075090049
43547,3030547,2017-01-13 00:57:46,0,0.03189836,0.018728582327194862,0.3035285,0.017614748735171527
43548,3030548,2017-01-13 00:57:56,0,0.017864402,0.013556863813795039,0.37295362,0.02357786845258045
43549,3030549,2017-01-13 00:58:16,0,0.04293787,0.0221357026882557,0.30643567,0.01784336008881408
43550,3030550,2017-01-13 00:58:30,0,0.06446907,0.027896988734475447,0.2484669,0.013577579779800413
43551,3030551,2017-01-13 00:58:49,0,0.014555429,0.01210088076309936,0.561798,0.047949719941458704
43552,3030552,2017-01-13 00:58:53,0,0.004037608,0.0059583831153564295,0.20662333,0.010835456826094315
43553,3030553,2017-01-13 00:59:08,0,0.006260509,0.007590037491089624,0.2811994,0.015912818332823854
43554,3030554,2017-01-13 00:59:20,0,0.11377694,0.03890252934030646,0.33320546,0.020030196077460514
43555,3030555,2017-01-13 00:59:26,0,0.03709121,0.020383104268889687,0.37138614,0.023430496160438328
43556,3030556,2017-01-13 00:59:43,0,0.06343175,0.02763839213901647,0.23011974,0.01234387948812883
43557,3030557,2017-01-13 00:59:59,0,0.0208432,0.014769833941822425,0.22566697,0.012052035939838298
43558,3030558,2017-01-13 01:00:09,0,0.0042768195,0.006150625477355019,0.24032412,0.013023728168101054
43559,3030559,2017-01-13 01:00:21,0,0.0375344,0.020519730987857997,0.30513924,0.017741206572260068
43560,3030560,2017-01-13 01:00:48,0,0.007126576,0.008152884416511854,0.25687152,0.014160191674693158
43561,3030561,2017-01-13 01:00:57,0,0.0026340154,0.004707566764773588,0.24967808,0.013660844889494728
43562,3030562,2017-01-13 01:01:24,0,0.044162486,0.0224902373791947,0.22385092,0.01193382995224059
43563,3030563,2017-01-13 01:01:59,0,0.0064624855,0.007724252914593793,0.38076496,0.02432208044881694
43564,3030564,2017-01-13 01:02:09,0,0.02060999,0.014677697353329034,0.25994408,0.014376031920887652
43565,3030565,2017-01-13 01:02:15,0,0.00960977,0.00961693632515381,0.12962572,0.006375081833724711
43566,3030566,2017-01-13 01:02:17,0,0.71263605,0.17217005604535968,0.70766646,0.0847041023706743
43567,3030567,2017-01-13 01:02:20,0,0.005951949,0.007381208277134374,0.1896871,0.009794305338606112
43568,3030568,2017-01-13 01:02:37,0,0.056952808,0.025985495567403486,0.45069072,0.03180889862404162
43569,3030569,2017-01-13 01:02:53,0,0.06142999,0.02713483777259595,0.6954437,0.08047095893507439
43570,3030570,2017-01-13 01:02:54,0,0.0194105,0.014196514031803248,0.32044098,0.018968626305714602
43571,3030571,2017-01-13 01:03:07,1,0.27587003,0.06876687513238491,0.30618992,0.017823970348449125
43572,3030572,2017-01-13 01:03:32,0,0.04014148,0.02131045175603211,0.27142933,0.015196772662463017
43573,3030573,2017-01-13 01:03:33,0,0.009706639,0.009670401881515729,0.20357044,0.01064502510919993
43574,3030574,2017-01-13 01:03:38,0,0.13632515,0.04340397222670183,0.2063699,0.010819601718099014
43575,3030575,2017-01-13 01:03:51,0,0.038539644,0.020827198619625887,0.20352815,0.010642395861384098
43576,3030576,2017-01-13 01:03:59,0,0.027070835,0.017086133860734164,0.26509625,0.014741459861874038
43577,3030577,2017-01-13 01:04:01,0,0.22474036,0.05970334408202259,0.26693416,0.014872892823700723
43578,3030578,2017-01-13 01:04:31,0,0.009409175,0.009505455665331829,0.17129807,0.00870433338220595
43579,3030579,2017-01-13 01:04:56,0,0.10067213,0.036166961348135664,0.17910789,0.009162279957502418
43580,3030580,2017-01-13 01:05:10,0,0.03108981,0.01846117776611757,0.34334508,0.020899240304023584
43581,3030581,2017-01-13 01:05:12,0,0.0044171032,0.006261128694954992,0.42064372,0.028396096156982173
43582,3030582,2017-01-13 01:05:51,0,0.008067516,0.008730854300020855,0.2884528,0.016455460691560828
43583,3030583,2017-01-13 01:05:53,0,0.022331858,0.015347827696888833,0.23209806,0.01247447117300141
43584,3030584,2017-01-13 01:05:58,0,0.5964636,0.1351277656755078,0.5823359,0.051752028648620406
43585,3030585,2017-01-13 01:06:09,0,0.088837616,0.03359759202981806,0.29873157,0.0172411586216798
43586,3030586,2017-01-13 01:06:13,0,0.049012657,0.023857361278618074,0.31775296,0.018749519812507807
43587,3030587,2017-01-13 01:06:38,0,0.0025381614,0.004612284425576869,0.19329609,0.01001308173154927
43588,3030588,2017-01-13 01:06:43,0,0.010123695,0.009897941024213985,0.23200725,0.01246846422952754
43589,3030589,2017-01-13 01:06:55,0,0.061236724,0.027085896132189948,0.25738096,0.014195871971836808
43590,3030590,2017-01-13 01:07:47,0,0.015266834,0.012425191962792036,0.19129921,0.009891829028533146
43591,3030591,2017-01-13 01:09:06,0,0.004758679,0.0065238099890920056,0.36580768,0.022911233709159973
43592,3030592,2017-01-13 01:09:21,0,0.075805746,0.030630095773966668,0.678189,0.0749684727679825
43593,3030593,2017-01-13 01:09:24,0,0.015027031,0.012316625670967116,0.28477103,0.01617882204685289
43594,3030594,2017-01-13 01:09:33,0,0.17699681,0.05108404657207472,0.5201366,0.041125000281011966
43595,3030595,2017-01-13 01:09:40,0,0.089535266,0.03375207301533734,0.38646415,0.02487560053557968
43596,3030596,2017-01-13 01:09:52,0,0.020320732,0.014562790889181979,0.24777061,0.013529816739496542
43597,3030597,2017-01-13 01:09:55,0,0.1387411,0.04387384064218054,0.50517994,0.03892376329270651
43598,3030598,2017-01-13 01:09:57,0,0.0066576228,0.007852158864976897,0.29376358,0.016858920358426746
43599,3030599,2017-01-13 01:10:04,0,0.019672368,0.01430263587765671,0.32528573,0.019367394862616554
43600,3030600,2017-01-13 01:11:06,0,0.008963114,0.009253714137164673,0.17956498,0.00918930664766468
43601,3030601,2017-01-13 01:11:10,0,0.014965955,0.012288853753204845,0.27809352,0.015683364163447875
43602,3030602,2017-01-13 01:11:29,0,0.030193077,0.018161181391305743,0.34914613,0.021407127533255164
43603,3030603,2017-01-13 01:11:33,0,0.026171982,0.01676705749352243,0.18547063,0.00954076125584648
43604,3030604,2017-01-13 01:11:36,0,0.030018331,0.01810228848880981,0.30343947,0.017607774861941223
43605,3030605,2017-01-13 01:11:54,0,0.011951055,0.010849423480000831,0.3146746,0.018500445624814465
43606,3030606,2017-01-13 01:12:12,0,0.3829551,0.08818246760499479,0.5073876,0.03924123484372639
43607,3030607,2017-01-13 01:12:30,0,0.015417631,0.012493081029835068,0.19078726,0.009860823092433062
43608,3030608,2017-01-13 01:12:45,0,0.008597406,0.009043146632572047,0.31909603,0.018858807045105258
43609,3030609,2017-01-13 01:12:59,0,0.006737777,0.007904212383902627,0.18072696,0.009258124194252242
43610,3030610,2017-01-13 01:13:06,0,0.07656439,0.03080750372646936,0.26332742,0.014615503565915063
43611,3030611,2017-01-13 01:13:11,0,0.010828168,0.010273077202481128,0.2397872,0.012987566953792808
43612,3030612,2017-01-13 01:13:51,0,0.005205581,0.0068550776977762806,0.10241294,0.0049472073196783935
43613,3030613,2017-01-13 01:13:53,0,0.019994488,0.01443234139143925,0.2692636,0.015040298982567911
43614,3030614,2017-01-13 01:14:01,0,0.13883099,0.043891281326415434,0.24532644,0.013362755935708511
43615,3030615,2017-01-13 01:14:18,0,0.028492918,0.017581931008221453,0.5034821,0.03868130200498297
43616,3030616,2017-01-13 01:14:24,0,0.007022926,0.008087194514349824,0.19460507,0.010092838256892712
43617,3030617,2017-01-13 01:14:43,1,0.0026882053,0.004760745846569388,0.36934128,0.023239213469439822
43618,3030618,2017-01-13 01:14:46,1,0.008875981,0.00920389613721367,0.3388073,0.020507423179896733
43619,3030619,2017-01-13 01:14:46,0,0.013995056,0.011840504736982692,0.33358958,0.020062694673696275
43620,3030620,2017-01-13 01:14:58,0,0.057006627,0.025999512165827163,0.21737544,0.011516154515699659
43621,3030621,2017-01-13 01:15:04,0,0.14605437,0.045283874549062596,0.32905525,0.01968115261787514
43622,3030622,2017-01-13 01:15:08,0,0.05865263,0.026425776732797047,0.30389267,0.0176432955094433
43623,3030623,2017-01-13 01:15:59,0,0.15226874,0.046468693899315204,0.22998758,0.0123351760043889
43624,3030624,2017-01-13 01:16:06,0,0.017860018,0.013555016388857656,0.19233187,0.009954470029266504
43625,3030625,2017-01-13 01:16:07,1,0.012567404,0.011155624028189728,0.38093883,0.02433883375868309
43626,3030626,2017-01-13 01:16:40,0,0.026017241,0.01671166101513111,0.35007232,0.02148895495499171
43627,3030627,2017-01-13 01:16:58,0,0.02838326,0.017544077370818617,0.2550584,0.014033546596267089
43628,3030628,2017-01-13 01:17:05,0,0.1108293,0.038296002338806465,0.44761288,0.031444233963497104
43629,3030629,2017-01-13 01:17:12,0,0.02758569,0.01726687696865485,0.3033057,0.017597297135759745
43630,3030630,2017-01-13 01:17:22,0,0.008313196,0.008876744741813634,0.32039863,0.018965162561902026
43631,3030631,2017-01-13 01:18:16,1,0.008614334,0.009052980520907746,0.20562422,0.01077299872785505
43632,3030632,2017-01-13 01:18:35,0,0.35010284,0.08209008388206146,0.35309917,0.021757807440898655
43633,3030633,2017-01-13 01:18:46,0,0.07382891,0.030164807558398465,0.26477253,0.014718369395879652
43634,3030634,2017-01-13 01:19:25,0,0.026438784,0.01686224554904812,0.14435224,0.0071772578028221415
43635,3030635,2017-01-13 01:20:16,0,0.000985241,0.0027364609361037566,0.22510621,0.01201548576917617
43636,3030636,2017-01-13 01:20:27,0,0.24980724,0.06415255371653165,0.22100814,0.011749738723750687
43637,3030637,2017-01-13 01:21:08,0,0.006652141,0.00784858874239089,0.23398145,0.012599332517192276
43638,3030638,2017-01-13 01:21:19,0,0.015430332,0.012498785934729894,0.40131405,0.02636148048030291
43639,3030639,2017-01-13 01:22:26,0,0.012484666,0.01111491048845553,0.41850162,0.02816473422833843
43640,3030640,2017-01-13 01:22:37,0,0.0628718,0.02749814329486602,0.2851396,0.016206403251561845
43641,3030641,2017-01-13 01:22:45,0,0.005012415,0.00671351798343908,0.260622,0.014423862535065987
43642,3030642,2017-01-13 01:22:55,0,0.05816057,0.02629883346409943,0.27220634,0.015253107961087014
43643,3030643,2017-01-13 01:23:07,0,0.039788757,0.0212047252242238,0.4008056,0.0263095293943165
43644,3030644,2017-01-13 01:23:11,0,0.0030416662,0.005096459745153676,0.27947617,0.015785298261688674
43645,3030645,2017-01-13 01:23:14,0,0.012171609,0.010959775806825391,0.18303639,0.0093953825694039
43646,3030646,2017-01-13 01:23:21,0,0.013316719,0.011519118344296813,0.20147294,0.010514901417237047
43647,3030647,2017-01-13 01:23:22,0,0.0024113033,0.004483665185915765,0.19628613,0.010195586005402272
43648,3030648,2017-01-13 01:23:32,0,0.055345584,0.025564534319644693,0.32572356,0.01940367952812633
43649,3030649,2017-01-13 01:23:39,0,0.070303224,0.0293236579866409,0.5980508,0.054890705529666066
43650,3030650,2017-01-13 01:23:53,0,0.030108258,0.018132613502071262,0.27325013,0.01532895085965641
43651,3030651,2017-01-13 01:24:13,0,0.049567793,0.024010336304895217,0.28226537,0.01599196724052593
43652,3030652,2017-01-13 01:24:27,0,0.040073957,0.021290242068849892,0.14588177,0.00726183951257495
43653,3030653,2017-01-13 01:24:31,0,0.2580461,0.06561108097681337,0.59652877,0.05457735479886753
43654,3030654,2017-01-13 01:24:38,0,0.015174962,0.012383687210856496,0.31061035,0.018174589637904578
43655,3030655,2017-01-13 01:25:19,0,0.016357105,0.012909671561369598,0.21501793,0.011365550015967419
43656,3030656,2017-01-13 01:25:43,0,0.026062706,0.016727951828693927,0.541775,0.04453309887989713
43657,3030657,2017-01-13 01:26:02,0,0.03317739,0.01914587754608362,0.3014805,0.01745470086533411
43658,3030658,2017-01-13 01:26:15,0,0.018904032,0.01398949438327689,0.32175916,0.01907663066435755
43659,3030659,2017-01-13 01:26:16,0,0.029910978,0.018066036796070068,0.54684967,0.04537382475156604
43660,3030660,2017-01-13 01:26:37,0,0.13659643,0.04345683708892427,0.7641767,0.10900548903525754
43661,3030661,2017-01-13 01:26:43,0,0.028681064,0.017646735801996195,0.33442488,0.020133478760820726
43662,3030662,2017-01-13 01:26:43,0,0.015319951,0.012449138650312523,0.64856845,0.06662152846620438
43663,3030663,2017-01-13 01:26:50,0,0.0013607634,0.0032701375533487516,0.19229865,0.009952453121374718
43664,3030664,2017-01-13 01:28:10,0,0.024751421,0.016253127350516348,0.28957522,0.016540292382314217
43665,3030665,2017-01-13 01:28:11,0,0.014928738,0.012271906271759888,0.27083477,0.015153735877272268
43666,3030666,2017-01-13 01:28:29,0,0.007948297,0.008659348709730784,0.2590404,0.014312388780181524
43667,3030667,2017-01-13 01:28:30,0,0.013360924,0.01154027785761161,0.20165814,0.01052636792462488
43668,3030668,2017-01-13 01:28:45,0,0.0074987756,0.008385340300806673,0.2377681,0.012851972702345438
43669,3030669,2017-01-13 01:29:01,0,0.03070505,0.018332908595020375,0.21932223,0.011641104110307233
43670,3030670,2017-01-13 01:29:06,0,0.027016401,0.017066939796552605,0.17942744,0.009181171777755539
43671,3030671,2017-01-13 01:29:11,0,0.009387072,0.009493107742927866,0.25415185,0.013970423466470892
43672,3030672,2017-01-13 01:29:17,1,0.003677705,0.005659258196763615,0.31765115,0.018741251217533277
43673,3030673,2017-01-13 01:29:25,0,0.10861156,0.037836459952924714,0.6003677,0.055371733109929065
43674,3030674,2017-01-13 01:29:26,0,0.00311702,0.005165724576643097,0.25814095,0.014249178879722893
43675,3030675,2017-01-13 01:29:48,0,0.036283754,0.020132444370932107,0.20459896,0.01070904376971939
43676,3030676,2017-01-13 01:29:50,0,0.02422579,0.01605979534540802,0.2821791,0.01598555346054927
43677,3030677,2017-01-13 01:29:54,0,0.01724837,0.013295342837957639,0.23156524,0.01243924234300124
43678,3030678,2017-01-13 01:30:03,0,0.031050636,0.01844814831042134,0.41263536,0.0275387839166833
43679,3030679,2017-01-13 01:31:49,0,0.06591562,0.028255027198839787,0.2895617,0.01653926838041093
43680,3030680,2017-01-13 01:32:14,0,0.02404127,0.015991503804617224,0.20247658,0.010577092456677458
43681,3030681,2017-01-13 01:32:23,0,0.227182,0.06013801883674042,0.21978933,0.011671162084832109
43682,3030682,2017-01-13 01:32:27,0,0.1008335,0.036201295012247364,0.3274122,0.01954401213695503
43683,3030683,2017-01-13 01:33:09,0,0.089413695,0.03372518263644893,0.2833929,0.016075910754070107
43684,3030684,2017-01-13 01:33:29,0,0.017815959,0.013536441726345962,0.24080887,0.013056413563334776
43685,3030685,2017-01-13 01:33:41,0,0.004460134,0.006294708838241319,0.30483288,0.017717114683016483
43686,3030686,2017-01-13 01:34:08,0,0.06758521,0.028664664811287714,0.3875467,0.024981766950394863
43687,3030687,2017-01-13 01:34:16,0,0.006118573,0.007494561034278933,0.32923076,0.019695836315381576
43688,3030688,2017-01-13 01:34:58,0,0.039541207,0.021130295498904657,0.27624348,0.01554750185067334
43689,3030689,2017-01-13 01:35:47,0,0.19901606,0.05509400587386208,0.182813,0.009382077775902779
43690,3030690,2017-01-13 01:35:49,0,0.071181774,0.029534663738111998,0.3693348,0.023238607470600012
43691,3030691,2017-01-13 01:36:01,0,0.031974174,0.01875350938881461,0.22609219,0.01207978174872479
43692,3030692,2017-01-13 01:36:02,0,0.0066831354,0.007868757347606642,0.16522408,0.00835307438150856
43693,3030693,2017-01-13 01:36:07,0,0.005185468,0.0068404489555677715,0.27476344,0.01543924475214937
43694,3030694,2017-01-13 01:36:28,0,0.011680777,0.010712960891788675,0.37805986,0.024062490133903897
43695,3030695,2017-01-13 01:36:32,0,0.008583339,0.009034968719714997,0.22945754,0.012300295487805866
43696,3030696,2017-01-13 01:36:42,0,0.0054475334,0.007029120380635225,0.2642483,0.01468101384814813
43697,3030697,2017-01-13 01:36:43,0,0.018078566,0.013646860529564063,0.23504199,0.012669874380374013
43698,3030698,2017-01-13 01:36:44,0,0.040471364,0.021408991754513898,0.44782567,0.031469329568605584
43699,3030699,2017-01-13 01:36:55,0,0.006626627,0.007831954866816137,0.21412967,0.011309004854391463
43700,3030700,2017-01-13 01:37:01,0,0.042487677,0.022004347131463466,0.2848995,0.016188433741332345
43701,3030701,2017-01-13 01:37:37,0,0.01587818,0.012698646121594003,0.22323401,0.011893782983802151
43702,3030702,2017-01-13 01:37:52,0,0.010476716,0.01008732093597371,0.19462821,0.010094250236901279
43703,3030703,2017-01-13 01:37:54,0,0.001139007,0.002964434341031087,0.14536878,0.007233444584883484
43704,3030704,2017-01-13 01:37:54,0,0.016629452,0.013028472487541179,0.13483602,0.00665641056288883
43705,3030705,2017-01-13 01:38:13,0,0.013123581,0.011426305921284826,0.23720568,0.012814313182912242
43706,3030706,2017-01-13 01:38:26,0,0.009115941,0.009340577095472532,0.33073837,0.01982224887075542
43707,3030707,2017-01-13 01:38:28,0,0.17608127,0.05091555989097019,0.5467321,0.04535416409755416
43708,3030708,2017-01-13 01:38:48,0,0.015616466,0.012582155242873774,0.17701176,0.00903866098487827
43709,3030709,2017-01-13 01:38:58,0,0.03870705,0.02087808196458214,0.28317398,0.016059593974027182
43710,3030710,2017-01-13 01:39:04,0,0.024879085,0.01629981822469958,0.46091077,0.03304616717985318
43711,3030711,2017-01-13 01:40:20,0,0.12791649,0.04175127689516134,0.38674825,0.024903431195319688
43712,3030712,2017-01-13 01:40:36,0,0.0018304521,0.003851302125754458,0.17141472,0.00871112058926826
43713,3030713,2017-01-13 01:40:46,0,0.020037374,0.01444954145674828,0.22139388,0.011774651427952617
43714,3030714,2017-01-13 01:40:48,0,0.0026238768,0.004697562993024595,0.16424073,0.008296603234823237
43715,3030715,2017-01-13 01:41:06,0,0.013460302,0.011587734592700336,0.19369513,0.010037372241214901
43716,3030716,2017-01-13 01:41:15,0,0.015147352,0.012371192495559534,0.24840856,0.01357357504981138
43717,3030717,2017-01-13 01:41:24,0,0.022553392,0.015432407783531117,0.44846258,0.03154454655029737
43718,3030718,2017-01-13 01:41:25,0,0.036390167,0.020165608651442273,0.23216055,0.012478605965873359
43719,3030719,2017-01-13 01:41:29,0,0.013293593,0.011508036595359324,0.2372017,0.012814046943205648
43720,3030720,2017-01-13 01:41:30,0,0.0069602877,0.008047286886846382,0.21735841,0.011515063695520628
43721,3030721,2017-01-13 01:41:44,0,0.13131219,0.042422064083429925,0.22478549,0.01199460179903211
43722,3030722,2017-01-13 01:41:46,0,0.0034787033,0.005488224625373791,0.32789102,0.019583917938157627
43723,3030723,2017-01-13 01:42:29,0,0.015466276,0.012514919062469546,0.23805325,0.012871084601752307
43724,3030724,2017-01-13 01:42:56,0,0.010438074,0.010066730485232815,0.21113497,0.011119163862945172
43725,3030725,2017-01-13 01:43:00,0,0.21075952,0.05720597550544805,0.39782488,0.026006538715566643
43726,3030726,2017-01-13 01:43:13,0,0.036237497,0.020118015607834674,0.2589493,0.014305982167390579
43727,3030727,2017-01-13 01:43:24,0,0.081451446,0.03193582789871049,0.20080312,0.010473468823004083
43728,3030728,2017-01-13 01:43:43,0,0.012478871,0.011112054599962123,0.3832968,0.024566863180750898
43729,3030729,2017-01-13 01:43:43,0,0.119752266,0.040118054105809806,0.34218398,0.020798531832205494
43730,3030730,2017-01-13 01:43:44,0,0.02980226,0.018029268955245894,0.4541074,0.03221796967013452
43731,3030731,2017-01-13 01:43:47,0,0.008487514,0.008979100304182823,0.275325,0.01548027498203189
43732,3030732,2017-01-13 01:44:01,0,0.007960417,0.008666639914940624,0.30367988,0.017626612801075883
43733,3030733,2017-01-13 01:44:06,0,0.07972042,0.03153896312438494,0.3184205,0.018803791300870613
43734,3030734,2017-01-13 01:44:11,0,0.016261892,0.01286793548320932,0.27659252,0.015573088637476168
43735,3030735,2017-01-13 01:44:22,0,0.032184586,0.01882256285057159,0.6406165,0.06458503602958865
43736,3030736,2017-01-13 01:44:24,0,0.005614712,0.007147365624876773,0.14401487,0.007158633863497534
43737,3030737,2017-01-13 01:44:43,0,0.004316626,0.006182144292665285,0.20842579,0.010948472903296137
43738,3030738,2017-01-13 01:44:45,0,0.025619278,0.01656854566292689,0.18535145,0.009533626683589863
43739,3030739,2017-01-13 01:45:33,0,0.116320536,0.039422179947361594,0.2781646,0.01568859606603089
43740,3030740,2017-01-13 01:45:36,0,0.010472252,0.010084944064301863,0.32529327,0.019368019386807322
43741,3030741,2017-01-13 01:45:44,0,0.047807112,0.0235227785528018,0.36202434,0.02256362598267134
43742,3030742,2017-01-13 01:45:52,0,0.019455792,0.014214912731677227,0.28444007,0.016154076462189814
43743,3030743,2017-01-13 01:46:17,0,0.01243079,0.011088335335334086,0.21042039,0.011074045274389465
43744,3030744,2017-01-13 01:46:18,0,0.009738225,0.009687784160326203,0.2640719,0.014668454142035851
43745,3030745,2017-01-13 01:46:23,0,0.006727885,0.00789780330717512,0.24040964,0.013029491802404689
43746,3030746,2017-01-13 01:46:25,0,0.019023312,0.01403846429057587,0.551259,0.046117910332416995
43747,3030747,2017-01-13 01:47:03,0,0.01555218,0.012553410741701533,0.26284197,0.014581026715140001
43748,3030748,2017-01-13 01:47:21,0,0.041293483,0.02165315729707312,0.24843463,0.013575365092806284
43749,3030749,2017-01-13 01:47:31,0,0.08073377,0.03177164991545322,0.27835992,0.015702977990405376
43750,3030750,2017-01-13 01:47:32,0,0.12167603,0.04050563877492695,0.4410427,0.03067769503417365
43751,3030751,2017-01-13 01:47:38,0,0.036048617,0.0200590201107687,0.1910196,0.009874890224668328
43752,3030752,2017-01-13 01:47:44,0,0.0013975725,0.0033186476659269036,0.22616944,0.012084824993600758
43753,3030753,2017-01-13 01:47:48,0,0.0035684195,0.005565859990990592,0.22067024,0.011727933438040235
43754,3030754,2017-01-13 01:47:50,0,0.0086940825,0.009099191507699916,0.3751568,0.023786108869163824
43755,3030755,2017-01-13 01:47:51,0,0.08492781,0.03272411119943906,0.20678143,0.010845352547685523
43756,3030756,2017-01-13 01:47:59,0,0.045232236,0.02279671932981033,0.24181737,0.013124528825962769
43757,3030757,2017-01-13 01:48:02,0,0.019141572,0.01408688407880171,0.25652918,0.014136238597205211
43758,3030758,2017-01-13 01:48:08,0,0.06467594,0.02794837411218708,0.2942525,0.01689633093747702
43759,3030759,2017-01-13 01:48:12,0,0.0047797705,0.00653974898436238,0.25271583,0.013870704304453708
43760,3030760,2017-01-13 01:48:38,0,0.05075515,0.024335281631747314,0.16482188,0.008329963895203475
43761,3030761,2017-01-13 01:48:47,0,0.015117616,0.012357724857168385,0.22736783,0.012163174695814263
43762,3030762,2017-01-13 01:49:38,0,0.16375664,0.04863071532997971,0.38909838,0.025134522769670407
43763,3030763,2017-01-13 01:49:48,0,0.0064496854,0.007715803125592708,0.19503586,0.010119134273058349
43764,3030764,2017-01-13 01:49:51,0,0.06706563,0.028537589269359277,0.23895176,0.012931387043201558
43765,3030765,2017-01-13 01:50:10,0,0.012027126,0.010887585241852809,0.2675092,0.014914132240654542
43766,3030766,2017-01-13 01:50:27,0,0.03420055,0.019474894620282398,0.18802302,0.009693977778351185
43767,3030767,2017-01-13 01:50:29,0,0.0037427687,0.0057142734025764684,0.2135012,0.01126906287206481
43768,3030768,2017-01-13 01:50:47,0,0.12272722,0.04071669043285677,0.41061065,0.02732529961429638
43769,3030769,2017-01-13 01:50:50,0,0.010643399,0.010175757449112224,0.5851125,0.052291403165338424
43770,3030770,2017-01-13 01:50:50,0,0.0026195939,0.004693331828138314,0.20176753,0.010533142551960202
43771,3030771,2017-01-13 01:50:52,0,0.042536367,0.022018580544913464,0.25777388,0.01422341983043742
43772,3030772,2017-01-13 01:50:55,0,0.041637696,0.021754800613114907,0.20888402,0.010977273632204554
43773,3030773,2017-01-13 01:51:24,0,0.1311397,0.04238810252625226,0.2547289,0.014010588715208968
43774,3030774,2017-01-13 01:51:26,0,0.10561406,0.03721075779252962,0.2778984,0.01566900680777143
43775,3030775,2017-01-13 01:51:28,0,0.036775388,0.02028533289901382,0.22917677,0.012281835343284498
43776,3030776,2017-01-13 01:52:12,0,0.0037165142,0.005692125622847718,0.2167971,0.01147913693043069
43777,3030777,2017-01-13 01:52:24,0,0.02716128,0.017117989570071986,0.2737091,0.01536235874266854
43778,3030778,2017-01-13 01:52:26,0,0.048524056,0.02372215342689633,0.2859123,0.016264308991165943
43779,3030779,2017-01-13 01:52:29,0,0.012945315,0.011340105858353476,0.26735395,0.0149029934598839
43780,3030780,2017-01-13 01:52:29,0,0.009349083,0.009471854657807416,0.20680885,0.010847069016233028
43781,3030781,2017-01-13 01:53:19,0,0.029631265,0.017971324149368632,0.33482385,0.020167342422991678
43782,3030782,2017-01-13 01:53:47,0,0.0011758584,0.0030169749376358387,0.14164181,0.0070279684794455335
43783,3030783,2017-01-13 01:54:23,0,0.0048210686,0.006570867229875499,0.21028918,0.011065768590315885
43784,3030784,2017-01-13 01:54:33,0,0.02831807,0.017521544402413824,0.4757551,0.034919073058335325
43785,3030785,2017-01-13 01:54:36,0,0.06348759,0.027652353261915442,0.3438802,0.020945760620686
43786,3030786,2017-01-13 01:54:40,0,0.026770605,0.01698006420815618,0.29396543,0.016874359343592635
43787,3030787,2017-01-13 01:54:53,0,0.026569763,0.016908826474320245,0.24460486,0.01331361262758455
43788,3030788,2017-01-13 01:54:57,0,0.04779454,0.02351927163515104,0.3612512,0.022493038556410272
43789,3030789,2017-01-13 01:55:12,0,0.005563956,0.007111634366588491,0.2218125,0.011801710922801936
43790,3030790,2017-01-13 01:55:12,0,0.004079213,0.0059921778671934945,0.14368998,0.00714071039092529
43791,3030791,2017-01-13 01:55:19,0,0.010531044,0.01011621325105347,0.22058654,0.011722534609493195
43792,3030792,2017-01-13 01:55:36,0,0.010687817,0.010199220381481543,0.61433697,0.05837880184516895
43793,3030793,2017-01-13 01:55:36,0,0.003911712,0.005855159570275512,0.15791388,0.007935854678646636
43794,3030794,2017-01-13 01:55:43,0,0.019982327,0.014427461007363118,0.27182868,0.015225713799865355
43795,3030795,2017-01-13 01:55:52,0,0.00081439613,0.0024634863047324385,0.12064901,0.005896544371695693
43796,3030796,2017-01-13 01:56:23,0,0.042075388,0.021883557470017634,0.34022343,0.02062919047009114
43797,3030797,2017-01-13 01:56:41,0,0.00081445667,0.00246358735536926,0.118458375,0.005780917772682281
43798,3030798,2017-01-13 01:56:45,0,0.021368545,0.0149757740246997,0.23629099,0.012753166601027719
43799,3030799,2017-01-13 01:56:46,0,0.04924806,0.02392231227840619,0.61741203,0.0590664887644247
43800,3030800,2017-01-13 01:56:52,0,0.020693501,0.014710742453364229,0.2800996,0.01583137153825024
43801,3030801,2017-01-13 01:56:54,0,0.09484373,0.03491470117699506,0.38060027,0.024306219268220276
43802,3030802,2017-01-13 01:57:03,0,0.017724141,0.013497668636460113,0.47144428,0.034365591787772945
43803,3030803,2017-01-13 01:57:12,0,0.004866498,0.006604961139868068,0.2584992,0.014274340142167143
43804,3030804,2017-01-13 01:57:27,0,0.061413944,0.02713077684814676,0.2801372,0.01583415326262699
43805,3030805,2017-01-13 01:57:28,0,0.027401729,0.017202461137302612,0.3343104,0.020123769176272507
43806,3030806,2017-01-13 01:57:29,0,0.018913843,0.013993527102606217,0.2369986,0.01280045892000662
43807,3030807,2017-01-13 01:57:29,0,0.0062179207,0.007561491786855528,0.28989556,0.016564546800418346
43808,3030808,2017-01-13 01:57:37,0,0.0005645698,0.0020124843749765153,0.20476829,0.010719596338006246
43809,3030809,2017-01-13 01:57:53,0,0.0045599476,0.00637204744457383,0.21493709,0.011360399444854164
43810,3030810,2017-01-13 01:58:07,0,0.009386868,0.009492993740572121,0.30412993,0.017661907008583767
43811,3030811,2017-01-13 01:58:11,0,0.049884893,0.024097414454517466,0.2248646,0.011999751801138967
43812,3030812,2017-01-13 01:58:11,0,0.042502016,0.022008539430248435,0.5067624,0.03915107337908421
43813,3030813,2017-01-13 01:58:25,0,0.011116408,0.010423443573264106,0.20098533,0.010484733910598771
43814,3030814,2017-01-13 01:58:39,0,0.0063000494,0.007616462653640259,0.16908555,0.008575893051193141
43815,3030815,2017-01-13 01:58:42,0,0.009004126,0.009277088698303449,0.52559525,0.041958847668794555
43816,3030816,2017-01-13 01:59:28,0,0.021515053,0.015032816835341713,0.5612568,0.047853775571697066
43817,3030817,2017-01-13 01:59:41,0,0.007136134,0.008158920591540279,0.19812317,0.010308281934732462
43818,3030818,2017-01-13 01:59:48,0,0.006299918,0.007616375016008179,0.269549,0.015060874226404565
43819,3030819,2017-01-13 02:00:07,0,0.01293381,0.011334524969799429,0.17660657,0.009014825134796114
43820,3030820,2017-01-13 02:00:26,0,0.009093868,0.009328071349312577,0.22332974,0.0118999934775656
43821,3030821,2017-01-13 02:00:26,0,0.008797064,0.00915858814918735,0.25313497,0.013899775646147807
43822,3030822,2017-01-13 02:00:32,0,0.006881701,0.007996991427903836,0.13967177,0.006919933104976562
43823,3030823,2017-01-13 02:00:40,0,0.005902056,0.0073469920777993365,0.30352673,0.01761461097033399
43824,3030824,2017-01-13 02:00:56,0,0.01343336,0.011574883870001653,0.24276698,0.013188809129777334
43825,3030825,2017-01-13 02:01:54,0,0.022005627,0.015222616368923999,0.26435181,0.014688385739940663
43826,3030826,2017-01-13 02:01:58,0,0.005806343,0.007280989358890484,0.22064345,0.011726205167139958
43827,3030827,2017-01-13 02:02:07,0,0.02565255,0.016580547101716674,0.24635667,0.013433058799679416
43828,3030828,2017-01-13 02:02:11,0,0.004447966,0.006285227845458936,0.23633125,0.012755855506603169
43829,3030829,2017-01-13 02:02:11,0,0.01177255,0.010759451084297196,0.17307664,0.008807993725418427
43830,3030830,2017-01-13 02:02:22,0,0.022807328,0.015528921893861583,0.28920215,0.016512070342493624
43831,3030831,2017-01-13 02:02:58,0,0.00053502806,0.001953660220203659,0.28180394,0.015957680735194563
43832,3030832,2017-01-13 02:02:58,0,0.00079119974,0.0024245138068509724,0.1246284,0.006107734193741905
43833,3030833,2017-01-13 02:03:30,0,0.015711442,0.01262452735127851,0.26584715,0.01479508946713852
43834,3030834,2017-01-13 02:03:31,0,0.0073954915,0.00832135959883526,0.21660721,0.011466993222017968
43835,3030835,2017-01-13 02:04:05,0,0.01907695,0.014060442031705415,0.29564342,0.01700300246332894
43836,3030836,2017-01-13 02:04:20,0,0.0011888909,0.0030353785042107695,0.12977989,0.006383367852994282
43837,3030837,2017-01-13 02:04:42,0,0.0027552538,0.004825882844815412,0.25277698,0.013874944188974446
43838,3030838,2017-01-13 02:05:10,0,0.0072832005,0.008251346721405156,0.6356603,0.06335496368165301
43839,3030839,2017-01-13 02:05:11,0,0.054626096,0.025374561945231605,0.37719887,0.023980284295624207
43840,3030840,2017-01-13 02:05:50,0,0.03464794,0.01961747730619597,0.23046781,0.012366814793483899
43841,3030841,2017-01-13 02:05:52,0,0.008330734,0.00888708586845116,0.24376254,0.013256349214705105
43842,3030842,2017-01-13 02:05:52,0,0.00016485971,0.001019909514971173,0.1462207,0.0072806149043690436
43843,3030843,2017-01-13 02:06:17,0,0.007480216,0.008373872474829125,0.25592208,0.014093807125110843
43844,3030844,2017-01-13 02:06:24,0,0.00028365772,0.0013762884428683852,0.12900919,0.006341968056891678
43845,3030845,2017-01-13 02:06:45,0,0.022698984,0.015487799813056242,0.22798297,0.012203472190065843
43846,3030846,2017-01-13 02:06:55,0,0.0075676413,0.008427782408730239,0.29349697,0.01683853983491134
43847,3030847,2017-01-13 02:07:04,0,0.0036362805,0.005624003972095696,0.19556688,0.010151580709025316
43848,3030848,2017-01-13 02:07:08,0,0.01616146,0.012823795985874369,0.19671677,0.010221965472461016
43849,3030849,2017-01-13 02:08:09,0,0.030648187,0.018313895069084107,0.32362148,0.019229846702668578
43850,3030850,2017-01-13 02:08:33,0,0.04067278,0.021468995929182923,0.24536286,0.01336523833218529
43851,3030851,2017-01-13 02:09:16,0,0.0041588815,0.0060564631997054716,0.27691433,0.01559669765132017
43852,3030852,2017-01-13 02:09:20,0,0.028130002,0.01745641646495044,0.27234185,0.015262943619688236
43853,3030853,2017-01-13 02:09:31,0,0.0033793014,0.005401152814184707,0.26477286,0.014718392770800134
43854,3030854,2017-01-13 02:11:23,0,0.012566493,0.0111551764690543,0.26475355,0.014717015806269796
43855,3030855,2017-01-13 02:11:27,0,0.0071573756,0.008172322225136398,0.20249903,0.010578485470629418
43856,3030856,2017-01-13 02:11:27,0,0.0058372016,0.007302321712543188,0.17621282,0.008991681138049963
43857,3030857,2017-01-13 02:11:44,0,0.0056691603,0.0071855365444793255,0.31052262,0.018167592192788837
43858,3030858,2017-01-13 02:11:53,0,0.006317309,0.007627974329061085,0.187327,0.009652116948902653
43859,3030859,2017-01-13 02:12:33,0,0.01807861,0.013646879266619236,0.23234776,0.01249099506240228
43860,3030860,2017-01-13 02:12:38,0,0.080439396,0.03170416125969413,0.29857755,0.01722923744561958
43861,3030861,2017-01-13 02:12:40,0,0.040691577,0.021474589872350593,0.38037384,0.02428442301267871
43862,3030862,2017-01-13 02:12:46,0,0.019397369,0.014191176178653364,0.65050197,0.06712885301249631
43863,3030863,2017-01-13 02:12:53,0,0.051839642,0.024629476774137238,0.33564255,0.020236944734997913
43864,3030864,2017-01-13 02:12:59,0,0.021818768,0.015150538670481785,0.2815813,0.015941152409443063
43865,3030865,2017-01-13 02:13:03,0,0.008511416,0.008993061606824051,0.16519646,0.008351487203455639
43866,3030866,2017-01-13 02:13:04,0,0.010712722,0.010212357458808281,0.26087838,0.014441972024720128
43867,3030867,2017-01-13 02:13:31,0,0.004095436,0.006005313740519231,0.21533701,0.01138588862339846
43868,3030868,2017-01-13 02:13:43,0,0.0016348696,0.003618555465265445,0.22116691,0.011759990160159236
43869,3030869,2017-01-13 02:14:09,0,0.00051828,0.0019196632509596722,0.15335105,0.007678424613189148
43870,3030870,2017-01-13 02:14:27,0,0.024380974,0.016117058195072597,0.2885875,0.016465629440499563
43871,3030871,2017-01-13 02:14:36,0,0.010424072,0.010059260854403571,0.42164394,0.028504646491152284
43872,3030872,2017-01-13 02:15:00,0,0.007832332,0.00858933547734449,0.2155535,0.011399696641213278
43873,3030873,2017-01-13 02:15:19,0,0.0008415674,0.002508509008698197,0.13852471,0.006857211149576878
43874,3030874,2017-01-13 02:15:33,0,0.06311265,0.02755852493400261,0.37010634,0.023310651071667392
43875,3030875,2017-01-13 02:15:43,0,0.014505774,0.012077987972890602,0.24717939,0.01348932078070734
43876,3030876,2017-01-13 02:16:23,0,0.05164417,0.02457662918139164,0.21447594,0.011331035155016317
43877,3030877,2017-01-13 02:16:24,0,0.011166779,0.010449543427639723,0.27299315,0.015310260603849988
43878,3030878,2017-01-13 02:16:40,0,0.014585648,0.012114795837122484,0.22309366,0.011884679391426803
43879,3030879,2017-01-13 02:17:10,0,0.010040038,0.009852636757446985,0.230263,0.012353316956536766
43880,3030880,2017-01-13 02:17:13,0,0.010693461,0.010202198556591078,0.20484093,0.010724124807773766
43881,3030881,2017-01-13 02:17:53,0,0.03668611,0.020257632425227667,0.46129403,0.033093372990620984
43882,3030882,2017-01-13 02:18:06,0,0.009554624,0.009586392273880997,0.23097229,0.012400087249448874
43883,3030883,2017-01-13 02:18:41,0,0.19268322,0.053948211250194,0.2752122,0.015472028794435756
43884,3030884,2017-01-13 02:19:20,0,0.06466716,0.027946193433605212,0.33231562,0.019955037645128428
43885,3030885,2017-01-13 02:19:43,0,0.05402302,0.025214579247981542,0.3246047,0.019311035718858564
43886,3030886,2017-01-13 02:19:50,0,0.017121455,0.013240962653603998,0.29696378,0.017104604595872097
43887,3030887,2017-01-13 02:20:17,0,0.013883029,0.011787907105057838,0.3231116,0.019187823861387027
43888,3030888,2017-01-13 02:20:21,0,0.10116274,0.03627129380081721,0.35898808,0.02228727605719498
43889,3030889,2017-01-13 02:21:24,0,0.60198563,0.1366200693928809,0.82370085,0.14795778393820885
43890,3030890,2017-01-13 02:21:43,0,0.05562957,0.02563925466273727,0.2582442,0.014256427254750575
43891,3030891,2017-01-13 02:22:19,0,0.028230771,0.017491335655837225,0.19640878,0.010203096710789101
43892,3030892,2017-01-13 02:22:33,0,0.063162245,0.02757094878048608,0.29683486,0.017094669134675753
43893,3030893,2017-01-13 02:22:37,0,0.0063740085,0.0076656926113119915,0.2638208,0.014650583745254693
43894,3030894,2017-01-13 02:22:48,0,0.024171649,0.016039780380220327,0.25723258,0.014185474943494333
43895,3030895,2017-01-13 02:24:27,0,0.08923677,0.03368602734057756,0.46374977,0.03339726271572401
43896,3030896,2017-01-13 02:24:56,0,0.003483179,0.005492118749449742,0.5941193,0.05408550939232253
43897,3030897,2017-01-13 02:25:06,0,0.014553766,0.012100114460068895,0.22441754,0.011970660109793094
43898,3030898,2017-01-13 02:26:19,0,0.014181869,0.011927806286516605,0.26545718,0.014767226234190611
43899,3030899,2017-01-13 02:26:27,0,0.032035384,0.018773617017824547,0.24870044,0.013593617363429235
43900,3030900,2017-01-13 02:26:31,0,0.031490114,0.018593925071748327,0.34660476,0.02118365253174745
43901,3030901,2017-01-13 02:28:32,1,0.07351746,0.030091094565868334,0.66576403,0.07131133918218403
43902,3030902,2017-01-13 02:29:53,0,0.07981729,0.03156125005872721,0.55277985,0.04637755907103905
43903,3030903,2017-01-13 02:30:09,0,0.0031124775,0.005161570512145073,0.20199364,0.010547150815813743
43904,3030904,2017-01-13 02:30:19,0,0.008531419,0.009004732338553704,0.23436616,0.012624902572314448
43905,3030905,2017-01-13 02:30:22,0,0.004365517,0.00622067851885825,0.2972402,0.017125917075778322
43906,3030906,2017-01-13 02:32:07,0,0.029978933,0.018088990478774974,0.2551228,0.014038035980286382
43907,3030907,2017-01-13 02:32:14,0,0.2807755,0.06963643458159413,0.39852428,0.026077394894836622
43908,3030908,2017-01-13 02:32:15,0,0.047264695,0.02337114886457774,0.16217919,0.008178566649122102
43909,3030909,2017-01-13 02:32:24,0,0.06703569,0.028530256571399258,0.21185386,0.011164624366237892
43910,3030910,2017-01-13 02:32:32,0,0.0065958803,0.007811871611117689,0.2163729,0.011452015605673013
43911,3030911,2017-01-13 02:32:57,0,0.010317941,0.010002500270359205,0.29962027,0.017310034685869773
43912,3030912,2017-01-13 02:33:02,0,0.012887001,0.011311795314159512,0.28981614,0.01655853162398125
43913,3030913,2017-01-13 02:33:15,0,0.00486811,0.006606168384066592,0.24247296,0.013168892011153273
43914,3030914,2017-01-13 02:33:15,0,0.05850656,0.026388135947462844,0.51807034,0.04081372093880204
43915,3030915,2017-01-13 02:33:18,0,0.020274661,0.014544424528330189,0.24849604,0.013579580811070316
43916,3030916,2017-01-13 02:33:24,0,0.038326193,0.02076218873850722,0.27731833,0.015626362682523556
43917,3030917,2017-01-13 02:33:41,0,0.006934795,0.00803099949202924,0.11412499,0.005553492557303905
43918,3030918,2017-01-13 02:34:31,0,0.081191525,0.03187642605327182,0.3268373,0.019496167142213677
43919,3030919,2017-01-13 02:34:40,0,0.09515801,0.03498285022970104,0.7533119,0.10360843624653918
43920,3030920,2017-01-13 02:34:42,0,0.013569449,0.011639679772841872,0.16875297,0.008556635134612597
43921,3030921,2017-01-13 02:34:51,0,0.021638108,0.01508059944710296,0.2164328,0.011455843107949578
43922,3030922,2017-01-13 02:35:14,0,0.028085738,0.017441061150735782,0.28871772,0.016475461670249464
43923,3030923,2017-01-13 02:35:32,0,0.026642904,0.016934795467465853,0.32430655,0.01928639454107344
43924,3030924,2017-01-13 02:35:43,0,0.03513791,0.019772757366452294,0.40716463,0.02696492010221522
43925,3030925,2017-01-13 02:35:47,0,0.047237094,0.023363414826070475,0.25619313,0.014112744028275186
43926,3030926,2017-01-13 02:35:50,1,0.015585133,0.01256815154239954,0.32333967,0.0192066141679419
43927,3030927,2017-01-13 02:36:06,0,0.011142306,0.010436869165819191,0.21884273,0.011610279206850371
43928,3030928,2017-01-13 02:36:38,0,0.0081603,0.008786180394618797,0.22403795,0.011945981492896662
43929,3030929,2017-01-13 02:36:47,0,0.0036863764,0.005666615344133516,0.26497465,0.014732784522736644
43930,3030930,2017-01-13 02:36:49,0,0.05351385,0.02507896779817979,0.64099383,0.06467990213500116
43931,3030931,2017-01-13 02:37:39,0,0.04988728,0.024098069364231426,0.23407653,0.012605650188857944
43932,3030932,2017-01-13 02:38:22,0,0.3924205,0.08997088370027699,0.3201862,0.018947793486917365
43933,3030933,2017-01-13 02:38:52,0,0.24880518,0.06397509712677532,0.31297675,0.018363908440245064
43934,3030934,2017-01-13 02:39:05,0,0.024758507,0.016255721438519666,0.35148075,0.021613780583926136
43935,3030935,2017-01-13 02:39:47,0,0.048761778,0.02378800371159826,0.24348937,0.013237801946848203
43936,3030936,2017-01-13 02:39:50,0,0.10033041,0.036094195352172884,0.21513914,0.011373274239006049
43937,3030937,2017-01-13 02:39:58,0,0.0047906614,0.006547966930279572,0.273322,0.015334178727460457
43938,3030938,2017-01-13 02:40:38,0,0.0012003736,0.0030515187724546727,0.29765567,0.01715797882518919
43939,3030939,2017-01-13 02:41:01,0,0.10590243,0.037271189171614635,0.2877425,0.01640189620725127
43940,3030940,2017-01-13 02:41:04,0,0.08266058,0.03221129972793265,0.18083403,0.009264473230400059
43941,3030941,2017-01-13 02:41:15,1,0.014800759,0.012213487970787966,0.38081765,0.024327156680498847
43942,3030942,2017-01-13 02:41:21,0,0.0053208065,0.006938403076040803,0.21046028,0.011076562111851604
43943,3030943,2017-01-13 02:41:36,0,0.11137381,0.03840840504315648,0.6429324,0.06517000240815375
43944,3030944,2017-01-13 02:42:09,0,0.0523502,0.024767143633418746,0.4255796,0.028935012279688383
43945,3030945,2017-01-13 02:42:10,0,0.07288888,0.029941985020945448,0.23698615,0.012799625696670544
43946,3030946,2017-01-13 02:42:26,0,0.032720007,0.01899743482499935,0.24393255,0.013267898006497306
43947,3030947,2017-01-13 02:42:52,0,0.1357584,0.04329343898058719,0.3680347,0.02311756209182069
43948,3030948,2017-01-13 02:43:11,0,0.100427665,0.03611491228767137,0.25333402,0.013913591501130848
43949,3030949,2017-01-13 02:43:30,0,0.015629206,0.012587845367354833,0.26037693,0.014406563102911605
43950,3030950,2017-01-13 02:43:50,0,0.046748508,0.023226208204008086,0.3352873,0.02020672495101902
43951,3030951,2017-01-13 02:44:01,0,0.114085026,0.03896565207734896,0.24627282,0.013427330727512834
43952,3030952,2017-01-13 02:44:19,0,0.005657032,0.0071770483483673,0.23221312,0.012482084607081797
43953,3030953,2017-01-13 02:44:39,0,0.0037831727,0.005748222074962275,0.11905333,0.005812276610540842
43954,3030954,2017-01-13 02:45:09,0,0.0048161135,0.006567139853838896,0.18582574,0.009562029913007041
43955,3030955,2017-01-13 02:45:17,0,0.17705894,0.05109547324910803,0.39509943,0.025731805456282994
43956,3030956,2017-01-13 02:45:22,0,0.032038763,0.018774726502553338,0.3334466,0.02005059305202183
43957,3030957,2017-01-13 02:46:07,0,0.07175223,0.02967116560215754,0.2768339,0.015590794780091618
43958,3030958,2017-01-13 02:46:15,0,0.004928419,0.0066512032632023805,0.15703717,0.007886215395752945
43959,3030959,2017-01-13 02:46:18,0,0.02460336,0.016198847557524744,0.3239222,0.019254655647681945
43960,3030960,2017-01-13 02:46:29,0,0.05355926,0.02509108189257774,0.17287977,0.008796501187546156
43961,3030961,2017-01-13 02:46:32,0,0.056712657,0.025922889001791634,0.21469699,0.011345106849221862
43962,3030962,2017-01-13 02:46:36,0,0.01871579,0.01391193908959304,0.25462607,0.014003426271766015
43963,3030963,2017-01-13 02:47:44,0,0.0103124315,0.009999546550964982,0.17298944,0.008802902769357874
43964,3030964,2017-01-13 02:48:56,0,0.00095378474,0.0026879011650411,0.20254561,0.010581375238289193
43965,3030965,2017-01-13 02:49:06,0,0.00367479,0.005656783196300001,0.24231108,0.013157931206007238
43966,3030966,2017-01-13 02:49:13,0,0.0015555485,0.003520622799676169,0.2433128,0.013225819934872396
43967,3030967,2017-01-13 02:49:25,0,0.006741486,0.007906614367583302,0.24697588,0.01347539420916175
43968,3030968,2017-01-13 02:50:33,0,0.0105061745,0.010102995688313148,0.18320566,0.009405468823573487
43969,3030969,2017-01-13 02:50:42,0,0.003846894,0.005801434496527031,0.1562434,0.007841344744016649
43970,3030970,2017-01-13 02:50:48,0,0.009303977,0.00944657066923156,0.2946062,0.01692342171644507
43971,3030971,2017-01-13 02:51:28,0,0.007107477,0.00814081243569203,0.26559985,0.01477741671150896
43972,3030972,2017-01-13 02:51:38,0,0.02384772,0.015919628471948805,0.2745972,0.01542710935786608
43973,3030973,2017-01-13 02:51:42,0,0.007483116,0.008375665012394144,0.11608721,0.005656261689438726
43974,3030974,2017-01-13 02:52:18,1,0.2482404,0.06387506997362227,0.23183858,0.012457310155347288
43975,3030975,2017-01-13 02:53:01,1,0.23588918,0.061685400517497116,0.19133799,0.009894178579174852
43976,3030976,2017-01-13 02:53:02,0,0.10443847,0.0369638708253455,0.737578,0.09646438481331727
43977,3030977,2017-01-13 02:53:10,0,0.049615484,0.024023446648863404,0.24109618,0.013075803003510003
43978,3030978,2017-01-13 02:53:11,0,0.016814342,0.013108641140932057,0.16631913,0.008416089851352804
43979,3030979,2017-01-13 02:53:29,0,0.044615928,0.02262050724124882,0.20101388,0.010486499424992078
43980,3030980,2017-01-13 02:53:55,1,0.22300462,0.05939410515728928,0.21322438,0.011251487067378878
43981,3030981,2017-01-13 02:54:09,0,0.014739413,0.012185406958446299,0.2359025,0.012727234432432512
43982,3030982,2017-01-13 02:54:22,0,0.039192725,0.02102519587312369,0.35936904,0.022321823365157617
43983,3030983,2017-01-13 02:54:44,0,0.011500546,0.010621187892638984,0.19696872,0.010237409866309038
43984,3030984,2017-01-13 02:55:02,0,0.0063848747,0.007672904060788118,0.22062968,0.011725317040610788
43985,3030985,2017-01-13 02:55:04,0,0.0398966,0.02123709109634759,0.39453787,0.02567546968160775
43986,3030986,2017-01-13 02:55:10,0,0.0015939979,0.003568366843942892,0.5342434,0.04331516864816814
43987,3030987,2017-01-13 02:55:37,0,0.009108497,0.00933636112018577,0.22973502,0.012318550419596513
43988,3030988,2017-01-13 02:56:12,0,0.0070942617,0.008132450666365096,0.28771934,0.016400151545324995
43989,3030989,2017-01-13 02:56:52,0,0.1122076,0.038580203509750985,0.41623488,0.02792154700186511
43990,3030990,2017-01-13 02:57:05,0,0.04452099,0.02259327624500502,0.5043052,0.03879865940302982
43991,3030991,2017-01-13 02:57:14,0,0.024948867,0.016325296697715614,0.31567538,0.018581205387934445
43992,3030992,2017-01-13 02:57:21,0,0.0017484266,0.0037551200600830395,0.4931158,0.03723213570599295
43993,3030993,2017-01-13 02:57:33,0,0.039680827,0.021172297843704037,0.26545563,0.01476711555637201
43994,3030994,2017-01-13 02:57:57,0,0.006942049,0.008035636872687494,0.31931105,0.01887633885917257
43995,3030995,2017-01-13 02:58:21,0,0.0009991665,0.0027577355035961187,0.16193318,0.008164513211899586
43996,3030996,2017-01-13 02:58:22,0,0.042643726,0.022049941623056207,0.4187679,0.028193412633812674
43997,3030997,2017-01-13 02:58:25,0,0.062071886,0.027296974452740923,0.33145154,0.019882222219877795
43998,3030998,2017-01-13 02:58:52,0,0.006651974,0.007848479847008724,0.22774425,0.012187827346214368
43999,3030999,2017-01-13 02:59:00,0,0.061814774,0.027232106840344904,0.24125722,0.013086676301785567
44000,3031000,2017-01-13 02:59:07,0,0.23896521,0.06223120684917912,0.45893106,0.032803269397451845
44001,3031001,2017-01-13 02:59:28,0,0.0074810446,0.008374384618832284,0.2750705,0.015461672475319044
44002,3031002,2017-01-13 02:59:32,0,0.0020901214,0.004143703974251681,0.17082004,0.00867653514833728
44003,3031003,2017-01-13 02:59:44,0,0.032655958,0.018976579153772388,0.22073086,0.011731844048697317
44004,3031004,2017-01-13 03:00:01,0,0.20720129,0.056567628470325974,0.27129275,0.015186880677035426
44005,3031005,2017-01-13 03:00:44,0,0.02772468,0.017315424569916443,0.21007855,0.011052486590428888
44006,3031006,2017-01-13 03:01:01,0,0.006796534,0.00794219519926988,0.16916616,0.008580562976275241
44007,3031007,2017-01-13 03:01:05,0,0.026578553,0.016911948957579657,0.1861673,0.00958250193697729
44008,3031008,2017-01-13 03:01:40,0,0.06151312,0.02715587142183083,0.22917706,0.012281853952433718
44009,3031009,2017-01-13 03:02:13,0,0.015516338,0.012537362128177796,0.19099331,0.009873298400683834
44010,3031010,2017-01-13 03:02:18,0,0.0014808205,0.003426289229950562,0.11531875,0.005615972787925793
44011,3031011,2017-01-13 03:02:18,0,0.06615669,0.02831440990752376,0.2073717,0.010882327335412487
44012,3031012,2017-01-13 03:02:53,0,0.005394076,0.006990969118072684,0.16445015,0.008308620654950322
44013,3031013,2017-01-13 03:03:03,0,0.012900074,0.01131814694877045,0.39000434,0.025224027292893907
44014,3031014,2017-01-13 03:03:23,0,0.00337586,0.005398117830436621,0.18070619,0.009256892544038617
44015,3031015,2017-01-13 03:03:29,0,0.020302214,0.014555410566936702,0.26501647,0.014735767453307536
44016,3031016,2017-01-13 03:04:11,0,0.07261315,0.02987643035057518,0.41235164,0.027508790483895845
44017,3031017,2017-01-13 03:04:27,0,0.008193531,0.008805927919088685,0.2644388,0.014694583084294232
44018,3031018,2017-01-13 03:04:40,0,0.090947814,0.03406362483660069,0.23206028,0.012471972239274648
44019,3031019,2017-01-13 03:04:51,0,0.005030351,0.0067267639245938175,0.20380057,0.01065933724427611
44020,3031020,2017-01-13 03:05:21,0,0.0041086706,0.006016012500598282,0.4244669,0.02881281051274576
44021,3031021,2017-01-13 03:05:23,0,0.0070152986,0.0080823434294248,0.17164323,0.008724421261047334
44022,3031022,2017-01-13 03:05:59,0,0.016202362,0.012841786592163305,0.18316492,0.009403041056197744
44023,3031023,2017-01-13 03:06:02,0,0.10617775,0.037328836042844614,0.10428969,0.005043554873667855
44024,3031024,2017-01-13 03:06:08,0,0.0017650342,0.003774754672220845,0.21870202,0.011601239683257044
44025,3031025,2017-01-13 03:06:23,0,0.006367006,0.00766104236277847,0.21332912,0.011258136008866954
44026,3031026,2017-01-13 03:06:26,0,0.0057797837,0.007262588334622949,0.20993666,0.011043542595587963
44027,3031027,2017-01-13 03:06:36,0,0.0025506916,0.004624830515157777,0.3752607,0.02379596331152518
44028,3031028,2017-01-13 03:07:45,0,0.0027852869,0.00485482900182396,0.34842575,0.021343624946093015
44029,3031029,2017-01-13 03:07:54,0,0.07157622,0.0296290921191552,0.5450167,0.0450682494468097
44030,3031030,2017-01-13 03:08:02,0,0.017283347,0.013310298949862456,0.14516258,0.007222038588204943
44031,3031031,2017-01-13 03:08:36,0,0.004025373,0.005948415465076878,0.20946303,0.011013706714657082
44032,3031032,2017-01-13 03:08:39,0,0.03706492,0.020374978777220387,0.24523906,0.013356800650008832
44033,3031033,2017-01-13 03:09:00,0,0.041938562,0.02184336544866175,0.38802928,0.025029202107362373
44034,3031034,2017-01-13 03:09:06,1,0.008304517,0.008871623860077556,0.6075737,0.0568995198502507
44035,3031035,2017-01-13 03:09:08,0,0.0671973,0.028569827482365875,0.35645917,0.022058858112816077
44036,3031036,2017-01-13 03:09:28,0,0.059938315,0.026755562277114297,0.54810625,0.04558457349332547
44037,3031037,2017-01-13 03:09:41,0,0.04017727,0.021321159232220294,0.2359016,0.01272717378378355
44038,3031038,2017-01-13 03:09:45,0,0.012176134,0.010962030274141221,0.29284212,0.01678853845827604
44039,3031039,2017-01-13 03:09:54,0,0.15688677,0.04734195856782148,0.21836099,0.011579343040798575
44040,3031040,2017-01-13 03:10:05,0,0.017903823,0.013573464538233949,0.39215457,0.02543740332758129
44041,3031041,2017-01-13 03:10:07,1,0.034970667,0.019719856228080118,0.7057317,0.08401399246266757
44042,3031042,2017-01-13 03:10:29,0,0.0030412425,0.005096068073788648,0.21062662,0.01108705956417487
44043,3031043,2017-01-13 03:10:43,0,0.003921389,0.005863146056145692,0.6327479,0.0626456395667787
44044,3031044,2017-01-13 03:11:07,0,0.045360945,0.02283339756654523,0.6473699,0.0663094800778835
44045,3031045,2017-01-13 03:11:11,0,0.010916456,0.010319320048911637,0.19116938,0.009883962750135727
44046,3031046,2017-01-13 03:11:15,0,0.020043045,0.014451815031483257,0.2576724,0.014216302697773273
44047,3031047,2017-01-13 03:11:31,0,0.0014983139,0.0034485601431156854,0.63880163,0.06413120228344296
44048,3031048,2017-01-13 03:12:05,0,0.005178769,0.006835570921333983,0.25362322,0.01393367605417853
44049,3031049,2017-01-13 03:12:08,0,0.21032143,0.05712744906889772,0.34348476,0.02091137692857451
44050,3031050,2017-01-13 03:12:22,0,0.023895463,0.015937381064393467,0.64207673,0.06495310427285256
44051,3031051,2017-01-13 03:12:25,0,0.009325899,0.009458866003752914,0.27330798,0.015333159537239323
44052,3031052,2017-01-13 03:13:25,0,0.0030312282,0.005086804802802459,0.114907086,0.005594411978625067
44053,3031053,2017-01-13 03:13:32,0,0.055913925,0.02571392474422018,0.5256452,0.04196655587812827
44054,3031054,2017-01-13 03:14:13,0,0.012590911,0.011167170056702754,0.2468387,0.013466010151077923
44055,3031055,2017-01-13 03:14:27,0,0.0026656915,0.004738710932099398,0.1746721,0.008901295733913255
44056,3031056,2017-01-13 03:14:38,0,0.018436598,0.013796287757923619,0.20888618,0.010977409503046053
44057,3031057,2017-01-13 03:15:03,0,0.004933449,0.006654948256725326,0.36316496,0.022668041414005184
44058,3031058,2017-01-13 03:15:53,0,0.003638131,0.00562558269245534,0.16587813,0.008390695971781015
44059,3031059,2017-01-13 03:16:03,0,0.0186165,0.013870895764591523,0.17360283,0.008838732321458972
44060,3031060,2017-01-13 03:16:30,0,0.009582429,0.009601802731810185,0.20555896,0.010768923254059898
44061,3031061,2017-01-13 03:17:00,0,0.013533332,0.011622511555371704,0.30497998,0.017728680222479767
44062,3031062,2017-01-13 03:17:03,0,0.010699394,0.010205328823234258,0.383796,0.024615338300224266
44063,3031063,2017-01-13 03:17:11,0,0.0027063373,0.0047784320081563384,0.16848981,0.008541406231503828
44064,3031064,2017-01-13 03:17:21,0,0.013466742,0.011590804673022434,0.289141,0.016507446536529826
44065,3031065,2017-01-13 03:17:22,0,0.11272681,0.03868699135344144,0.20226823,0.010564171180048465
44066,3031066,2017-01-13 03:17:22,0,0.03305783,0.019107157465459983,0.3196124,0.01890092646934973
44067,3031067,2017-01-13 03:17:31,0,0.120510355,0.04027099823837972,0.22826059,0.012221677294842706
44068,3031068,2017-01-13 03:17:35,0,0.03594729,0.020027318413557475,0.3757364,0.02384110686744204
44069,3031069,2017-01-13 03:17:47,0,0.08649349,0.033075503407890144,0.24710152,0.01348399086051846
44070,3031070,2017-01-13 03:18:12,0,0.03740128,0.020478762820008725,0.4715584,0.03438014020027094
44071,3031071,2017-01-13 03:18:35,0,0.0047050845,0.006483165964186414,0.19517368,0.01012755199222264
44072,3031072,2017-01-13 03:18:42,0,0.030592173,0.01829515109227021,0.26275635,0.014574949878716145
44073,3031073,2017-01-13 03:19:25,0,0.0016578647,0.00364654496356101,0.27459356,0.015426843990873542
44074,3031074,2017-01-13 03:19:29,0,0.21421418,0.057824578275375724,0.40836456,0.02708998611650214
44075,3031075,2017-01-13 03:20:00,0,0.04135362,0.021670940044940207,0.3422519,0.020804414254915016
44076,3031076,2017-01-13 03:20:19,0,0.0066561378,0.007851191858714291,0.2222551,0.011830347229145326
44077,3031077,2017-01-13 03:20:51,0,0.0027324555,0.0048038150536305925,0.22731368,0.01215962990080928
44078,3031078,2017-01-13 03:20:52,0,0.063871615,0.02774823945828294,0.806056,0.13438452201044704
44079,3031079,2017-01-13 03:20:59,0,0.010423979,0.010059211157942814,0.4527151,0.03205072702004306
44080,3031080,2017-01-13 03:21:04,0,0.46551344,0.10445045118085217,0.8793586,0.2099843678830339
44081,3031081,2017-01-13 03:21:07,0,0.01190657,0.010827057099002807,0.28530177,0.016218547986502487
44082,3031082,2017-01-13 03:21:10,0,0.008601613,0.009045591705238531,0.19569294,0.010159288795429293
44083,3031083,2017-01-13 03:21:22,0,0.007442921,0.008350789429618772,0.7094848,0.08535984976048991
44084,3031084,2017-01-13 03:22:10,0,0.008020101,0.008702472350747626,0.114328906,0.005564156106526846
44085,3031085,2017-01-13 03:22:10,0,0.0047448664,0.0065133547890335675,0.36412832,0.02275648676414814
44086,3031086,2017-01-13 03:22:27,0,0.010523206,0.010112048954562913,0.16633429,0.008416962877201381
44087,3031087,2017-01-13 03:23:03,0,0.008979639,0.009263138234265098,0.26444486,0.014695014121869389
44088,3031088,2017-01-13 03:23:05,0,0.23065884,0.06075637329580839,0.88248384,0.21475435176636076
44089,3031089,2017-01-13 03:23:17,0,0.008845432,0.009186378328334395,0.38410047,0.024644936070258167
44090,3031090,2017-01-13 03:23:36,0,0.07967487,0.031528478931988395,0.19556752,0.010151619882106258
44091,3031091,2017-01-13 03:23:38,0,0.026452491,0.016867124898815342,0.38080588,0.02432602250150399
44092,3031092,2017-01-13 03:24:01,0,0.0053821243,0.00698241645077454,0.28288582,0.01603813060926879
44093,3031093,2017-01-13 03:24:18,0,0.048681695,0.023765834610224384,0.32447013,0.01929991231359502
44094,3031094,2017-01-13 03:24:19,0,0.0089090215,0.009222812442246086,0.2999126,0.017332724169565744
44095,3031095,2017-01-13 03:24:44,0,0.016352205,0.012907525988604894,0.47378367,0.03466495930072635
44096,3031096,2017-01-13 03:24:51,0,0.001971145,0.004011882828942109,0.26910827,0.01502910736690328
44097,3031097,2017-01-13 03:24:57,0,0.0029292584,0.0049916889606466805,0.5755454,0.05045908696994401
44098,3031098,2017-01-13 03:25:02,0,0.0011245474,0.002943610737547681,0.25744683,0.014200487991189182
44099,3031099,2017-01-13 03:25:03,0,0.0059515117,0.00738090896663642,0.25999042,0.014379299240228481
44100,3031100,2017-01-13 03:25:34,0,0.048093002,0.023602422762680687,0.20218767,0.010559176825229092
44101,3031101,2017-01-13 03:25:42,0,0.0058550597,0.007314643987096154,0.28441775,0.016152408161530765
44102,3031102,2017-01-13 03:26:48,0,0.0020992993,0.004153731112434737,0.2053348,0.0107549304526508
44103,3031103,2017-01-13 03:26:49,0,0.12751724,0.04167209505530726,0.20743056,0.010886016915561202
44104,3031104,2017-01-13 03:27:52,0,0.049936567,0.024111583700433554,0.27838638,0.015704927114594796
44105,3031105,2017-01-13 03:28:06,0,0.0060764425,0.007466031633294067,0.19756289,0.010273864572273146
44106,3031106,2017-01-13 03:28:16,0,0.07187617,0.029700770734541856,0.6109699,0.05763672511851438
44107,3031107,2017-01-13 03:28:20,0,0.021856057,0.015164943138859879,0.29059917,0.0166178859707338
44108,3031108,2017-01-13 03:28:37,0,0.0028207987,0.004888875688220985,0.52125704,0.04129478667912242
44109,3031109,2017-01-13 03:29:44,0,0.16769794,0.04936495997394252,0.4203148,0.028360471339819004
44110,3031110,2017-01-13 03:30:03,0,0.0039636423,0.005897915297207018,0.22820608,0.012218102031550724
44111,3031111,2017-01-13 03:30:24,0,0.0119924825,0.01087021916847998,0.14653346,0.0072979514248585715
44112,3031112,2017-01-13 03:30:30,0,0.007279223,0.008248857881073634,0.2926717,0.01677553991569781
44113,3031113,2017-01-13 03:30:39,0,0.008256653,0.008843340095978322,0.36689192,0.023011526621155683
44114,3031114,2017-01-13 03:30:39,0,0.004435523,0.006275520780905533,0.12656373,0.006210985943877833
44115,3031115,2017-01-13 03:30:49,0,0.0077256626,0.008524526888120665,0.16764009,0.008492286419168132
44116,3031116,2017-01-13 03:31:02,0,0.021972666,0.015209921213819535,0.2790483,0.01575371761952222
44117,3031117,2017-01-13 03:32:02,0,0.26639202,0.06708832968691968,0.32778308,0.01957491757795272
44118,3031118,2017-01-13 03:32:08,0,0.0028415811,0.004908711629619242,0.35015172,0.02149597873645713
44119,3031119,2017-01-13 03:32:27,0,0.0011941316,0.0030427534836632427,0.2301269,0.012344351584628046
44120,3031120,2017-01-13 03:32:35,0,0.0035084696,0.0055140810123109445,0.24183884,0.01312598080774715
44121,3031121,2017-01-13 03:34:07,0,0.005283599,0.00691158521332235,0.15566732,0.007808822909577666
44122,3031122,2017-01-13 03:34:34,0,0.017105348,0.013234048956060201,0.20698725,0.010858239708938107
44123,3031123,2017-01-13 03:35:01,0,0.0062811044,0.007603810786304178,0.24630406,0.013429465265576333
44124,3031124,2017-01-13 03:36:01,0,0.15960135,0.047852618466889346,0.39577472,0.025799672595397234
44125,3031125,2017-01-13 03:36:37,0,0.005261731,0.006895784316624365,0.12731025,0.00625090935740554
44126,3031126,2017-01-13 03:36:40,0,0.007052587,0.00810603640066377,0.324465,0.019299488641671154
44127,3031127,2017-01-13 03:36:41,0,0.0041697887,0.006065221261141547,0.22558224,0.012046510500086588
44128,3031128,2017-01-13 03:37:04,0,0.15290934,0.04659018410997178,0.73492634,0.09533119190900728
44129,3031129,2017-01-13 03:37:14,0,0.058625884,0.0264188877195266,0.7708765,0.11254565083711658
44130,3031130,2017-01-13 03:37:16,0,0.0015916987,0.0035655264691266874,0.24355118,0.013241997647265155
44131,3031131,2017-01-13 03:38:14,0,0.0054194797,0.007009120054188609,0.20464292,0.010711783004882312
44132,3031132,2017-01-13 03:38:45,0,0.20591564,0.056336665193721026,0.76895374,0.11151215195593998
44133,3031133,2017-01-13 03:39:12,0,0.009446778,0.009526433196150378,0.28339288,0.016075908532300887
44134,3031134,2017-01-13 03:39:32,0,0.0042406972,0.006121910114725809,0.20991817,0.011042377127432208
44135,3031135,2017-01-13 03:39:58,0,0.0018905922,0.003920597765369567,0.18030652,0.009233205322664202
44136,3031136,2017-01-13 03:40:01,0,0.13436913,0.04302198350217611,0.29357415,0.016844438919620917
44137,3031137,2017-01-13 03:40:08,0,0.016955623,0.013169642728759775,0.34555945,0.021092175851534285
44138,3031138,2017-01-13 03:40:11,0,0.2513241,0.06442114269293364,0.33665082,0.020322871047209135
44139,3031139,2017-01-13 03:41:09,0,0.0030407424,0.005095605784028747,0.1904545,0.009840687810566092
44140,3031140,2017-01-13 03:41:18,0,0.0023539595,0.004424531164065951,0.2444535,0.013303315211671416
44141,3031141,2017-01-13 03:41:37,0,0.0052665495,0.006899268608429035,0.22486064,0.011999493746151463
44142,3031142,2017-01-13 03:41:39,0,0.0185085,0.013826144247190711,0.23636167,0.012757886776744796
44143,3031143,2017-01-13 03:42:02,0,0.0063747936,0.007666213836427013,0.20808081,0.010926808799126067
44144,3031144,2017-01-13 03:42:47,0,0.39987928,0.09139207023086447,0.4496753,0.031688191232263775
44145,3031145,2017-01-13 03:43:03,0,0.011501771,0.010621814106032688,0.19165607,0.00991346069842422
44146,3031146,2017-01-13 03:43:18,0,0.002323819,0.0043931908368396114,0.16300005,0.008225508954772075
44147,3031147,2017-01-13 03:43:45,0,0.007083652,0.00812573266038416,0.14937408,0.007455879863605909
44148,3031148,2017-01-13 03:43:55,1,0.12098505,0.04036662876069708,0.6227395,0.0602810341371097
44149,3031149,2017-01-13 03:44:17,0,0.005319343,0.006937349775915901,0.2586487,0.01428484539085319
44150,3031150,2017-01-13 03:45:29,0,0.0024685008,0.004542023190937378,0.19511682,0.010124078672722997
44151,3031151,2017-01-13 03:45:38,0,0.005399466,0.006994823479825571,0.17477378,0.008907252428010137
44152,3031152,2017-01-13 03:45:49,0,0.1488055,0.04580983098458393,0.41751185,0.02805834117773215
44153,3031153,2017-01-13 03:46:07,0,0.0011643659,0.003000669881848735,0.56850904,0.04915714724187694
44154,3031154,2017-01-13 03:46:13,0,0.0055525834,0.007103608120609801,0.1380064,0.006828913546980317
44155,3031155,2017-01-13 03:47:18,0,0.10904049,0.037925559901221886,0.7146327,0.08725494452684181
44156,3031156,2017-01-13 03:47:23,0,0.044401094,0.022558853997439218,0.4654392,0.033607758416629566
44157,3031157,2017-01-13 03:47:26,0,0.0028535856,0.004920139781562295,0.23779748,0.012853941651555009
44158,3031158,2017-01-13 03:48:14,0,0.19375013,0.054141624900595244,0.6673107,0.07175370375436982
44159,3031159,2017-01-13 03:49:04,0,0.040185668,0.02132367060307747,0.48665118,0.03635465251902355
44160,3031160,2017-01-13 03:49:31,0,0.001858441,0.0038836771152232358,0.24499136,0.01333992532483946
44161,3031161,2017-01-13 03:49:51,0,0.09064367,0.03399667941501418,0.28366062,0.016095875397671586
44162,3031162,2017-01-13 03:50:00,1,0.009392271,0.009496013131169061,0.2548093,0.014016187443117618
44163,3031163,2017-01-13 03:50:14,0,0.027508456,0.01723985487134186,0.87043756,0.19733048663428854
44164,3031164,2017-01-13 03:51:35,0,0.0016350191,0.0036187379768038083,0.2228298,0.011867572926302368
44165,3031165,2017-01-13 03:51:37,0,0.07799081,0.031139391607081648,0.43624339,0.030127766867120456
44166,3031166,2017-01-13 03:52:30,0,0.021987721,0.015215720992568602,0.30094615,0.01741307634074237
44167,3031167,2017-01-13 03:53:15,0,0.0058566057,0.0073157099501080895,0.19446151,0.010084080594292461
44168,3031168,2017-01-13 03:53:50,0,0.0025524015,0.00462654044037265,0.17612,0.008986228015273878
44169,3031169,2017-01-13 03:54:05,0,0.008183183,0.008799782568420447,0.21140045,0.01113594375901448
44170,3031170,2017-01-13 03:54:08,0,0.0019911125,0.0040342503704124,0.65534,0.0684199018679539
44171,3031171,2017-01-13 03:54:32,0,0.01779447,0.01352737488437917,0.21632524,0.011448969387506652
44172,3031172,2017-01-13 03:54:33,0,0.013278772,0.011500929933803614,0.38596103,0.02482637098522781
44173,3031173,2017-01-13 03:54:45,0,0.018722022,0.013914512214480802,0.35118836,0.021587827469795554
44174,3031174,2017-01-13 03:54:48,0,0.0023212647,0.00439052640150719,0.13939716,0.006904904930835482
44175,3031175,2017-01-13 03:55:23,0,0.09720913,0.035425833294999064,0.37561506,0.023829586822934585
44176,3031176,2017-01-13 03:55:28,0,0.0031458312,0.005192008995158504,0.19402222,0.01005729846568292
44177,3031177,2017-01-13 03:55:33,0,0.0015756366,0.0035456320945413304,0.23135428,0.012425306012600704
44178,3031178,2017-01-13 03:55:37,0,0.29052562,0.07136729137075196,0.26321158,0.014607272876455461
44179,3031179,2017-01-13 03:55:55,0,0.016296208,0.012882989767821783,0.20211175,0.010554470568183792
44180,3031180,2017-01-13 03:56:17,0,0.07471899,0.030374850398432997,0.28420326,0.016136382390251378
44181,3031181,2017-01-13 03:56:58,0,0.003142645,0.005189107466131141,0.2141292,0.011308974528830354
44182,3031182,2017-01-13 03:57:03,0,0.0012434053,0.0031113971268902675,0.7825174,0.1191247832960425
44183,3031183,2017-01-13 03:57:25,0,0.0006824824,0.00223458580272887,0.1520494,0.007605400318612383
44184,3031184,2017-01-13 03:57:39,0,0.16682418,0.04920248788235766,0.6508824,0.0672292532956679
44185,3031185,2017-01-13 03:57:46,0,0.04021207,0.021331565435115198,0.42811587,0.029215128290367973
44186,3031186,2017-01-13 03:59:04,0,0.05351954,0.025080485633105314,0.19547835,0.010146168951188224
44187,3031187,2017-01-13 03:59:19,0,0.008839201,0.009182802260719698,0.1187717,0.005797428596701411
44188,3031188,2017-01-13 04:00:06,0,0.014116871,0.011897488938515107,0.23096515,0.012399616231081744
44189,3031189,2017-01-13 04:00:30,0,0.019830955,0.014366606732499778,0.26872098,0.015001221432846039
44190,3031190,2017-01-13 04:00:31,0,0.004065158,0.00598077860185963,0.22355723,0.011914758309257659
44191,3031191,2017-01-13 04:00:39,0,0.0015697395,0.003538305313134674,0.17973743,0.009199509728915478
44192,3031192,2017-01-13 04:01:32,0,0.0010325487,0.0028081998206733257,0.21530084,0.011383582691269075
44193,3031193,2017-01-13 04:02:23,0,0.003713507,0.005689584303598929,0.20062631,0.010462542290917046
44194,3031194,2017-01-13 04:02:35,0,0.0064133583,0.007691781498822169,0.39291438,0.025513121262076024
44195,3031195,2017-01-13 04:02:43,0,0.07804275,0.03115143710907327,0.67468816,0.073913650201556
44196,3031196,2017-01-13 04:02:46,0,0.0035724891,0.005569360784551369,0.20690596,0.010853149294397593
44197,3031197,2017-01-13 04:03:08,0,0.0008423677,0.0025098251301238364,0.33620957,0.02028523863674071
44198,3031198,2017-01-13 04:04:26,0,0.082960635,0.032279443749459034,0.5972522,0.05472603420580622
44199,3031199,2017-01-13 04:05:10,0,0.0012694255,0.003147153451482537,0.6389708,0.06417333542714398
44200,3031200,2017-01-13 04:05:34,1,0.004195023,0.006085444164257339,0.3810172,0.0243463889613694
44201,3031201,2017-01-13 04:06:06,0,0.025452625,0.01650833363796045,0.14436354,0.007177881519548862
44202,3031202,2017-01-13 04:06:32,0,0.012359646,0.011053164871233551,0.24967524,0.013660649981415252
44203,3031203,2017-01-13 04:07:09,0,0.005459166,0.007037400158226175,0.17011541,0.00863560785060322
44204,3031204,2017-01-13 04:07:29,0,0.035667084,0.01993946031433237,0.36999923,0.023300640430151686
44205,3031205,2017-01-13 04:07:35,1,0.1345292,0.04305329714700558,0.48007315,0.03548161683998271
44206,3031206,2017-01-13 04:07:41,0,0.001632405,0.0036155450767269824,0.56503195,0.04852746979552807
44207,3031207,2017-01-13 04:08:14,0,0.006829305,0.007963316006443972,0.18822151,0.00970592712736436
44208,3031208,2017-01-13 04:09:11,0,0.09443247,0.034825411801971684,0.3139829,0.0184447503356766
44209,3031209,2017-01-13 04:09:36,0,0.02805364,0.017429919506567883,0.64265424,0.06509939176784714
44210,3031210,2017-01-13 04:09:56,0,0.002530169,0.004604267432273499,0.19899485,0.010361908077152466
44211,3031211,2017-01-13 04:11:27,0,0.029082743,0.01778449340095893,0.5132114,0.040090937303173424
44212,3031212,2017-01-13 04:11:29,0,0.0034839623,0.005492799985624115,0.1998224,0.010412910843034789
44213,3031213,2017-01-13 04:11:30,0,0.011196086,0.010464704781309465,0.8015244,0.13121721895155602
44214,3031214,2017-01-13 04:11:45,0,0.013054156,0.011392797041939453,0.25575012,0.01408179945482062
44215,3031215,2017-01-13 04:12:57,0,0.0064306245,0.007703206488391086,0.18389307,0.009446463216813857
44216,3031216,2017-01-13 04:13:01,0,0.008566345,0.009025081121517115,0.17456277,0.008894892596887558
44217,3031217,2017-01-13 04:13:04,0,0.007087319,0.008128055160025327,0.20400077,0.010671793301722297
44218,3031218,2017-01-13 04:13:21,0,0.018258918,0.013722290808210932,0.2542495,0.013977217273479838
44219,3031219,2017-01-13 04:13:38,0,0.04023017,0.021336977083902395,0.21645539,0.011457287002657007
44220,3031220,2017-01-13 04:13:44,0,0.0116825,0.01071383518342045,0.3551499,0.021941220731879228
44221,3031221,2017-01-13 04:13:54,0,0.00042042587,0.0017102542461394856,0.33060372,0.01981093845287643
44222,3031222,2017-01-13 04:14:26,0,0.085964344,0.032956989328140784,0.7107425,0.08581751315532299
44223,3031223,2017-01-13 04:14:36,0,0.016133698,0.012811573276769524,0.32030484,0.018957492971348
44224,3031224,2017-01-13 04:14:47,0,0.020961765,0.014816506023858419,0.20050627,0.010455125807142432
44225,3031225,2017-01-13 04:15:01,0,0.0043868786,0.006237454584850767,0.2702523,0.015111631762869957
44226,3031226,2017-01-13 04:15:19,0,0.011456213,0.010598516844330658,0.3883189,0.025057701379303597
44227,3031227,2017-01-13 04:15:34,0,0.0038673733,0.005818452433885904,0.3419206,0.020775732375890255
44228,3031228,2017-01-13 04:15:59,0,0.0042774593,0.006151133120317927,0.2801124,0.015832317119849514
44229,3031229,2017-01-13 04:16:01,0,0.003913775,0.0058568628344240975,0.2540712,0.013964814602020429
44230,3031230,2017-01-13 04:16:17,0,0.0026333178,0.004706879035059574,0.15694925,0.007881242192872142
44231,3031231,2017-01-13 04:16:28,0,0.013112112,0.011420775560694697,0.15963389,0.008033487278894991
44232,3031232,2017-01-13 04:16:36,0,0.0027591477,0.004829643738000584,0.30311108,0.017582061809890977
44233,3031233,2017-01-13 04:17:20,0,0.0006395662,0.0021559063687468624,0.16346061,0.008251880247459637
44234,3031234,2017-01-13 04:17:29,0,0.0010494196,0.002833425125719595,0.20741735,0.010885189288368164
44235,3031235,2017-01-13 04:17:30,0,0.0053681084,0.006972375763970958,0.51590747,0.04049040151736288
44236,3031236,2017-01-13 04:17:46,0,0.004610119,0.006410635654454582,0.23116983,0.012413126316821097
44237,3031237,2017-01-13 04:20:44,0,0.0042864573,0.006158268670299241,0.2077878,0.010908420288226053
44238,3031238,2017-01-13 04:22:13,0,0.00646022,0.007722757961216637,0.18046075,0.009242343745282478
44239,3031239,2017-01-13 04:23:14,0,0.0034707794,0.005481324838653654,0.1911898,0.009885199474450742
44240,3031240,2017-01-13 04:23:19,0,0.16871968,0.04955473459075473,0.18404645,0.009455617971407357
44241,3031241,2017-01-13 04:24:40,0,0.01902402,0.014038754479412859,0.21522246,0.011378585699765936
44242,3031242,2017-01-13 04:25:07,0,0.0012283215,0.003090515508537542,0.22745617,0.012168958090638872
44243,3031243,2017-01-13 04:25:15,0,0.06247521,0.02739852641297708,0.2831119,0.016054968836407002
44244,3031244,2017-01-13 04:25:16,0,0.002675356,0.004748180110895853,0.31422165,0.018463963439858223
44245,3031245,2017-01-13 04:27:13,0,0.0043963064,0.006244846897116417,0.38233453,0.024473621285228276
44246,3031246,2017-01-13 04:27:30,0,0.0031880296,0.005230312737145594,0.14469965,0.007196447679549765
44247,3031247,2017-01-13 04:28:56,0,0.00017271313,0.0010464625698812966,0.21020195,0.011060267131149465
44248,3031248,2017-01-13 04:29:14,0,0.034617875,0.019607919091427718,0.17911102,0.009162464896213356
44249,3031249,2017-01-13 04:31:26,0,0.0012450846,0.003113714840991773,0.27973157,0.015804164965960342
44250,3031250,2017-01-13 04:31:38,0,0.037731443,0.020580262291618964,0.5303326,0.04269636756763644
44251,3031251,2017-01-13 04:31:40,0,0.0040993607,0.006008487976332428,0.15978104,0.008041855027979073
44252,3031252,2017-01-13 04:31:48,0,0.025683466,0.016591692706759347,0.3305661,0.019807779859897297
44253,3031253,2017-01-13 04:32:14,0,0.048219085,0.02363748760852001,0.24935873,0.01363886827315635
44254,3031254,2017-01-13 04:32:20,0,0.0029713248,0.005031104891406168,0.14662515,0.007303035628967347
44255,3031255,2017-01-13 04:32:35,0,0.008201211,0.008810486446662547,0.5268369,0.042150884235438474
44256,3031256,2017-01-13 04:32:49,0,0.0027722518,0.004842282990429538,0.21912216,0.011628238201560373
44257,3031257,2017-01-13 04:33:01,0,0.0014525502,0.0033900470533274308,0.21974857,0.01166853824719703
44258,3031258,2017-01-13 04:33:09,0,0.013402385,0.011560095700194293,0.22949778,0.0123029417116696
44259,3031259,2017-01-13 04:33:18,0,0.0056081694,0.007142767891141295,0.20197807,0.010546185882706938
44260,3031260,2017-01-13 04:33:38,0,0.01596907,0.012738905431194736,0.31596336,0.018604482511669074
44261,3031261,2017-01-13 04:33:45,0,0.00066102896,0.002195541145865917,0.23378164,0.012586060973427491
44262,3031262,2017-01-13 04:34:39,0,0.00866553,0.009082668158867543,0.22736369,0.012162903504972815
44263,3031263,2017-01-13 04:34:54,0,0.063423365,0.02763629617612477,0.43330064,0.02979465200682624
44264,3031264,2017-01-13 04:37:23,0,0.008875868,0.009203831566723124,0.72507304,0.09128331450046209
44265,3031265,2017-01-13 04:38:14,0,0.0006986767,0.0022636954440693052,0.21449795,0.011332435951707322
44266,3031266,2017-01-13 04:38:58,0,0.012941787,0.011338394732174415,0.76398844,0.10890842355377214
44267,3031267,2017-01-13 04:39:41,0,0.007591702,0.00844257055757493,0.3050403,0.01773342389326246
44268,3031268,2017-01-13 04:39:49,1,0.025901271,0.016670052543080502,0.74385285,0.0992247559343554
44269,3031269,2017-01-13 04:40:47,0,0.0033697723,0.005392745874156064,0.18917042,0.009763117703155858
44270,3031270,2017-01-13 04:40:56,0,0.002303789,0.004372262298731486,0.2115588,0.011145957300847721
44271,3031271,2017-01-13 04:42:15,0,0.024421262,0.01613189864849978,0.25020093,0.013696861031236893
44272,3031272,2017-01-13 04:42:32,0,0.00760316,0.008449605559592838,0.6765265,0.0744650947891001
44273,3031273,2017-01-13 04:42:35,0,0.0012172149,0.0030750661845374136,0.3441109,0.020965836556968973
44274,3031274,2017-01-13 04:42:51,0,0.0048888307,0.006621669186220337,0.25691104,0.014162957921685997
44275,3031275,2017-01-13 04:43:17,0,0.12896837,0.041959574682261434,0.32774857,0.019572040582068437
44276,3031276,2017-01-13 04:44:18,0,0.0012553296,0.003127824469508263,0.10942801,0.005308900734328064
44277,3031277,2017-01-13 04:44:32,0,0.007930443,0.00864859898488318,0.45182347,0.03194402053150578
44278,3031278,2017-01-13 04:44:39,0,0.00023954292,0.001253641827497717,0.18448617,0.009481879663020611
44279,3031279,2017-01-13 04:44:58,0,0.001861979,0.0038877538998547114,0.15067351,0.007528407811137638
44280,3031280,2017-01-13 04:45:32,0,0.009936795,0.009796494454473172,0.25411117,0.013967594030393627
44281,3031281,2017-01-13 04:45:44,0,0.0034938296,0.0055013763973602876,0.2061035,0.010802943836521202
44282,3031282,2017-01-13 04:46:00,0,0.0019029768,0.0039347443538592245,0.15892398,0.007993151499808919
44283,3031283,2017-01-13 04:47:29,0,0.026421135,0.016855961614929485,0.16359751,0.008259723364517513
44284,3031284,2017-01-13 04:47:31,0,0.004812088,0.006564110383124332,0.2698768,0.015084521704395037
44285,3031285,2017-01-13 04:48:18,0,0.0022636899,0.004330118086342117,0.13427721,0.006626109532484054
44286,3031286,2017-01-13 04:49:37,0,0.024521999,0.016168961345538076,0.21956022,0.011656415023917432
44287,3031287,2017-01-13 04:50:04,0,0.009800664,0.009722072586857467,0.65570456,0.06851845559419915
44288,3031288,2017-01-13 04:50:22,0,0.0035265405,0.0055297303658334435,0.25317284,0.01390240428544881
44289,3031289,2017-01-13 04:52:42,0,0.00033136393,0.0014996308784802586,0.22171532,0.011795426647160406
44290,3031290,2017-01-13 04:52:46,1,0.013743813,0.01172228386458166,0.61686677,0.05894384619055683
44291,3031291,2017-01-13 04:53:03,0,0.0015619716,0.00352863513212949,0.27008897,0.015099837130999327
44292,3031292,2017-01-13 04:53:07,0,0.01113887,0.010435088924255192,0.23143832,0.012430857315323616
44293,3031293,2017-01-13 04:54:13,1,0.0024412782,0.004514324748203297,0.12695758,0.006232042302442533
44294,3031294,2017-01-13 04:54:47,0,0.008453525,0.008959216260449742,0.2511521,0.013762492662171711
44295,3031295,2017-01-13 04:55:35,0,0.036138464,0.02008709901663972,0.15181132,0.007592062752958607
44296,3031296,2017-01-13 04:55:43,0,0.0023122006,0.004381061167893047,0.120114796,0.005868306257229859
44297,3031297,2017-01-13 04:55:57,0,0.0018129495,0.003830943816390235,0.5664878,0.04879003123474756
44298,3031298,2017-01-13 04:56:01,0,0.004031463,0.005953378599516961,0.49545804,0.03755496322805293
44299,3031299,2017-01-13 04:56:34,0,0.0046533914,0.006443767238113302,0.26470974,0.014713892368921724
44300,3031300,2017-01-13 04:57:16,0,0.0053936797,0.0069906856755366405,0.7447356,0.09962225968420696
44301,3031301,2017-01-13 04:57:56,0,0.0023428428,0.004412992924292279,0.37275374,0.023559039518462638
44302,3031302,2017-01-13 04:59:02,0,0.0039252616,0.005866339562033709,0.73197556,0.09409250818246886
44303,3031303,2017-01-13 04:59:16,0,0.044173706,0.022493467406747725,0.33566168,0.020238573149873887
44304,3031304,2017-01-13 04:59:34,0,0.00695282,0.008042518412737154,0.66045386,0.06981917035822444
44305,3031305,2017-01-13 04:59:35,0,0.0069383522,0.008033273798981085,0.3083382,0.01799387710060617
44306,3031306,2017-01-13 05:00:06,0,0.01993933,0.014410195576926448,0.32468536,0.019317706698895903
44307,3031307,2017-01-13 05:01:28,0,0.001963109,0.004002852373591609,0.30925676,0.01806680863151275
44308,3031308,2017-01-13 05:02:41,0,0.006693707,0.007875626833566386,0.20291448,0.010604268643492764
44309,3031309,2017-01-13 05:02:45,0,0.25819972,0.06563827318898727,0.35594112,0.022012261036201474
44310,3031310,2017-01-13 05:03:17,0,0.06264303,0.027440709033428955,0.33430418,0.02012324093362625
44311,3031311,2017-01-13 05:03:33,0,0.026461879,0.01687046602791036,0.19986726,0.010415678605167308
44312,3031312,2017-01-13 05:03:54,0,0.0012689402,0.003146489542666411,0.31395411,0.01844243432999657
44313,3031313,2017-01-13 05:04:07,0,0.030873364,0.018389102437561138,0.25510207,0.01403658999722616
44314,3031314,2017-01-13 05:04:21,0,0.002244559,0.004309893418585193,0.50986284,0.03960019632075213
44315,3031315,2017-01-13 05:04:34,0,0.04572702,0.02293749091016944,0.16142869,0.008135714118642669
44316,3031316,2017-01-13 05:05:33,0,0.022761177,0.015511415661381377,0.7295425,0.093088414910265
44317,3031317,2017-01-13 05:06:05,0,0.00040963912,0.001685889627205398,0.15977743,0.0080416499365198
44318,3031318,2017-01-13 05:06:11,0,0.06548368,0.02814842594535439,0.32096153,0.019011233744639287
44319,3031319,2017-01-13 05:06:40,0,0.025047893,0.016361400359865746,0.22123197,0.011764191824572745
44320,3031320,2017-01-13 05:06:54,0,0.0014993658,0.003449895630000191,0.11761655,0.005736602396201414
44321,3031321,2017-01-13 05:07:02,0,0.0011059759,0.0029166883867974124,0.13658689,0.006751552119321992
44322,3031322,2017-01-13 05:07:18,0,0.0049507264,0.0066677986818673525,0.13441274,0.006633455494825066
44323,3031323,2017-01-13 05:07:43,0,0.024040213,0.015991111595622078,0.2913813,0.016677286657613078
44324,3031324,2017-01-13 05:07:50,0,0.010380263,0.010035862419901401,0.69395614,0.07997560879903347
44325,3031325,2017-01-13 05:08:07,0,0.0026350555,0.004708592009888898,0.561663,0.04792576452519826
44326,3031326,2017-01-13 05:08:23,0,0.0007845377,0.002413226402795873,0.21434873,0.011322939913473893
44327,3031327,2017-01-13 05:08:54,0,0.0026932736,0.0047656948764322315,0.1581287,0.007948030372914042
44328,3031328,2017-01-13 05:09:44,0,0.0014172441,0.0033443375474585353,0.14095923,0.006990491552319206
44329,3031329,2017-01-13 05:10:00,0,0.0021882786,0.004249942916640065,0.4962796,0.03766882717884575
44330,3031330,2017-01-13 05:10:12,0,0.0069742333,0.008056185590233727,0.2522183,0.013836233051318312
44331,3031331,2017-01-13 05:10:22,0,0.0008496641,0.0025217985655728863,0.18535152,0.009533631143267935
44332,3031332,2017-01-13 05:10:45,0,0.00015872518,0.000998771476904932,0.18568276,0.009553464717472029
44333,3031333,2017-01-13 05:11:54,0,0.00087346253,0.0025605349076866634,0.27679536,0.015587967317417017
44334,3031334,2017-01-13 05:11:56,0,0.0046264343,0.006423143780808415,0.5883937,0.05293701704213495
44335,3031335,2017-01-13 05:12:38,1,0.011984739,0.010866334715254332,0.27659792,0.015573484229978573
44336,3031336,2017-01-13 05:12:50,0,0.002678939,0.004751686577822364,0.20047985,0.010453493806840257
44337,3031337,2017-01-13 05:13:03,0,0.0012826571,0.0031652098574389918,0.16193356,0.008164534488266486
44338,3031338,2017-01-13 05:13:14,0,0.029041667,0.017770442848190286,0.64615905,0.0659960853653066
44339,3031339,2017-01-13 05:13:36,0,0.0015037396,0.003455443979889802,0.62163347,0.06002642899120287
44340,3031340,2017-01-13 05:13:47,0,0.052243933,0.02473853303351313,0.4619453,0.033173726296578006
44341,3031341,2017-01-13 05:14:16,0,0.0040731058,0.005987226865685872,0.1953086,0.01013579458512945
44342,3031342,2017-01-13 05:14:38,0,0.0035135814,0.005518511465333654,0.18955079,0.009786073907781816
44343,3031343,2017-01-13 05:14:47,0,0.024005797,0.015978349041311932,0.71023065,0.08563084972965865
44344,3031344,2017-01-13 05:14:59,0,0.019293984,0.01414909702737407,0.2411295,0.013078052395479382
44345,3031345,2017-01-13 05:15:07,0,0.0029427484,0.0050043564332370935,0.16063453,0.008090436986992113
44346,3031346,2017-01-13 05:15:19,0,0.012413668,0.01107987933188289,0.1398064,0.006927303617476215
44347,3031347,2017-01-13 05:16:27,0,0.0015930057,0.003567141322011776,0.12313527,0.006028317346646815
44348,3031348,2017-01-13 05:16:29,0,0.0012123309,0.0030682525458667863,0.65103644,0.0672699519164814
44349,3031349,2017-01-13 05:16:35,0,0.01123043,0.010482449449397068,0.18895137,0.009749905787750056
44350,3031350,2017-01-13 05:16:48,0,0.0051567922,0.006819548116475841,0.36507574,0.022843698952236324
44351,3031351,2017-01-13 05:16:55,0,0.024008153,0.01597922305949762,0.6463269,0.0660394157889461
44352,3031352,2017-01-13 05:17:39,0,0.001145372,0.002973563111036206,0.25919145,0.014323018458123877
44353,3031353,2017-01-13 05:17:55,0,0.043365642,0.02226000240207803,0.6115764,0.05776955735852146
44354,3031354,2017-01-13 05:18:45,0,0.0043378305,0.006198880792957312,0.19703937,0.010241741935394814
44355,3031355,2017-01-13 05:18:48,0,0.027877506,0.017368686945471307,0.7451094,0.09979127419257112
44356,3031356,2017-01-13 05:19:19,0,0.0017545208,0.0037623347492858027,0.3325214,0.019972403240194933
44357,3031357,2017-01-13 05:20:54,0,0.0018881318,0.003917782465506426,0.15768833,0.00792307633077755
44358,3031358,2017-01-13 05:21:00,0,0.016954215,0.01316903581762271,0.69078976,0.07893486355144841
44359,3031359,2017-01-13 05:21:13,0,0.004828885,0.006576743623681341,0.16146801,0.008137957923820759
44360,3031360,2017-01-13 05:21:13,0,0.007843382,0.008596026684787022,0.74236774,0.09856119396528332
44361,3031361,2017-01-13 05:21:37,0,0.016586471,0.013009780508303865,0.312214,0.01830276071462046
44362,3031362,2017-01-13 05:23:57,0,0.0004299019,0.0017314279022666013,0.14936416,0.0074553266321624265
44363,3031363,2017-01-13 05:24:16,0,0.032679074,0.01898410798466989,0.78745,0.12209155700200654
44364,3031364,2017-01-13 05:24:58,0,0.013358699,0.01153921359618462,0.29076374,0.016630374983227152
44365,3031365,2017-01-13 05:25:06,0,0.03987237,0.02122982253050956,0.7258886,0.09160897152829553
44366,3031366,2017-01-13 05:25:50,0,0.0028990128,0.004963192049448252,0.1602871,0.00807065076506306
44367,3031367,2017-01-13 05:26:16,0,0.035930816,0.020022161077070905,0.7261855,0.09172792908914057
44368,3031368,2017-01-13 05:26:26,0,0.0128548015,0.011296138752228015,0.6982096,0.08140312208149557
44369,3031369,2017-01-13 05:26:43,0,0.0036050808,0.005597332613789373,0.15755293,0.007915407445658159
44370,3031370,2017-01-13 05:26:54,0,0.009928433,0.009791936370978898,0.73640686,0.09596152348599434
44371,3031371,2017-01-13 05:27:06,0,0.0034410849,0.005455405238191963,0.2914827,0.01668499511574675
44372,3031372,2017-01-13 05:27:22,0,0.008140313,0.00877428655886857,0.36988324,0.023289803131320015
44373,3031373,2017-01-13 05:28:16,0,0.027095763,0.01709491823999162,0.74984413,0.10196897428465805
44374,3031374,2017-01-13 05:28:24,0,0.0031804405,0.00522344089330117,0.20016977,0.01043434645954623
44375,3031375,2017-01-13 05:28:36,0,0.0031363904,0.005183408067330062,0.107331164,0.005200340452198776
44376,3031376,2017-01-13 05:29:43,0,0.003980714,0.005911916072238066,0.35746974,0.022149945399145193
44377,3031377,2017-01-13 05:31:37,0,0.07823536,0.031196075114101593,0.8043304,0.1331643387823648
44378,3031378,2017-01-13 05:32:22,0,0.0030971887,0.0051475691363083425,0.6846426,0.0769658073261142
44379,3031379,2017-01-13 05:33:11,0,0.014249808,0.011959430453055482,0.7276738,0.09232758804524852
44380,3031380,2017-01-13 05:33:15,0,0.0011698819,0.0030085046836126478,0.2691648,0.015033180276879159
44381,3031381,2017-01-13 05:34:22,0,0.017486881,0.01339707099916471,0.38622966,0.024852647817363478
44382,3031382,2017-01-13 05:34:33,0,0.0019243951,0.00395911277187821,0.6073629,0.056854138278104815
44383,3031383,2017-01-13 05:34:55,0,0.008351359,0.008899233885331495,0.76874834,0.11140259749944438
44384,3031384,2017-01-13 05:35:26,0,0.21216094,0.057457052035793515,0.5955608,0.054379142710011395
44385,3031385,2017-01-13 05:35:53,0,0.0018146599,0.0038329371320973693,0.60690534,0.05675575709014188
44386,3031386,2017-01-13 05:36:15,0,0.0015651747,0.0035326251723106993,0.31287974,0.01835612518445421
44387,3031387,2017-01-13 05:36:51,0,0.0026079388,0.004681801899174481,0.27102193,0.01516727672903716
44388,3031388,2017-01-13 05:36:56,0,0.0050220075,0.006720604739985048,0.3082583,0.01798754128365708
44389,3031389,2017-01-13 05:37:16,0,0.005246934,0.0068850760497400475,0.7456327,0.10002861405073245
44390,3031390,2017-01-13 05:37:17,0,0.006250411,0.007583276748107487,0.25421917,0.01397510661299732
44391,3031391,2017-01-13 05:37:19,0,0.03651907,0.020205728524130117,0.30491123,0.017723274159177935
44392,3031392,2017-01-13 05:38:07,0,0.0019654443,0.004005478391120939,0.6555003,0.06846321035059975
44393,3031393,2017-01-13 05:38:09,0,0.0037977304,0.005760414100495228,0.193345,0.010016057660327838
44394,3031394,2017-01-13 05:38:42,0,0.01569063,0.012615252215103753,0.1910018,0.009873812756093057
44395,3031395,2017-01-13 05:40:02,0,0.0055122585,0.007075090011696273,0.28153628,0.01593781021291288
44396,3031396,2017-01-13 05:40:07,0,0.0053163595,0.006935202224495445,0.18272384,0.009376768557113273
44397,3031397,2017-01-13 05:40:22,0,0.051522307,0.024543643419058125,0.27536756,0.015483386672438319
44398,3031398,2017-01-13 05:42:49,0,0.15908565,0.04775575237179419,0.58072305,0.051441606931420254
44399,3031399,2017-01-13 05:44:52,0,0.00245891,0.004532280475502496,0.25861332,0.01428235906927401
44400,3031400,2017-01-13 05:45:32,0,0.030201945,0.018164166285285433,0.4789959,0.03534050185779922
44401,3031401,2017-01-13 05:45:49,0,0.0031610695,0.005205867277907714,0.22748461,0.012170820763887492
44402,3031402,2017-01-13 05:46:30,0,0.0051823203,0.00683815711183852,0.27426273,0.015402707431497657
44403,3031403,2017-01-13 05:47:03,0,0.03192795,0.018738314304415575,0.32200268,0.01909662309908719
44404,3031404,2017-01-13 05:48:46,0,0.009032674,0.009293331254284094,0.29196313,0.016721549221444643
44405,3031405,2017-01-13 05:50:27,0,0.09252005,0.034408507558166095,0.4770394,0.03508552920197734
44406,3031406,2017-01-13 05:53:19,0,0.0032059147,0.00524647854617059,0.37947726,0.024198259406176138
44407,3031407,2017-01-13 05:53:43,0,0.024076091,0.01600440806505789,0.17932457,0.009175088412776164
44408,3031408,2017-01-13 05:54:06,0,0.0031766922,0.005220044109633296,0.38189182,0.02443080881841179
44409,3031409,2017-01-13 05:54:35,0,0.012341098,0.011043980779147082,0.6614737,0.07010259937067143
44410,3031410,2017-01-13 05:54:54,0,0.030538406,0.018277145284692313,0.33886316,0.020512216816534208
44411,3031411,2017-01-13 05:55:31,0,0.00050275517,0.0018877063145938328,0.13321137,0.006568401215632267
44412,3031412,2017-01-13 05:56:42,0,0.0015669656,0.0035348545405468443,0.1479569,0.00737698291712249
44413,3031413,2017-01-13 05:58:24,0,0.05038293,0.02423374074782631,0.4807925,0.03557613413685982
44414,3031414,2017-01-13 06:03:03,0,0.012094955,0.010921523077812832,0.14051881,0.006966335655258152
44415,3031415,2017-01-13 06:04:47,0,0.026026279,0.016714900251246848,0.33771053,0.0204134287494844
44416,3031416,2017-01-13 06:05:29,0,0.0042667817,0.006142656867522407,0.50181466,0.03844460413224367
44417,3031417,2017-01-13 06:06:11,0,0.15615337,0.04720366073574207,0.72290665,0.09042619643437697
44418,3031418,2017-01-13 06:06:49,0,0.18623532,0.0527757544708331,0.4324327,0.02969698680538273
44419,3031419,2017-01-13 06:07:51,0,0.020937005,0.014806768807696602,0.12652968,0.006209166288873181
44420,3031420,2017-01-13 06:08:38,0,0.072891414,0.02994258686955587,0.75395906,0.10391870610230301
44421,3031421,2017-01-13 06:15:16,0,0.0044099395,0.006255524119933926,0.2151302,0.011372704396718995
44422,3031422,2017-01-13 06:15:44,0,0.0077030207,0.008510719368639008,0.70206904,0.08272860538249342
44423,3031423,2017-01-13 06:16:14,0,0.036811907,0.02029665594121846,0.3352056,0.02019977993393769
44424,3031424,2017-01-13 06:18:52,0,0.007428605,0.008341915320486268,0.17670307,0.00902050007336362
44425,3031425,2017-01-13 06:19:31,0,0.0025801628,0.004654230541684201,0.2724739,0.01527253141616235
44426,3031426,2017-01-13 06:20:31,0,0.009304627,0.009446935446361084,0.20493504,0.010729992886950847
44427,3031427,2017-01-13 06:24:39,0,0.0011470676,0.0029759911024619364,0.23148896,0.01243420237850635
44428,3031428,2017-01-13 06:26:16,0,0.032068633,0.01878453237164496,0.28522694,0.01621294367310215
44429,3031429,2017-01-13 06:27:36,0,0.012604412,0.011173796696569293,0.49835178,0.03795748529963094
44430,3031430,2017-01-13 06:29:06,0,0.001791426,0.003805787163260527,0.14401563,0.007158675801604143
44431,3031431,2017-01-13 06:29:43,0,0.00078893546,0.0024206822731289656,0.086751886,0.004154586943248875
44432,3031432,2017-01-13 06:29:49,0,0.019972935,0.014423691268085754,0.19710787,0.010245943037678038
44433,3031433,2017-01-13 06:30:41,1,0.23888181,0.062216413048833435,0.34105507,0.020700914322276717
44434,3031434,2017-01-13 06:34:07,0,0.028463414,0.017571752224129485,0.4514291,0.031896921214931456
44435,3031435,2017-01-13 06:36:01,0,0.01024133,0.009961366474333,0.18841283,0.009717448736372345
44436,3031436,2017-01-13 06:40:56,0,0.015928457,0.012720928356965488,0.4839927,0.0359994478312153
44437,3031437,2017-01-13 06:43:52,0,0.0058394126,0.007303848208438785,0.17874324,0.009140737337338434
44438,3031438,2017-01-13 06:44:01,1,0.080325566,0.03167804114965911,0.29372212,0.016855750540630956
44439,3031439,2017-01-13 06:44:59,1,0.07249413,0.029848105022286457,0.34204274,0.02078630321883071
44440,3031440,2017-01-13 06:45:53,0,0.0006577991,0.002189613894230766,0.10276179,0.004965093697040832
44441,3031441,2017-01-13 06:46:09,0,0.17847241,0.05135526831971367,0.5729023,0.04996561866395582
44442,3031442,2017-01-13 06:46:29,0,0.001543035,0.0035049704168806576,0.10807617,0.005238867544001563
44443,3031443,2017-01-13 06:48:13,0,0.01975803,0.01433721811323277,0.5000188,0.03819123434598306
44444,3031444,2017-01-13 06:50:36,0,0.0012743317,0.0031538584541572516,0.10546154,0.005103867936162552
44445,3031445,2017-01-13 06:50:43,0,0.00047906997,0.0018380860379061741,0.14807497,0.0073835483185343475
44446,3031446,2017-01-13 06:52:22,0,0.014121378,0.01189959298108275,0.23602909,0.012735681711204568
44447,3031447,2017-01-13 06:53:27,0,0.019005265,0.014031063659045287,0.4149241,0.02778167864793721
44448,3031448,2017-01-13 06:53:44,0,0.0075607616,0.008423550191040564,0.15900214,0.007997589510622535
44449,3031449,2017-01-13 06:54:05,0,0.0019897504,0.004032727806842892,0.15900786,0.007997914455338755
44450,3031450,2017-01-13 06:54:49,0,0.0765986,0.030815489672539845,0.502435,0.03853250292221576
44451,3031451,2017-01-13 06:55:58,1,0.0628918,0.027503161900951086,0.40379864,0.02661646665776293
44452,3031452,2017-01-13 06:56:44,0,0.0064551816,0.007719432273138477,0.19654942,0.010211711165587991
44453,3031453,2017-01-13 06:56:59,0,0.0142645575,0.011966287225050278,0.21955435,0.011656037212396402
44454,3031454,2017-01-13 06:59:43,0,0.0028016742,0.004870564262060133,0.1766022,0.009014568404103166
44455,3031455,2017-01-13 07:00:05,0,9.28053e-05,0.000742554747048939,0.10147261,0.004899045964439541
44456,3031456,2017-01-13 07:00:51,0,0.0044282037,0.006269805138392553,0.07932994,0.0037857025147309278
44457,3031457,2017-01-13 07:01:49,0,0.0057863905,0.00726716920445422,0.25688326,0.014161013594847222
44458,3031458,2017-01-13 07:01:53,0,0.004529926,0.0063488660786263085,0.225574,0.01204597317069032
44459,3031459,2017-01-13 07:02:09,0,0.24416247,0.06315262900488092,0.13514604,0.006673234530057623
44460,3031460,2017-01-13 07:03:18,0,0.035521667,0.01989375279133794,0.60907215,0.05722340451109335
44461,3031461,2017-01-13 07:05:27,0,0.043955114,0.02243048246504539,0.21928878,0.011638952534066573
44462,3031462,2017-01-13 07:08:44,0,0.046331316,0.023108598676282247,0.2748688,0.015446937934049514
44463,3031463,2017-01-13 07:10:35,0,0.0016860883,0.003680661625814935,0.13278535,0.006545366111954969
44464,3031464,2017-01-13 07:13:31,0,0.0015244801,0.0034816558496221514,0.23983875,0.012991036454310797
44465,3031465,2017-01-13 07:13:57,0,0.033388395,0.019214071299672144,0.30729118,0.017910953530531796
44466,3031466,2017-01-13 07:14:23,0,0.0008780018,0.002567869373001275,0.25205243,0.01382474867404482
44467,3031467,2017-01-13 07:15:21,0,0.00538262,0.006982771175337034,0.15673678,0.007869226548612584
44468,3031468,2017-01-13 07:16:38,0,0.00071355014,0.0022901652531521237,0.13243069,0.006526203188814189
44469,3031469,2017-01-13 07:16:40,0,0.004747907,0.006515657636628161,0.23707953,0.01280587245008445
44470,3031470,2017-01-13 07:17:05,0,0.0010107215,0.0027752878219476354,0.23501839,0.01266830258068585
44471,3031471,2017-01-13 07:17:59,0,0.0045106383,0.006333936728886604,0.25037834,0.013709091806387196
44472,3031472,2017-01-13 07:19:51,0,0.003523301,0.005526927726785715,0.12674017,0.006220417281160214
44473,3031473,2017-01-13 07:23:24,0,0.0016348043,0.0036184757207242237,0.10310344,0.00498262072239452
44474,3031474,2017-01-13 07:28:03,0,0.11501383,0.03915564586771569,0.803702,0.13272433351969531
44475,3031475,2017-01-13 07:28:19,0,0.0017536825,0.0037613429820521284,0.21136661,0.011133804297988588
44476,3031476,2017-01-13 07:28:34,0,0.07283142,0.029928331650149194,0.544975,0.04506131897906929
44477,3031477,2017-01-13 07:29:06,0,0.009272147,0.009428695814873836,0.14136626,0.007012833533810399
44478,3031478,2017-01-13 07:33:01,0,0.01013022,0.009901467565080738,0.18920247,0.009765051458208341
44479,3031479,2017-01-13 07:33:49,0,0.047745917,0.023505706030353807,0.5652776,0.04857166079819896
44480,3031480,2017-01-13 07:34:58,0,0.0060787955,0.007467627330493136,0.229491,0.012302495757384091
44481,3031481,2017-01-13 07:38:44,0,0.0020862848,0.00413950655983308,0.100828655,0.004866107454365007
44482,3031482,2017-01-13 07:41:40,0,0.0006544125,0.0021833850474186614,0.16777873,0.008500295134358767
44483,3031483,2017-01-13 07:43:29,0,0.0022141575,0.004277594296302954,0.43129835,0.029569738635787834
44484,3031484,2017-01-13 07:44:20,1,0.00069934217,0.0022648851630031764,0.24909736,0.01362089370600712
44485,3031485,2017-01-13 07:47:17,0,0.061392777,0.027125418869838096,0.1597663,0.008041016874029264
44486,3031486,2017-01-13 07:47:42,0,0.0014724405,0.0034155788959342698,0.20382178,0.010660656306658049
44487,3031487,2017-01-13 07:49:27,0,0.0013349646,0.00323578587001957,0.17597885,0.008977937789970188
44488,3031488,2017-01-13 07:50:09,0,0.007197392,0.008197521272405639,0.22560254,0.012047833946136906
44489,3031489,2017-01-13 07:51:20,0,0.002015583,0.0040615253125566835,0.14890428,0.007429701696885748
44490,3031490,2017-01-13 07:55:27,0,0.0015326339,0.0034919168579864634,0.21701771,0.01149325195569586
44491,3031491,2017-01-13 08:03:32,0,0.0850346,0.03274814831600639,0.16258654,0.00820185240139623
44492,3031492,2017-01-13 08:08:21,0,0.0023741699,0.0044454454529890735,0.10326075,0.004990694415105521
44493,3031493,2017-01-13 08:12:29,0,0.00078956195,0.0024217428896355663,0.116686486,0.005687717791581262
44494,3031494,2017-01-13 08:25:57,0,0.0023635568,0.004434472697556353,0.16254094,0.00819924495962913
44495,3031495,2017-01-13 08:28:51,0,0.04858178,0.023738154824883048,0.24628335,0.01342805036638312
44496,3031496,2017-01-13 08:29:33,0,0.020242427,0.014531563157357251,0.18538778,0.00953580130344439
44497,3031497,2017-01-13 08:30:48,1,0.0072415685,0.008225267464006843,0.2956852,0.017006212569290118
44498,3031498,2017-01-13 08:30:48,0,0.0012079236,0.0030620934005316514,0.13991322,0.006933152393137511
44499,3031499,2017-01-13 08:31:01,0,0.0021592644,0.004218766497200522,0.16725722,0.008470180897111644
44500,3031500,2017-01-13 08:36:58,0,0.2820397,0.06986065428705289,0.2762383,0.015547121880712278
44501,3031501,2017-01-13 08:46:53,0,0.00523337,0.006875247944398091,0.4013765,0.026367865173440683
44502,3031502,2017-01-13 08:50:01,0,0.07830127,0.031211342689283373,0.1426924,0.007085744651997749
44503,3031503,2017-01-13 08:52:19,0,0.008612336,0.009051819966237913,0.28675497,0.01632758084927717
44504,3031504,2017-01-13 08:53:41,0,0.08572765,0.032903895331537925,0.08463714,0.004049055236641187
44505,3031505,2017-01-13 08:57:17,0,0.0014290661,0.003359699343980102,0.15305692,0.007661907319271865
44506,3031506,2017-01-13 09:04:02,1,0.005631306,0.007159016465154483,0.42065534,0.02839735563889389
44507,3031507,2017-01-13 09:04:58,0,0.15108757,0.04624437666085682,0.073005125,0.0034745492881384046
44508,3031508,2017-01-13 09:05:04,0,0.0032771137,0.005310436104081586,0.33041757,0.019795308714453584
44509,3031509,2017-01-13 09:05:34,0,0.12329307,0.04083008686506209,0.16249195,0.008196443497344857
44510,3031510,2017-01-13 09:10:31,0,0.048698857,0.023770586860713008,0.14918298,0.007445228255094287
44511,3031511,2017-01-13 09:10:57,0,0.021528335,0.015037980097889397,0.6197845,0.05960368268941906
44512,3031512,2017-01-13 09:11:31,0,0.0016250645,0.003606567074277481,0.121986575,0.0059673639144467204
44513,3031513,2017-01-13 09:11:48,0,0.04789491,0.02354725756194278,0.14893743,0.007431548381044584
44514,3031514,2017-01-13 09:11:48,0,0.0050720903,0.006757506677374264,0.17377391,0.00884873335069096
44515,3031515,2017-01-13 09:12:17,0,0.0049217097,0.006646205429501461,0.4907399,0.0369073508288416
44516,3031516,2017-01-13 09:16:13,0,0.005650124,0.007172209916142267,0.5375129,0.04383957947445885
44517,3031517,2017-01-13 09:16:32,1,0.47961575,0.10741252087264895,0.4322494,0.029676392963385822
44518,3031518,2017-01-13 09:17:24,0,0.0036022388,0.005594898040763834,0.20119476,0.010497687482860679
44519,3031519,2017-01-13 09:20:57,0,0.030574515,0.018289239195868962,0.1900979,0.009819125243401916
44520,3031520,2017-01-13 09:31:09,0,0.004240596,0.006121829633175335,0.26257828,0.014562315746534642
44521,3031521,2017-01-13 09:31:28,0,0.006787157,0.007936143379867653,0.24861959,0.01358806417236672
44522,3031522,2017-01-13 09:33:56,0,0.012703891,0.011222529720681785,0.18217699,0.00934422988743729
44523,3031523,2017-01-13 09:37:10,0,0.01862354,0.013873809321972639,0.19059667,0.009849288984287193
44524,3031524,2017-01-13 09:38:53,0,0.0060822163,0.007469946647522061,0.27782544,0.015663640155920876
44525,3031525,2017-01-13 09:42:00,0,0.0060827234,0.007470290422696383,0.14529398,0.0072293063287342885
44526,3031526,2017-01-13 09:42:07,0,0.004476766,0.006307649182644933,0.2767851,0.015587215120849263
44527,3031527,2017-01-13 09:46:14,0,0.018838387,0.013962486947451358,0.1964128,0.01020334311576457
44528,3031528,2017-01-13 09:46:39,0,0.012237361,0.010992503180548474,0.2610797,0.014456199054345689
44529,3031529,2017-01-13 09:48:02,0,0.0080210185,0.008703022176414672,0.2393109,0.01295552502682775
44530,3031530,2017-01-13 09:52:14,0,0.0014899877,0.003437974726103344,0.18796562,0.009690523326350018
44531,3031531,2017-01-13 09:52:30,0,0.002505722,0.004579674390238961,0.15256786,0.007634464657340503
44532,3031532,2017-01-13 09:53:28,0,0.0075061996,0.008389924067759331,0.22593053,0.012069230101330116
44533,3031533,2017-01-13 09:55:42,0,0.0007258004,0.0023117812769884454,0.15770201,0.007923851179831284
44534,3031534,2017-01-13 09:56:31,0,0.0075263577,0.008402359913089588,0.1980344,0.01030282646347284
44535,3031535,2017-01-13 10:03:36,0,0.0016025063,0.003578861858923219,0.12606241,0.006184205635403811
44536,3031536,2017-01-13 10:05:58,0,0.005283266,0.006911344857588569,0.15129445,0.0075631296540980796
44537,3031537,2017-01-13 10:06:12,0,0.039877918,0.021231486725889117,0.6407169,0.06461026777679242
44538,3031538,2017-01-13 10:08:29,0,0.00772173,0.008522130045944213,0.18974814,0.009797991698379435
44539,3031539,2017-01-13 10:12:48,0,0.03435521,0.019524270951789362,0.24065098,0.013045763336935004
44540,3031540,2017-01-13 10:13:58,0,0.0069143996,0.008017949474874914,0.17411941,0.008868940994003743
44541,3031541,2017-01-13 10:18:58,0,0.2056057,0.05628095794500774,0.41866776,0.028182625415157515
44542,3031542,2017-01-13 10:20:39,1,0.0021932204,0.004255234504496648,0.2518419,0.013810179784918433
44543,3031543,2017-01-13 10:22:23,0,0.015068008,0.012335230344892032,0.2893115,0.01652033948970911
44544,3031544,2017-01-13 10:26:49,0,0.012448476,0.011097064697458464,0.17350039,0.008832745191659346
44545,3031545,2017-01-13 10:31:44,0,0.009849187,0.009748651954965519,0.17514427,0.00892896572472318
44546,3031546,2017-01-13 10:33:29,0,0.009043423,0.009299441282393212,0.21964595,0.011661932198923456
44547,3031547,2017-01-13 10:35:06,0,0.007825557,0.008585231266233175,0.074061744,0.0035263319559751733
44548,3031548,2017-01-13 10:39:35,0,0.06401855,0.027784869631499936,0.11555975,0.0056286019828651205
44549,3031549,2017-01-13 10:41:57,0,0.009726258,0.00968120167071605,0.19888039,0.010354861043386907
44550,3031550,2017-01-13 10:43:05,0,0.024056977,0.01599732530803904,0.20223607,0.01056217740098486
44551,3031551,2017-01-13 10:48:12,0,0.022522155,0.015420503526755513,0.28689477,0.016338090639821515
44552,3031552,2017-01-13 10:53:11,0,0.026193958,0.01677491330864495,0.37238494,0.023524326259873118
44553,3031553,2017-01-13 10:53:40,0,0.010054442,0.009860448994197064,0.28008845,0.015830547208885916
44554,3031554,2017-01-13 10:57:28,0,0.01695521,0.013169464511098091,0.18866518,0.009732653015862725
44555,3031555,2017-01-13 11:00:20,0,0.015896758,0.012706883365893347,0.29656744,0.01707407110993395
44556,3031556,2017-01-13 11:00:32,0,0.0032587675,0.00529401593480237,0.21999952,0.011684698463483195
44557,3031557,2017-01-13 11:01:42,0,0.04958047,0.024013821753199424,0.3090481,0.018050225492333063
44558,3031558,2017-01-13 11:03:38,0,0.004573847,0.006382756910440046,0.5243784,0.04177150519358936
44559,3031559,2017-01-13 11:05:28,0,0.0042857574,0.006157713886655564,0.13095883,0.006446808558036731
44560,3031560,2017-01-13 11:10:03,0,0.003469754,0.005480431464572508,0.12551984,0.006155249056528023
44561,3031561,2017-01-13 11:10:46,0,0.0040860726,0.005997734965780807,0.24218144,0.013149156586166577
44562,3031562,2017-01-13 11:13:40,0,0.011219131,0.010476614198609855,0.16255108,0.008199824371013367
44563,3031563,2017-01-13 11:13:44,0,0.01740667,0.013362927707123823,0.17596251,0.008976977809454924
44564,3031564,2017-01-13 11:13:50,0,0.045721702,0.022935981689820036,0.25296044,0.013887667435715078
44565,3031565,2017-01-13 11:15:07,0,0.01276665,0.011253187887832895,0.21664588,0.011469465775561353
44566,3031566,2017-01-13 11:15:41,0,0.0060056397,0.007417886437793581,0.25649634,0.014133941671485285
44567,3031567,2017-01-13 11:17:17,0,0.0045533595,0.006366966211399835,0.13950838,0.0069109906258217925
44568,3031568,2017-01-13 11:19:23,0,0.0058192145,0.007289893417676571,0.36438778,0.022780347883142826
44569,3031569,2017-01-13 11:20:17,0,0.005089283,0.006770136987682133,0.3115722,0.01825140241012942
44570,3031570,2017-01-13 11:22:39,0,0.043716498,0.022361584149582343,0.18027142,0.009231125517326837
44571,3031571,2017-01-13 11:27:31,0,0.031497248,0.01859628438495864,0.2869694,0.01634370211010854
44572,3031572,2017-01-13 11:28:37,0,0.015412834,0.012490925783369026,0.17788771,0.00909025627372548
44573,3031573,2017-01-13 11:29:39,0,0.018752092,0.01392692198428163,0.33272004,0.01998917417200524
44574,3031574,2017-01-13 11:32:27,0,0.0019431491,0.0039803502041536164,0.13789834,0.006823017123691956
44575,3031575,2017-01-13 11:35:21,0,0.005602556,0.0071388210938803315,0.16357662,0.008258526314152035
44576,3031576,2017-01-13 11:38:01,0,0.020154715,0.01449652226672558,0.23519276,0.012679916411687201
44577,3031577,2017-01-13 11:38:39,0,0.022313159,0.015340672068248278,0.21479422,0.011351298666967973
44578,3031578,2017-01-13 11:39:13,1,0.0024385613,0.0045115527688342665,0.2176221,0.011531956373756133
44579,3031579,2017-01-13 11:44:55,0,0.009824511,0.009735142260897178,0.32560754,0.01939406035119559
44580,3031580,2017-01-13 11:45:16,0,0.008209228,0.008815243071469235,0.25940135,0.014337793830744325
44581,3031581,2017-01-13 11:46:22,1,0.028374374,0.01754100700382419,0.21232837,0.01119466965462342
44582,3031582,2017-01-13 11:46:45,0,0.014780032,0.012204006158681328,0.20701113,0.010859735740170965
44583,3031583,2017-01-13 11:49:33,0,0.006798784,0.007943646517629932,0.23215935,0.012478526103900756
44584,3031584,2017-01-13 11:50:39,0,0.0072898543,0.008255508684815617,0.24162045,0.013111216410794678
44585,3031585,2017-01-13 11:52:13,0,0.013534161,0.01162290579083982,0.20194462,0.010544112999917437
44586,3031586,2017-01-13 11:55:59,0,0.0057229293,0.00722307090963661,0.31706566,0.01869373904422939
44587,3031587,2017-01-13 11:56:27,0,0.0064811422,0.007736555514245406,0.29701927,0.017108882003213834
44588,3031588,2017-01-13 11:56:45,0,0.0067702737,0.007925237581131313,0.29170865,0.016702181792809065
44589,3031589,2017-01-13 11:58:15,0,0.0010737573,0.0028694963024921633,0.24516274,0.013351599885902154
44590,3031590,2017-01-13 11:58:45,1,0.029485863,0.017921941825889773,0.21072046,0.011092983727364055
44591,3031591,2017-01-13 11:59:51,0,0.012096442,0.010922266308294263,0.13546172,0.006690375630761702
44592,3031592,2017-01-13 12:00:15,0,0.010133146,0.009903048796115007,0.22182178,0.011802311284709063
44593,3031593,2017-01-13 12:00:15,0,0.008463583,0.008965104094994151,0.12194911,0.005965377778070902
44594,3031594,2017-01-13 12:01:08,0,0.004831682,0.0065788451535881975,0.2227595,0.01186301660920814
44595,3031595,2017-01-13 12:02:46,0,0.013134034,0.011431344491359763,0.17466687,0.008900989377640894
44596,3031596,2017-01-13 12:05:48,0,0.004067002,0.005982275186003973,0.2804142,0.015854647060635215
44597,3031597,2017-01-13 12:06:25,0,0.026669284,0.01694415466278845,0.18420444,0.009465051448204278
44598,3031598,2017-01-13 12:11:13,0,0.0060336767,0.007436981419948218,0.17530037,0.008938119442101133
44599,3031599,2017-01-13 12:11:19,0,0.025997074,0.016704431095066856,0.24493241,0.013335910679057435
44600,3031600,2017-01-13 12:12:43,0,0.041266255,0.02164510242323242,0.15273812,0.007644015664866551
44601,3031601,2017-01-13 12:14:59,0,0.02816818,0.017469651941918737,0.21516477,0.011374907848044579
44602,3031602,2017-01-13 12:16:57,0,0.010044879,0.009855262941252505,0.2560719,0.014104272481267794
44603,3031603,2017-01-13 12:17:14,0,0.012196828,0.010972337280298138,0.15991294,0.008049357958051052
44604,3031604,2017-01-13 12:17:31,0,0.090784796,0.034027752363855586,0.3537922,0.021819675494756333
44605,3031605,2017-01-13 12:19:16,0,0.013250045,0.011487145210395453,0.18057902,0.009249353574667074
44606,3031606,2017-01-13 12:20:48,0,0.03708255,0.020380427504941706,0.22215837,0.011824086750673077
44607,3031607,2017-01-13 12:21:40,0,0.04748421,0.02343259624418204,0.19051273,0.009844210550921441
44608,3031608,2017-01-13 12:23:26,0,0.0096751675,0.009653057714580927,0.4826999,0.03582788288462182
44609,3031609,2017-01-13 12:24:51,1,0.058395963,0.02635961221697858,0.2379519,0.012864290761152492
44610,3031610,2017-01-13 12:26:12,0,0.02910751,0.01779296059929048,0.178443,0.009123011447950368
44611,3031611,2017-01-13 12:26:40,0,0.02660536,0.01692146919980919,0.27228206,0.015258604030365042
44612,3031612,2017-01-13 12:27:17,0,0.009088442,0.009324995221544721,0.39736316,0.025959840842071712
44613,3031613,2017-01-13 12:27:26,0,0.0120121995,0.01088010566182986,0.24442148,0.013301136957611327
44614,3031614,2017-01-13 12:31:49,0,0.002087996,0.004141379240907222,0.20040497,0.01044886891938715
44615,3031615,2017-01-13 12:31:54,0,0.09279593,0.03446882300694606,0.23429258,0.01262001029173622
44616,3031616,2017-01-13 12:32:08,0,0.07230965,0.029804169736164413,0.21275254,0.011221552821765072
44617,3031617,2017-01-13 12:35:08,0,0.23417556,0.06138116577394556,0.31795293,0.018765767991329958
44618,3031618,2017-01-13 12:36:24,0,0.32759225,0.07799983204464615,0.7505346,0.1022923502620274
44619,3031619,2017-01-13 12:38:20,0,0.011410634,0.010575168174862868,0.20768684,0.010902087410380415
44620,3031620,2017-01-13 12:41:19,0,0.013061327,0.01139626190590722,0.29325214,0.016819836466386597
44621,3031621,2017-01-13 12:41:22,0,0.02276195,0.015511709005561087,0.36348358,0.022697267249042613
44622,3031622,2017-01-13 12:43:12,0,0.035195086,0.019790818895520167,0.34522527,0.021062986201747742
44623,3031623,2017-01-13 12:43:35,0,0.008012289,0.00869778904765745,0.2746971,0.015434401328339767
44624,3031624,2017-01-13 12:44:11,0,0.013382727,0.011550702969868296,0.15591632,0.007822875375001445
44625,3031625,2017-01-13 12:46:08,0,0.012800825,0.011269854651671832,0.26635486,0.0148314044128497
44626,3031626,2017-01-13 12:47:10,0,0.01849286,0.013819654695941864,0.3079807,0.017965537752774208
44627,3031627,2017-01-13 12:48:03,0,0.012972786,0.011353423321406368,0.19891036,0.010356705897663259
44628,3031628,2017-01-13 12:50:06,0,0.005946132,0.007377225592350525,0.23602809,0.012735615078189398
44629,3031629,2017-01-13 12:50:28,0,0.0016412531,0.003626343076129524,0.16839582,0.008535968524322124
44630,3031630,2017-01-13 12:50:41,0,0.0036514562,0.005636939951714701,0.23114157,0.01241126015012452
44631,3031631,2017-01-13 12:51:08,0,0.042412225,0.021982277223951834,0.28356203,0.01608852188470087
44632,3031632,2017-01-13 12:51:54,0,0.04058632,0.021443253138329857,0.18103088,0.009276150757127195
44633,3031633,2017-01-13 12:52:08,0,0.026837662,0.017003798614403244,0.13960971,0.006916536029654927
44634,3031634,2017-01-13 12:53:36,0,0.021242136,0.014926421685197021,0.16201112,0.008168964565442633
44635,3031635,2017-01-13 12:54:02,0,0.059480283,0.0266383862496507,0.19517799,0.010127815056547237
44636,3031636,2017-01-13 12:54:12,0,0.03828901,0.020750849236273475,0.1971415,0.010248005883648643
44637,3031637,2017-01-13 12:54:54,0,0.057087064,0.026020451437259586,0.19463667,0.010094766676754144
44638,3031638,2017-01-13 12:55:17,0,0.024324322,0.016096171628532514,0.2966806,0.017082785668075178
44639,3031639,2017-01-13 12:55:39,0,0.009230994,0.009405544760057267,0.14040887,0.006960308760759611
44640,3031640,2017-01-13 12:57:18,0,0.013453724,0.011584598138399583,0.2160278,0.011429968824693075
44641,3031641,2017-01-13 12:57:55,0,0.033031885,0.019098746793734484,0.3094882,0.018085211439998784
44642,3031642,2017-01-13 12:58:14,0,0.017668175,0.013473991814960288,0.3243494,0.019289935351895285
44643,3031643,2017-01-13 13:00:13,0,0.018672127,0.013893902181500217,0.34711835,0.02122869111601533
44644,3031644,2017-01-13 13:00:34,0,0.0032077057,0.005248095087319625,0.71796924,0.0885147004819381
44645,3031645,2017-01-13 13:01:23,0,0.052178655,0.024720946797832193,0.25776225,0.014222604566977475
44646,3031646,2017-01-13 13:01:45,0,0.041832596,0.021812202036671075,0.22391333,0.011937884105643018
44647,3031647,2017-01-13 13:02:00,0,0.01921291,0.014116030451852663,0.35455638,0.021888032489571694
44648,3031648,2017-01-13 13:05:40,0,0.043524865,0.022306142326251038,0.22029042,0.011703442390713725
44649,3031649,2017-01-13 13:05:48,0,0.010793794,0.010255027825986194,0.280028,0.015826075498628224
44650,3031650,2017-01-13 13:07:02,0,0.03165925,0.018649801149702376,0.36359456,0.022707453551102735
44651,3031651,2017-01-13 13:08:29,0,0.018101094,0.013656300677743951,0.26383767,0.014651783823396027
44652,3031652,2017-01-13 13:08:57,0,0.010202527,0.009940480889758895,0.21163645,0.011150868735617684
44653,3031653,2017-01-13 13:09:38,0,0.012627618,0.011185180312782539,0.18885899,0.009744335206613736
44654,3031654,2017-01-13 13:09:44,0,0.03864028,0.020857797407796346,0.2978992,0.01717678602454774
44655,3031655,2017-01-13 13:10:13,0,0.008354301,0.008900965722258923,0.2105589,0.01108278602871854
44656,3031656,2017-01-13 13:10:37,0,0.021389265,0.0149838515504316,0.24284488,0.0131940886730414
44657,3031657,2017-01-13 13:10:41,0,0.008532225,0.009005202651372135,0.25507239,0.014034520866537479
44658,3031658,2017-01-13 13:11:03,0,0.12605093,0.04138070124002116,0.19903214,0.01036420485374163
44659,3031659,2017-01-13 13:12:21,0,0.0050602145,0.006748771178805679,0.33854702,0.020485091250433612
44660,3031660,2017-01-13 13:12:31,0,0.016086442,0.012790747722641407,0.24200596,0.01313728369309423
44661,3031661,2017-01-13 13:13:18,0,0.051754463,0.02460645770773061,0.20142603,0.010511997908290856
44662,3031662,2017-01-13 13:13:23,0,0.010924043,0.010323286466893487,0.23007558,0.012340971500279765
44663,3031663,2017-01-13 13:14:54,0,0.023514308,0.0157952285739922,0.36017734,0.022395243233174766
44664,3031664,2017-01-13 13:14:55,0,0.0053859237,0.006985136188678264,0.11177615,0.005430932071905583
44665,3031665,2017-01-13 13:14:58,0,0.05419186,0.02525943858296152,0.15471,0.007754858127594083
44666,3031666,2017-01-13 13:15:49,0,0.04203862,0.021872762069291965,0.24305163,0.013208104998089627
44667,3031667,2017-01-13 13:16:18,0,0.006965016,0.00805030491990729,0.62644905,0.061144567486955695
44668,3031668,2017-01-13 13:16:19,0,0.009568758,0.009594228505352055,0.23016565,0.012346903587801284
44669,3031669,2017-01-13 13:16:24,0,0.0042517376,0.006130698211393782,0.17278373,0.008790896607973843
44670,3031670,2017-01-13 13:17:58,0,0.012076167,0.010912131263456774,0.13640052,0.006741410336904358
44671,3031671,2017-01-13 13:19:38,0,0.095057875,0.03496114462324232,0.20160204,0.010522894009541388
44672,3031672,2017-01-13 13:20:19,0,0.030503454,0.018265433072384346,0.27513203,0.01546616958261465
44673,3031673,2017-01-13 13:20:48,0,0.011452023,0.010596372139405104,0.2891568,0.016508640728009533
44674,3031674,2017-01-13 13:21:20,0,0.024514934,0.016166364149841968,0.28283623,0.01603443835517729
44675,3031675,2017-01-13 13:21:24,0,0.0711911,0.029536899020280116,0.20619893,0.01080890969602794
44676,3031676,2017-01-13 13:21:49,0,0.01565161,0.01259784715531079,0.13675024,0.006760443944732578
44677,3031677,2017-01-13 13:22:25,0,0.06351049,0.027658077947715087,0.2519555,0.013818040826752689
44678,3031678,2017-01-13 13:22:36,0,0.045799825,0.02295815394217722,0.19208269,0.009939342541883047
44679,3031679,2017-01-13 13:23:20,0,0.024598869,0.016197199031736716,0.24285519,0.013194787565525973
44680,3031680,2017-01-13 13:24:06,0,0.06772773,0.028699458838460208,0.18824959,0.009707617528349945
44681,3031681,2017-01-13 13:24:17,0,0.0043983436,0.00624644338510642,0.20362036,0.01064812899984011
44682,3031682,2017-01-13 13:24:31,0,0.017059097,0.013214179599938435,0.19192995,0.009930073791636365
44683,3031683,2017-01-13 13:26:21,0,0.12924506,0.0420142879744346,0.2165217,0.011461525756895262
44684,3031684,2017-01-13 13:26:32,0,0.0013135844,0.003207091201829349,0.11570353,0.0056361392251384305
44685,3031685,2017-01-13 13:27:35,0,0.017525299,0.013413399794864812,0.2774359,0.015635001066759278
44686,3031686,2017-01-13 13:27:41,0,0.016301118,0.012885142634481346,0.1999926,0.010423411525161456
44687,3031687,2017-01-13 13:28:04,0,0.02786819,0.017365444026906162,0.23438984,0.012626477031648643
44688,3031688,2017-01-13 13:28:19,0,0.00703642,0.008095770868196968,0.20314315,0.01061847017180978
44689,3031689,2017-01-13 13:28:54,0,0.027558876,0.017257498948617493,0.21664637,0.01146949721977554
44690,3031690,2017-01-13 13:29:22,0,0.08572499,0.03290329841059174,0.28519148,0.01621028806293156
44691,3031691,2017-01-13 13:29:23,0,0.0068221386,0.007958701053346503,0.16554965,0.008371795546221306
44692,3031692,2017-01-13 13:29:56,0,0.031278193,0.018523737070704045,0.24390021,0.013265701073998352
44693,3031693,2017-01-13 13:30:33,0,0.07674051,0.030848600785645438,0.2263881,0.012099105231423903
44694,3031694,2017-01-13 13:30:50,0,0.04338838,0.02226659598350712,0.17386796,0.008854232285076109
44695,3031695,2017-01-13 13:31:07,0,0.0040253256,0.005948376742613617,0.10574575,0.005118513581972516
44696,3031696,2017-01-13 13:31:26,0,0.008945473,0.009243645256484427,0.2199386,0.011680774903601298
44697,3031697,2017-01-13 13:32:45,0,0.04855519,0.023730785512671455,0.21685915,0.011483106186999666
44698,3031698,2017-01-13 13:33:14,0,0.02740436,0.01720338401124475,0.17618366,0.008989967789944972
44699,3031699,2017-01-13 13:33:39,0,0.024958216,0.016328707705851,0.20018388,0.01043521756726383
44700,3031700,2017-01-13 13:33:45,0,0.021320384,0.01495698604759367,0.2330519,0.01253764132478595
44701,3031701,2017-01-13 13:34:35,0,0.013140903,0.011434654246196822,0.14586306,0.007260803067765735
44702,3031702,2017-01-13 13:34:43,0,0.02541726,0.016495534929804007,0.31932235,0.018877260064093727
44703,3031703,2017-01-13 13:34:55,0,0.01127593,0.0105059220334045,0.28652143,0.01631003295059068
44704,3031704,2017-01-13 13:35:01,0,0.013106115,0.011417883119513408,0.14337756,0.007123485288202145
44705,3031705,2017-01-13 13:35:31,0,0.02208371,0.01525265805226334,0.28839275,0.016450928580092554
44706,3031706,2017-01-13 13:35:54,0,0.03633476,0.02014834592518925,0.24708894,0.013483130166431998
44707,3031707,2017-01-13 13:36:01,0,0.022348486,0.01535418855137412,0.27424136,0.01540114913749038
44708,3031708,2017-01-13 13:36:08,0,0.00777153,0.008552442997013401,0.35157102,0.021621797382910948
44709,3031709,2017-01-13 13:36:21,0,0.09777139,0.03554673373847042,0.1892555,0.009768251290398086
44710,3031710,2017-01-13 13:36:25,0,0.021718511,0.015111756884213744,0.22188267,0.011806249113501243
44711,3031711,2017-01-13 13:37:37,0,0.003434841,0.005449942434661009,0.30281702,0.017559054935981727
44712,3031712,2017-01-13 13:39:03,0,0.0018039829,0.003820479997189368,0.1848724,0.009504966813095922
44713,3031713,2017-01-13 13:39:05,0,0.008433289,0.008947361378000033,0.18566853,0.009552612352435357
44714,3031714,2017-01-13 13:39:13,0,0.11188724,0.03851424001284735,0.16731334,0.008473419882558694
44715,3031715,2017-01-13 13:39:18,0,0.011939163,0.010843448006367697,0.15793824,0.007937235337962464
44716,3031716,2017-01-13 13:39:23,0,0.0066141207,0.007823790989336016,0.19059709,0.009849314229903178
44717,3031717,2017-01-13 13:39:26,1,0.025079485,0.01637290577452649,0.28133848,0.015923134078182046
44718,3031718,2017-01-13 13:39:33,0,0.014612731,0.012127256232381948,0.32014984,0.01894482161895493
44719,3031719,2017-01-13 13:40:06,0,0.029976232,0.01808807861241714,0.2590208,0.014311011327411374
44720,3031720,2017-01-13 13:40:24,0,0.0792686,0.0314348802230599,0.27538535,0.015484687662302134
44721,3031721,2017-01-13 13:41:53,0,0.011032077,0.010379630413426549,0.12595697,0.006178576101260759
44722,3031722,2017-01-13 13:42:38,0,0.036719214,0.020267906735136437,0.23688206,0.012792664808550307
44723,3031723,2017-01-13 13:42:58,0,0.0019951046,0.004038710223611202,0.15705,0.007886941216941942
44724,3031724,2017-01-13 13:43:20,0,0.0022922887,0.004360209427264022,0.12154559,0.005943996751657433
44725,3031725,2017-01-13 13:43:29,0,0.045696273,0.022928761422193186,0.17481902,0.008909902954303729
44726,3031726,2017-01-13 13:43:32,0,0.012048505,0.010898291371350058,0.2816234,0.015944275956239318
44727,3031727,2017-01-13 13:44:10,1,0.10643359,0.03738236512339458,0.34052542,0.020655216798410876
44728,3031728,2017-01-13 13:45:16,1,0.0053090216,0.0069299180360286265,0.16761075,0.008490591821278993
44729,3031729,2017-01-13 13:45:35,0,0.09706806,0.03539546260713671,0.1905931,0.009849072594187923
44730,3031730,2017-01-13 13:45:38,0,0.01279527,0.011267147152810316,0.2955994,0.016999620992134333
44731,3031731,2017-01-13 13:45:45,0,0.0055305944,0.0070880688167711935,0.14376931,0.007145086053875392
44732,3031732,2017-01-13 13:46:18,0,0.015498197,0.012529233026209247,0.24450402,0.013306751682247351
44733,3031733,2017-01-13 13:46:24,0,0.008221314,0.008822410580215535,0.12476002,0.006114744653302393
44734,3031734,2017-01-13 13:47:19,0,0.11604954,0.039366976898415396,0.62061405,0.059792908591445475
44735,3031735,2017-01-13 13:47:30,0,0.063098215,0.027554909255817505,0.24202053,0.013138269560173086
44736,3031736,2017-01-13 13:47:49,0,0.01295272,0.01134369684023946,0.20514482,0.010743076724523723
44737,3031737,2017-01-13 13:48:30,0,0.018465709,0.013808381987281576,0.21651782,0.011461278082561291
44738,3031738,2017-01-13 13:48:56,0,0.005768907,0.007255041659418394,0.19746852,0.010268071607810918
44739,3031739,2017-01-13 13:49:27,0,0.0047381497,0.006508265730731718,0.3226692,0.01915140922649683
44740,3031740,2017-01-13 13:51:17,0,0.003438014,0.00545271910540721,0.28588712,0.016262420108925684
44741,3031741,2017-01-13 13:52:40,0,0.0080556255,0.00872374391039155,0.17610727,0.008985480468001787
44742,3031742,2017-01-13 13:52:57,0,0.009947721,0.009802448171613265,0.20719571,0.01087129872379437
44743,3031743,2017-01-13 13:53:28,0,0.022165602,0.01528411555663448,0.17567007,0.00895980938235554
44744,3031744,2017-01-13 13:53:29,0,0.016892297,0.013142327657077027,0.2041269,0.010679643289954728
44745,3031745,2017-01-13 13:54:00,0,0.07224813,0.02978950912375018,0.1552948,0.0077878123121392666
44746,3031746,2017-01-13 13:54:40,0,0.011459778,0.010600341406410262,0.23342554,0.012562423639463523
44747,3031747,2017-01-13 13:54:56,0,0.0381916,0.020721120872118047,0.19629122,0.010195898038594907
44748,3031748,2017-01-13 13:55:15,0,0.011079629,0.010404353723636503,0.18877639,0.009739355826754762
44749,3031749,2017-01-13 13:55:21,0,0.014021657,0.011852967156227969,0.21345285,0.011265992002047715
44750,3031750,2017-01-13 13:55:38,0,0.024620203,0.016205029582916128,0.18539588,0.009536286556560285
44751,3031751,2017-01-13 13:56:22,0,0.005967296,0.007391707581356988,0.2138871,0.011293581708409424
44752,3031752,2017-01-13 13:57:08,0,0.037476536,0.020501930116254483,0.2202731,0.011702326370152552
44753,3031753,2017-01-13 13:57:10,0,0.020984042,0.014825262575162236,0.28749844,0.016383513738066593
44754,3031754,2017-01-13 13:57:21,0,0.01973231,0.014326841237989512,0.22869362,0.012250095363266612
44755,3031755,2017-01-13 13:57:43,0,0.016235443,0.012856322552117433,0.16578574,0.00838537888276821
44756,3031756,2017-01-13 13:57:48,0,0.011605805,0.010674861683257932,0.24957444,0.013653711053943024
44757,3031757,2017-01-13 13:57:49,0,0.01050382,0.010101743652023537,0.28659868,0.016315836354998187
44758,3031758,2017-01-13 13:57:54,0,0.028196523,0.01747947355985657,0.10484565,0.005072154532810101
44759,3031759,2017-01-13 13:58:00,0,0.017594332,0.01344270270664946,0.18452765,0.009484358518814438
44760,3031760,2017-01-13 13:59:15,0,0.04212829,0.021899083251547227,0.29092845,0.016642880363508063
44761,3031761,2017-01-13 13:59:33,0,0.05120598,0.024457876896099313,0.362697,0.022625163770598276
44762,3031762,2017-01-13 13:59:46,0,0.057949875,0.026244352134191552,0.22916153,0.0122808334047739
44763,3031763,2017-01-13 14:00:21,0,0.017546583,0.013422439843981677,0.29680303,0.017092216763994847
44764,3031764,2017-01-13 14:00:37,0,0.023109239,0.015643072467612915,0.26585314,0.014795517676991287
44765,3031765,2017-01-13 14:00:50,0,0.018387765,0.013775981577551373,0.21701345,0.011492979220405517
44766,3031766,2017-01-13 14:01:33,0,0.023593768,0.01582494431363245,0.19064727,0.009852351075989418
44767,3031767,2017-01-13 14:02:05,0,0.03595425,0.020029496751389746,0.3056867,0.01778430421089938
44768,3031768,2017-01-13 14:02:11,0,0.012872076,0.011304540208081287,0.18540056,0.009536566651184835
44769,3031769,2017-01-13 14:02:19,0,0.03307765,0.0191135798473663,0.34943238,0.021432395312013953
44770,3031770,2017-01-13 14:02:37,0,0.008028424,0.008707459949055729,0.16657579,0.00843087901791056
44771,3031771,2017-01-13 14:02:44,0,0.13469124,0.043084985682655834,0.28829196,0.016443323327774064
44772,3031772,2017-01-13 14:03:00,0,0.010645246,0.010176733862088325,0.39371905,0.025593491665566664
44773,3031773,2017-01-13 14:03:09,0,0.06784868,0.028728965947677695,0.68335223,0.07656083910376311
44774,3031774,2017-01-13 14:03:26,0,0.035723943,0.019957311402589505,0.33961487,0.020576805839701947
44775,3031775,2017-01-13 14:03:40,0,0.048987437,0.023850395312434023,0.28056857,0.015866075209359762
44776,3031776,2017-01-13 14:04:29,0,0.07559032,0.03057960328076243,0.3168516,0.018676385384279806
44777,3031777,2017-01-13 14:04:59,0,0.026354741,0.01683230545380215,0.22175811,0.011798193799010991
44778,3031778,2017-01-13 14:05:35,0,0.022439834,0.015389096834538521,0.30787265,0.017956979091671196
44779,3031779,2017-01-13 14:05:52,0,0.008369911,0.008910150511125972,0.22279453,0.011865286954033596
44780,3031780,2017-01-13 14:05:58,0,0.03004958,0.018112830150317328,0.21812293,0.011564067316623928
44781,3031781,2017-01-13 14:06:14,0,0.036881,0.020318066190294717,0.36962998,0.02326615261924642
44782,3031782,2017-01-13 14:06:46,0,0.06273364,0.027463467684698057,0.43573007,0.030069438863070536
44783,3031783,2017-01-13 14:06:51,0,0.0465238,0.023162913038346205,0.6701575,0.07257727805837087
44784,3031784,2017-01-13 14:06:53,0,0.041157793,0.021612994867341227,0.49246168,0.03714244794932695
44785,3031785,2017-01-13 14:07:23,0,0.023291143,0.015711541068587107,0.29046047,0.016607364020048664
44786,3031786,2017-01-13 14:07:35,0,0.022222102,0.015305790113866166,0.34046915,0.020650365934899106
44787,3031787,2017-01-13 14:08:08,0,0.019698376,0.014313142239968175,0.2969928,0.0171068420061168
44788,3031788,2017-01-13 14:08:33,0,0.120554686,0.040279933472979174,0.25665382,0.01414495683769462
44789,3031789,2017-01-13 14:09:47,0,0.02216525,0.015283980431683187,0.27877638,0.01573366477040226
44790,3031790,2017-01-13 14:10:30,0,0.019546581,0.014251737677407651,0.27468666,0.015433639853700798
44791,3031791,2017-01-13 14:10:50,0,0.08602612,0.03297083746626963,0.28650272,0.016308627043514805
44792,3031792,2017-01-13 14:11:26,0,0.0037116355,0.005688002302001927,0.20961861,0.011023504109501918
44793,3031793,2017-01-13 14:11:52,0,0.0060436255,0.007443747703859963,0.118382506,0.005776921187866903
44794,3031794,2017-01-13 14:14:06,0,0.07107338,0.02950868237687001,0.18926524,0.009768838428885188
44795,3031795,2017-01-13 14:14:14,0,0.0017300426,0.003733287446384075,0.2254221,0.012036069791248175
44796,3031796,2017-01-13 14:14:15,0,0.19333005,0.05406549029746238,0.36101872,0.022471841699203386
44797,3031797,2017-01-13 14:14:25,0,0.027831694,0.017352733804251296,0.17309919,0.008809310106563509
44798,3031798,2017-01-13 14:14:51,0,0.024911065,0.016311498272413228,0.22568406,0.012053150676216835
44799,3031799,2017-01-13 14:15:06,0,0.06657539,0.02841735754133457,0.20772836,0.010904691436504388
44800,3031800,2017-01-13 14:15:25,0,0.022192871,0.015294579580127154,0.19609973,0.010184175358784343
44801,3031801,2017-01-13 14:16:12,0,0.011023028,0.010374920498425462,0.29939172,0.017292306815570754
44802,3031802,2017-01-13 14:16:15,0,0.014503852,0.012077101490829809,0.22237378,0.011838031174410962
44803,3031803,2017-01-13 14:16:20,0,0.07907882,0.03139110169200054,0.5507851,0.046037328341478244
44804,3031804,2017-01-13 14:16:20,0,0.019954864,0.014416435244076207,0.42994282,0.029418269103202697
44805,3031805,2017-01-13 14:16:21,0,0.07910685,0.0313975699887027,0.2738605,0.015373389216477542
44806,3031806,2017-01-13 14:16:44,0,0.013877332,0.011785227396108761,0.3758275,0.023849760109944083
44807,3031807,2017-01-13 14:17:09,0,0.035800334,0.019981276082620684,0.1820546,0.009336951823935635
44808,3031808,2017-01-13 14:17:22,0,0.08157618,0.03196431176609239,0.5180132,0.04080514322143589
44809,3031809,2017-01-13 14:17:33,0,0.02453166,0.01617251254368869,0.3004656,0.017375691885535317
44810,3031810,2017-01-13 14:18:04,0,0.0031083447,0.005157788825579584,0.19739579,0.010263607609047173
44811,3031811,2017-01-13 14:18:34,0,0.0061651515,0.007526001016159016,0.20032193,0.010443740520216257
44812,3031812,2017-01-13 14:19:00,0,0.017326444,0.013328709580027565,0.39567128,0.025789267733639484
44813,3031813,2017-01-13 14:19:10,0,0.08077511,0.031781121503289975,0.25178778,0.013806435584518913
44814,3031814,2017-01-13 14:19:21,0,0.19107178,0.05365577550128406,0.23103924,0.01240450574639106
44815,3031815,2017-01-13 14:20:08,0,0.0037461712,0.005717138664690602,0.11951221,0.005836485820950692
44816,3031816,2017-01-13 14:20:55,0,0.00201222,0.004057785729261428,0.15427549,0.007730397833308445
44817,3031817,2017-01-13 14:21:11,0,0.035724636,0.01995752886956146,0.2026983,0.010590849869528143
44818,3031818,2017-01-13 14:21:25,0,0.053104404,0.024969552086585967,0.48682693,0.03637824868221188
44819,3031819,2017-01-13 14:21:40,0,0.07866857,0.03129633512977185,0.24870758,0.013594107641150835
44820,3031820,2017-01-13 14:22:36,0,0.010898919,0.010310147883600167,0.29392692,0.01687141364839554
44821,3031821,2017-01-13 14:22:54,0,0.12447399,0.04106627502022971,0.17921698,0.009168727965270091
44822,3031822,2017-01-13 14:22:55,0,0.43088797,0.0974270063191395,0.23061237,0.012376345051263657
44823,3031823,2017-01-13 14:23:42,0,0.25901347,0.06578230378341747,0.39782897,0.026006951933227742
44824,3031824,2017-01-13 14:24:09,0,0.033563938,0.01927066813949071,0.30819947,0.017982877087854055
44825,3031825,2017-01-13 14:24:22,0,0.01032443,0.010005977835047796,0.16068164,0.00809312047928505
44826,3031826,2017-01-13 14:24:22,0,0.036944855,0.020337838726748502,0.29801637,0.01718584037217263
44827,3031827,2017-01-13 14:24:39,0,0.03264934,0.018974422623679592,0.19409227,0.010061567608419118
44828,3031828,2017-01-13 14:24:41,0,0.008083331,0.008740304958604993,0.32735822,0.019539517260861824
44829,3031829,2017-01-13 14:24:43,0,0.013022469,0.011377477268999136,0.4496162,0.03168117816591978
44830,3031830,2017-01-13 14:24:49,0,0.016809542,0.013106564703347768,0.17854077,0.009128782242330291
44831,3031831,2017-01-13 14:25:28,0,0.04484667,0.022686593081289026,0.29074204,0.01662872818906905
44832,3031832,2017-01-13 14:25:44,1,0.0074768187,0.008371771815872621,0.28493118,0.016190804240767118
44833,3031833,2017-01-13 14:25:57,0,0.03200258,0.0187628425678636,0.34288266,0.020859095193516378
44834,3031834,2017-01-13 14:26:03,0,0.015713243,0.012625329842788564,0.17856482,0.009130202027426598
44835,3031835,2017-01-13 14:26:36,0,0.07883657,0.03133516250062668,0.23856314,0.012905290129795658
44836,3031836,2017-01-13 14:27:49,0,0.2721711,0.06811160413846487,0.23389676,0.012593707049594345
44837,3031837,2017-01-13 14:28:08,0,0.19868779,0.05503474054446576,0.18337865,0.009415779760965403
44838,3031838,2017-01-13 14:28:21,0,0.24344765,0.06302594783331406,0.38146752,0.024389828212959663
44839,3031839,2017-01-13 14:28:43,0,0.016009996,0.012757000849032767,0.2076639,0.010900648098099232
44840,3031840,2017-01-13 14:28:43,0,0.00859093,0.009039382737121727,0.39954343,0.02618090587022539
44841,3031841,2017-01-13 14:28:59,0,0.0060834326,0.00747077118141279,0.3085309,0.018009163008334706
44842,3031842,2017-01-13 14:29:09,0,0.018450553,0.013802086344072198,0.23835461,0.012891296479494222
44843,3031843,2017-01-13 14:29:10,0,0.020282112,0.014547395968949165,0.19875856,0.010347361729034365
44844,3031844,2017-01-13 14:29:16,0,0.07424856,0.030263949546134563,0.23721686,0.012815061060004523
44845,3031845,2017-01-13 14:29:19,0,0.014489444,0.012070451880231654,0.3059564,0.017805555812204818
44846,3031846,2017-01-13 14:30:19,0,0.023794884,0.015899964611308683,0.25876376,0.014292934162205114
44847,3031847,2017-01-13 14:30:42,0,0.0042044194,0.0060929607523323055,0.17596294,0.008977003186837784
44848,3031848,2017-01-13 14:30:51,0,0.0305751,0.01828943503475733,0.244718,0.013321312916538436
44849,3031849,2017-01-13 14:31:02,0,0.0139737995,0.011830538852572592,0.1176377,0.005737715090093732
44850,3031850,2017-01-13 14:31:16,0,0.046780787,0.023235290628986088,0.26796165,0.014946620360542211
44851,3031851,2017-01-13 14:31:21,0,0.011029095,0.010378078889472819,0.28673723,0.016326248058259978
44852,3031852,2017-01-13 14:31:31,0,0.013242085,0.011483323779304817,0.34038112,0.020642777642947408
44853,3031853,2017-01-13 14:31:34,0,0.031822048,0.018703466144747057,0.21855022,0.01159149105639842
44854,3031854,2017-01-13 14:31:48,0,0.0119205415,0.010834085730397226,0.16078243,0.008098863522603294
44855,3031855,2017-01-13 14:31:49,0,0.0111521715,0.010441979800708115,0.2267434,0.012122324113610073
44856,3031856,2017-01-13 14:31:51,0,0.01510338,0.012351272926911546,0.27144974,0.015198251448560674
44857,3031857,2017-01-13 14:32:34,0,0.13314326,0.04278184482218729,0.24124902,0.013086122831889558
44858,3031858,2017-01-13 14:32:40,0,0.16186917,0.04827780168907394,0.27137747,0.01519301665310527
44859,3031859,2017-01-13 14:34:40,0,0.025980454,0.016698470813701276,0.34245428,0.020821949125793663
44860,3031860,2017-01-13 14:34:46,0,0.035951834,0.020028741116417354,0.23916271,0.012945562808137606
44861,3031861,2017-01-13 14:34:58,0,0.04614534,0.02305603420767729,0.10452817,0.005055819345109997
44862,3031862,2017-01-13 14:35:20,0,0.08422447,0.03256553642544209,0.22783749,0.01219393683583554
44863,3031863,2017-01-13 14:35:37,0,0.0025123237,0.004586326075910115,0.1423152,0.007064987436068432
44864,3031864,2017-01-13 14:35:52,0,0.00304371,0.005098348462977638,0.31230286,0.018309879027872702
44865,3031865,2017-01-13 14:35:55,0,0.05016607,0.024174445730241863,0.2724357,0.015269757114467822
44866,3031866,2017-01-13 14:36:08,0,0.08528045,0.03280344658661776,0.21236616,0.011197063729016295
44867,3031867,2017-01-13 14:36:15,0,0.008445619,0.008954586129897324,0.15250129,0.007630730697838913
44868,3031868,2017-01-13 14:36:20,0,0.004174092,0.006068673730133851,0.33595705,0.020263722580608875
44869,3031869,2017-01-13 14:36:51,0,0.010327899,0.010007836765139973,0.20396778,0.010669740260766097
44870,3031870,2017-01-13 14:37:00,0,0.032568336,0.01894801979304047,0.32910216,0.01968507658658636
44871,3031871,2017-01-13 14:37:03,0,0.04081168,0.02151030606122857,0.2966017,0.017076710235830315
44872,3031872,2017-01-13 14:37:24,0,0.0033183752,0.0053472162822101425,0.1752008,0.0089322805136137
44873,3031873,2017-01-13 14:37:27,0,0.017987613,0.013608696684789302,0.22742772,0.012167095534615773
44874,3031874,2017-01-13 14:37:52,0,0.031307794,0.018533552881244142,0.33812672,0.020449063934429697
44875,3031875,2017-01-13 14:38:17,0,0.00895039,0.009246452797739309,0.23187688,0.012459842340607536
44876,3031876,2017-01-13 14:38:19,0,0.01062981,0.010168570656552807,0.24923228,0.013630170679293813
44877,3031877,2017-01-13 14:38:24,0,0.0013886238,0.0033069076849914264,0.2367972,0.012786990672788028
44878,3031878,2017-01-13 14:38:50,0,0.08849501,0.03352157891949729,0.18513155,0.009520467357194357
44879,3031879,2017-01-13 14:39:12,0,0.07277749,0.029915512143321072,0.39468008,0.025689728015430444
44880,3031880,2017-01-13 14:39:15,0,0.0032261023,0.005264677010023864,0.17688066,0.009030946739252426
44881,3031881,2017-01-13 14:39:38,0,0.005709807,0.007213925208063193,0.27933216,0.015774665823823864
44882,3031882,2017-01-13 14:39:39,0,0.019275036,0.014141374020900212,0.24529226,0.013360426083382027
44883,3031883,2017-01-13 14:39:56,0,0.017273324,0.013306014492005303,0.16490664,0.008334832606364842
44884,3031884,2017-01-13 14:40:11,0,0.008450116,0.008957220233178124,0.14712363,0.007330693157710845
44885,3031885,2017-01-13 14:40:14,0,0.025773019,0.016623945078468347,0.27460676,0.015427807588609043
44886,3031886,2017-01-13 14:40:39,0,0.019023145,0.014038395560956119,0.20581654,0.010785010712166948
44887,3031887,2017-01-13 14:40:59,0,0.00935803,0.00947686357428086,0.28074154,0.015878885097989973
44888,3031888,2017-01-13 14:41:09,0,0.020482851,0.014627278292907928,0.17840491,0.009120763601043828
44889,3031889,2017-01-13 14:41:32,0,0.02752235,0.017244718150228367,0.27021125,0.015108667608135458
44890,3031890,2017-01-13 14:41:36,0,0.014412826,0.012035043407670013,0.136853,0.006766039007247255
44891,3031891,2017-01-13 14:41:41,0,0.25484234,0.06504399956702954,0.29412967,0.016886927294795868
44892,3031892,2017-01-13 14:41:53,0,0.0402033,0.02132894334158835,0.11013883,0.005345790103171062
44893,3031893,2017-01-13 14:42:00,0,0.04687473,0.023261709292251204,0.344347,0.020986394771731684
44894,3031894,2017-01-13 14:42:16,0,0.021288604,0.01494457813078065,0.27068803,0.015143123030711903
44895,3031895,2017-01-13 14:42:39,0,0.006324203,0.007632568557054069,0.36255774,0.02261241386485628
44896,3031896,2017-01-13 14:42:50,0,0.01244715,0.011096410759155781,0.21387969,0.0112931109649209
44897,3031897,2017-01-13 14:43:06,0,0.01643432,0.012943440268752238,0.25708234,0.014174952103792033
44898,3031898,2017-01-13 14:43:27,0,0.007305108,0.008265043455557664,0.18675806,0.00961794347334745
44899,3031899,2017-01-13 14:43:30,0,0.3141432,0.07558120375788252,0.33535734,0.020212680464632305
44900,3031900,2017-01-13 14:44:09,0,0.019533714,0.014246523136708284,0.28983837,0.01656021530380162
44901,3031901,2017-01-13 14:44:59,0,0.014318901,0.011991524048835411,0.36160743,0.022525543606045775
44902,3031902,2017-01-13 14:45:10,0,0.17315522,0.0503759880273897,0.41175917,0.02744623963535835
44903,3031903,2017-01-13 14:45:29,0,0.046554115,0.02317145952226668,0.25480866,0.014016143844990673
44904,3031904,2017-01-13 14:45:59,1,0.08472206,0.032677768638296203,0.59696716,0.05466739840285529
44905,3031905,2017-01-13 14:46:19,0,0.018374143,0.013770313178269933,0.39550936,0.025772987788477482
44906,3031906,2017-01-13 14:46:50,0,0.0029906342,0.005049113799984542,0.29481146,0.016939153363251035
44907,3031907,2017-01-13 14:46:52,0,0.027118448,0.017102909360109313,0.28541023,0.016226671702095644
44908,3031908,2017-01-13 14:46:52,0,0.0039616697,0.00589629583781187,0.5419181,0.044556583008862706
44909,3031909,2017-01-13 14:47:46,0,0.0068871262,0.008000471880198822,0.387665,0.024993390407839277
44910,3031910,2017-01-13 14:48:07,0,0.03041197,0.01823475118169233,0.29983294,0.01732653953544593
44911,3031911,2017-01-13 14:48:15,0,0.013926672,0.011808419792953493,0.22054331,0.011719746674906485
44912,3031912,2017-01-13 14:49:03,0,0.106994234,0.03749952635692743,0.47989342,0.03545803635983226
44913,3031913,2017-01-13 14:49:05,0,0.06948534,0.029126355957765217,0.2506487,0.013727740344230138
44914,3031914,2017-01-13 14:49:13,0,0.013997992,0.011841880506318138,0.22965655,0.012313386802554144
44915,3031915,2017-01-13 14:49:47,0,0.0034170484,0.0054343509216914845,0.12443628,0.00609750382323073
44916,3031916,2017-01-13 14:50:00,0,0.016593792,0.013012965507258528,0.282188,0.015986215823387308
44917,3031917,2017-01-13 14:50:30,0,0.07880264,0.03132732291950633,0.29600087,0.0170304754114726
44918,3031918,2017-01-13 14:50:39,0,0.002913203,0.004976578443004162,0.1339126,0.006606355159817364
44919,3031919,2017-01-13 14:50:50,0,0.019396218,0.014190708190219198,0.22156025,0.011785402711536167
44920,3031920,2017-01-13 14:51:10,0,0.031167643,0.018487044087515697,0.29385948,0.0168662547970739
44921,3031921,2017-01-13 14:51:19,0,0.015276637,0.012429614218535626,0.24073966,0.013051744323485413
44922,3031922,2017-01-13 14:51:20,0,0.040402137,0.02138834012175252,0.19515249,0.010126257640980936
44923,3031923,2017-01-13 14:51:31,0,0.02446039,0.01614630232908406,0.2613078,0.014472327616333984
44924,3031924,2017-01-13 14:51:41,0,0.017623557,0.013455092881147877,0.23888192,0.012926695317233509
44925,3031925,2017-01-13 14:51:52,0,0.016063908,0.01278080740197527,0.23720737,0.012814425861857787
44926,3031926,2017-01-13 14:51:56,0,0.0045128614,0.006335658914560087,0.13743103,0.006797531823961355
44927,3031927,2017-01-13 14:52:09,0,0.0020991515,0.004153569741455376,0.5753903,0.05042998167947475
44928,3031928,2017-01-13 14:52:14,0,0.0028874727,0.004952284148447474,0.36068076,0.022441052905604948
44929,3031929,2017-01-13 14:52:25,0,0.082493976,0.032173426789127504,0.31017208,0.018139651230459884
44930,3031930,2017-01-13 14:52:33,0,0.02273527,0.015501581565590892,0.2662023,0.014820487874799145
44931,3031931,2017-01-13 14:53:06,0,0.06268746,0.027451869091263816,0.3871128,0.024939174689981643
44932,3031932,2017-01-13 14:53:36,0,0.10010467,0.03604608193223656,0.28112286,0.015907143611594277
44933,3031933,2017-01-13 14:54:27,0,0.019010672,0.014033281341502704,0.2509241,0.013746748212182483
44934,3031934,2017-01-13 14:54:32,0,0.010620156,0.01016346241934334,0.22256286,0.01185027655972873
44935,3031935,2017-01-13 14:54:44,0,0.0013658479,0.003276873015855061,0.23898348,0.012933518434091993
44936,3031936,2017-01-13 14:54:58,0,0.02123058,0.014921903756002152,0.28145158,0.01593152495080953
44937,3031937,2017-01-13 14:55:09,0,0.008142332,0.008775488169768461,0.24981566,0.013670317924172693
44938,3031938,2017-01-13 14:55:11,0,0.04667282,0.023204902665106577,0.24567583,0.013386579802969471
44939,3031939,2017-01-13 14:55:13,0,0.056551427,0.025880799542073396,0.7154743,0.08757033108039282
44940,3031940,2017-01-13 14:55:34,0,0.014035509,0.011859452340811434,0.49693036,0.037759252909919036
44941,3031941,2017-01-13 14:55:37,0,0.035027806,0.019737941600864933,0.21603246,0.011430266669878815
44942,3031942,2017-01-13 14:55:51,0,0.11117154,0.038366670369935865,0.22748928,0.012171126179331342
44943,3031943,2017-01-13 14:56:04,0,0.054843735,0.025432128519610374,0.2354196,0.01269503151023611
44944,3031944,2017-01-13 14:56:07,0,0.03932671,0.02106564929748019,0.35380957,0.021821228087175737
44945,3031945,2017-01-13 14:56:10,0,0.015566357,0.012559754418482623,0.18685374,0.009623687720560723
44946,3031946,2017-01-13 14:56:40,0,0.03861308,0.020849530773296276,0.26512787,0.014743716282614793
44947,3031947,2017-01-13 14:56:54,0,0.17647004,0.050987124757654295,0.5688734,0.04922364779836428
44948,3031948,2017-01-13 14:57:28,0,0.0030789506,0.005130826273182855,0.21965411,0.011662457789347594
44949,3031949,2017-01-13 14:57:40,0,0.010136558,0.00990489196862506,0.28360498,0.016091724936711856
44950,3031950,2017-01-13 14:57:43,0,0.016227182,0.012852693865332228,0.2808962,0.01589034216971539
44951,3031951,2017-01-13 14:58:33,0,0.0034629626,0.005474511394683746,0.16133013,0.008130091333838727
44952,3031952,2017-01-13 14:58:41,0,0.025857821,0.016654442942393072,0.30763,0.017937764264322288
44953,3031953,2017-01-13 14:59:16,0,0.060448892,0.026885780710796843,0.28687987,0.016336970261065162
44954,3031954,2017-01-13 14:59:17,0,0.055997606,0.025735871065481704,0.3374054,0.020387328927608164
44955,3031955,2017-01-13 14:59:23,0,0.025029955,0.01635486514388043,0.32611465,0.019436126428856882
44956,3031956,2017-01-13 14:59:32,0,0.012249322,0.010998448356997707,0.2718697,0.015228687225138956
44957,3031957,2017-01-13 14:59:34,0,0.0016235227,0.003604679004206304,0.3809861,0.02434338965977845
44958,3031958,2017-01-13 14:59:52,0,0.013250662,0.01148744163545708,0.34146956,0.020736721329011533
44959,3031959,2017-01-13 15:00:51,0,0.0060252235,0.007431228462899887,0.26776758,0.014932681002531098
44960,3031960,2017-01-13 15:00:58,0,0.026641352,0.01693424488200168,0.3080042,0.017967400899345655
44961,3031961,2017-01-13 15:01:03,0,0.020659076,0.014697127493999792,0.39388886,0.025610476884147783
44962,3031962,2017-01-13 15:01:07,0,0.083285205,0.03235305877441258,0.20641217,0.010822245039284419
44963,3031963,2017-01-13 15:01:18,0,0.008341078,0.008893179921294177,0.2584683,0.014272168760119285
44964,3031964,2017-01-13 15:01:24,0,0.051811293,0.024621817140847213,0.32286942,0.019167884354585583
44965,3031965,2017-01-13 15:02:16,0,0.051299263,0.02448319011650653,0.54056245,0.04433464226719591
44966,3031966,2017-01-13 15:02:32,0,0.0020154696,0.004061399272805299,0.39658445,0.025881227774609942
44967,3031967,2017-01-13 15:02:57,0,0.00563975,0.007164938987735695,0.42903265,0.02931692277071111
44968,3031968,2017-01-13 15:03:28,0,0.014359587,0.012010390796265112,0.17638221,0.009001635781226687
44969,3031969,2017-01-13 15:03:43,0,0.051877353,0.02463966325920749,0.3086329,0.018017258147706366
44970,3031970,2017-01-13 15:04:17,0,0.29474014,0.07211677262088995,0.550027,0.04590871835083405
44971,3031971,2017-01-13 15:04:28,0,0.013533237,0.01162246637265234,0.56036067,0.04769534716255849
44972,3031972,2017-01-13 15:04:44,0,0.12949277,0.042063246151072306,0.75459623,0.10422551714515237
44973,3031973,2017-01-13 15:04:54,0,0.009828111,0.009737114379593351,0.20042345,0.010450010117265405
44974,3031974,2017-01-13 15:05:01,0,0.0004106688,0.0016882277752634214,0.26637235,0.014832656472729262
44975,3031975,2017-01-13 15:05:27,0,0.02742411,0.017210307962087428,0.1356042,0.006698115646121164
44976,3031976,2017-01-13 15:05:46,0,0.040676184,0.021470009257944584,0.3297921,0.019742847522704925
44977,3031977,2017-01-13 15:06:20,0,0.0011989784,0.003049561320259149,0.21977071,0.01166996382069322
44978,3031978,2017-01-13 15:06:21,0,0.0018359841,0.0038577184769640364,0.1771832,0.009048751855981009
44979,3031979,2017-01-13 15:06:37,0,0.0071606766,0.008174403328965067,0.36543757,0.022877066946413723
44980,3031980,2017-01-13 15:07:34,0,0.0059765666,0.007398043761059357,0.21151954,0.011143474091728943
44981,3031981,2017-01-13 15:07:45,0,0.028350094,0.017532616288138635,0.35765585,0.02216674841249134
44982,3031982,2017-01-13 15:07:55,0,0.038673595,0.020867919973440296,0.31101426,0.018206823193486522
44983,3031983,2017-01-13 15:08:06,0,0.06540934,0.028130052309354742,0.28843623,0.01645421007711294
44984,3031984,2017-01-13 15:09:14,0,0.06893186,0.02899235729089699,0.33477,0.02016276936551842
44985,3031985,2017-01-13 15:09:18,0,0.0018724647,0.0038998160582107144,0.1732196,0.008816341962611062
44986,3031986,2017-01-13 15:09:29,0,0.008735292,0.009122996886325032,0.19757348,0.010274515014599568
44987,3031987,2017-01-13 15:09:58,0,0.031341862,0.018544845031441545,0.34199053,0.020781783490440835
44988,3031988,2017-01-13 15:10:01,0,0.014030831,0.011857262438786485,0.29182586,0.016711100779233264
44989,3031989,2017-01-13 15:10:15,0,0.011280402,0.01050822638876601,0.29436126,0.016904657894053973
44990,3031990,2017-01-13 15:12:13,0,0.2014081,0.05552545730436734,0.3091621,0.01805928568741824
44991,3031991,2017-01-13 15:12:24,0,0.009908985,0.009781328112760657,0.34586343,0.02111875124592477
44992,3031992,2017-01-13 15:12:44,0,0.043458026,0.022286781798232694,0.19738787,0.010263122015343143
44993,3031993,2017-01-13 15:12:55,0,0.0036987509,0.00567710102919974,0.25641,0.014127904219012303
44994,3031994,2017-01-13 15:12:58,0,0.033715155,0.01931932348691197,0.20050174,0.010454845976603134
44995,3031995,2017-01-13 15:13:08,0,0.010982503,0.010353806220093688,0.2503366,0.013706212923653491
44996,3031996,2017-01-13 15:13:10,0,0.058712024,0.026441072409991308,0.35251,0.021705303049266503
44997,3031997,2017-01-13 15:13:30,0,0.38067305,0.08775369620195379,0.6815917,0.07601288104892968
44998,3031998,2017-01-13 15:14:09,0,0.0039264862,0.0058673492396671524,0.5069206,0.03917386756642487
44999,3031999,2017-01-13 15:14:34,0,0.016678289,0.013049685750519334,0.14818107,0.007389448822426318
45000,3032000,2017-01-13 15:14:43,0,0.0006204871,0.0021201693702871146,0.26691142,0.014871263207586045
45001,3032001,2017-01-13 15:15:04,0,0.007634912,0.008469076031125749,0.10839959,0.005255608072738548
45002,3032002,2017-01-13 15:15:13,0,0.06483224,0.027987156581657,0.28477073,0.01617879975460473
45003,3032003,2017-01-13 15:15:14,0,0.040570192,0.021438449065182972,0.30473074,0.017709087396919836
45004,3032004,2017-01-13 15:15:20,0,0.013266045,0.011494824373044788,0.35769382,0.0221701773343215
45005,3032005,2017-01-13 15:15:43,0,0.006618615,0.007826725450715097,0.31104055,0.018208922029897958
45006,3032006,2017-01-13 15:15:57,0,0.024050385,0.015994882158923925,0.26507902,0.014740230704359307
45007,3032007,2017-01-13 15:15:57,0,0.001056626,0.0028441444983361053,0.25703543,0.01417166720935328
45008,3032008,2017-01-13 15:16:02,0,0.010744291,0.010228990071051757,0.28420514,0.01613652263793799
45009,3032009,2017-01-13 15:16:04,0,0.0015381662,0.003498864888931215,0.21579167,0.011414893991561368
45010,3032010,2017-01-13 15:16:17,0,0.03368089,0.019308306315214116,0.34823304,0.021326658971209094
45011,3032011,2017-01-13 15:17:15,0,0.015908414,0.012712049526045347,0.3777184,0.024029862637846237
45012,3032012,2017-01-13 15:18:13,0,0.020826045,0.01476307156795583,0.4585401,0.03275548855561692
45013,3032013,2017-01-13 15:18:16,0,0.03652885,0.02020877090245331,0.19286048,0.009986588287864284
45014,3032014,2017-01-13 15:18:46,0,0.00042675424,0.0017244180537444194,0.14666039,0.0073049900551972954
45015,3032015,2017-01-13 15:18:50,0,0.016725527,0.013070179095642521,0.1712324,0.008700513021410968
45016,3032016,2017-01-13 15:19:17,0,0.066734,0.02845629251423917,0.35982215,0.022362960820415435
45017,3032017,2017-01-13 15:19:49,0,0.026453793,0.01686758831163938,0.15173489,0.007587782630196516
45018,3032018,2017-01-13 15:19:56,0,0.00438655,0.006237196678736879,0.15923874,0.008011028651185886
45019,3032019,2017-01-13 15:20:00,0,0.035602015,0.01991901708617389,0.2028652,0.010601209173565778
45020,3032020,2017-01-13 15:20:10,0,0.012431873,0.011088870102616607,0.34839618,0.021341021488845043
45021,3032021,2017-01-13 15:20:52,0,0.007857245,0.00860441564594469,0.1725107,0.008774968785062546
45022,3032022,2017-01-13 15:20:56,0,0.04965265,0.024033660507632396,0.21391742,0.011295509277925558
45023,3032023,2017-01-13 15:21:12,0,0.06344045,0.027640568104467304,0.5149679,0.04035074601738192
45024,3032024,2017-01-13 15:21:17,0,0.008594586,0.009041507627882249,0.1608694,0.00810382039482597
45025,3032025,2017-01-13 15:21:23,0,0.026842525,0.017005518992377795,0.21345489,0.011266121644006998
45026,3032026,2017-01-13 15:22:01,0,0.014058703,0.011870305137120042,0.1998109,0.010412202168866385
45027,3032027,2017-01-13 15:22:17,0,0.06788072,0.028736778431666242,0.30050343,0.01737863251127339
45028,3032028,2017-01-13 15:22:42,0,0.05462854,0.02537520883226858,0.15545982,0.007797117676803879
45029,3032029,2017-01-13 15:23:00,0,0.03830204,0.02075482385768318,0.26432106,0.014686194998898481
45030,3032030,2017-01-13 15:23:00,0,0.022449208,0.015392675890698366,0.24382335,0.013260479705162241
45031,3032031,2017-01-13 15:23:24,0,0.03967434,0.02117034805742622,0.27321365,0.015326297154811028
45032,3032032,2017-01-13 15:23:52,0,0.06872754,0.028942789713372986,0.32230055,0.019121095541720777
45033,3032033,2017-01-13 15:23:58,0,0.037644565,0.02055358951326655,0.34524348,0.021064576080096847
45034,3032034,2017-01-13 15:24:00,0,0.0018249543,0.003844916711902472,0.13129161,0.00646474106521544
45035,3032035,2017-01-13 15:24:01,0,0.0069582677,0.008045997242012236,0.23701951,0.01280185731258516
45036,3032036,2017-01-13 15:24:28,0,0.06880151,0.028960740336982368,0.2369023,0.01279401799323123
45037,3032037,2017-01-13 15:24:35,0,0.0073831766,0.008313704535172856,0.13369328,0.006594479338742666
45038,3032038,2017-01-13 15:24:38,0,0.038832866,0.02091626398506889,0.25680006,0.014155189710459478
45039,3032039,2017-01-13 15:25:07,0,0.008411327,0.008934481190465311,0.16118595,0.008121867388960756
45040,3032040,2017-01-13 15:25:14,0,0.031014025,0.018435965694314115,0.21183991,0.011163741700709112
45041,3032041,2017-01-13 15:25:14,0,0.012858421,0.011297899355939564,0.29683766,0.017094884989312352
45042,3032042,2017-01-13 15:25:21,0,0.014320134,0.011992096191828673,0.2668694,0.014868251958745212
45043,3032043,2017-01-13 15:25:39,0,0.051270388,0.024475356471521107,0.24486922,0.013331607407289493
45044,3032044,2017-01-13 15:25:45,0,0.045301687,0.02281651589313913,0.19712783,0.010247167749246042
45045,3032045,2017-01-13 15:25:47,0,0.053522207,0.025081197314066297,0.2540633,0.013964265379254033
45046,3032046,2017-01-13 15:26:02,0,0.0176834,0.013480436090986312,0.31106773,0.018211092402687503
45047,3032047,2017-01-13 15:26:16,0,0.010595739,0.010150533344676622,0.18258919,0.00936875332477412
45048,3032048,2017-01-13 15:26:32,0,0.020054547,0.014456424794195828,0.31261662,0.018335023234017058
45049,3032049,2017-01-13 15:26:40,0,0.021013599,0.014836874203271946,0.14534356,0.007232048888707958
45050,3032050,2017-01-13 15:26:49,0,0.024392944,0.016121468402119216,0.5340526,0.043284766707384084
45051,3032051,2017-01-13 15:27:16,0,0.03609551,0.020073679035185206,0.24152456,0.013104736125550475
45052,3032052,2017-01-13 15:27:34,0,0.05574671,0.02567003322260497,0.21721944,0.01150616495165384
45053,3032053,2017-01-13 15:27:38,0,0.04200065,0.021861610470723394,0.6709328,0.07280371674928379
45054,3032054,2017-01-13 15:27:44,0,0.12997259,0.04215800438092595,0.25697452,0.014167401972695738
45055,3032055,2017-01-13 15:28:04,0,0.016479703,0.012963255897860688,0.25721195,0.014184030209756341
45056,3032056,2017-01-13 15:28:31,0,0.12474298,0.04111998623060505,0.24146289,0.013100568742088533
45057,3032057,2017-01-13 15:28:40,0,0.023515463,0.015795660755593587,0.29188532,0.01671562588676482
45058,3032058,2017-01-13 15:28:42,0,0.010882036,0.010301311505031734,0.24718735,0.013489865452885722
45059,3032059,2017-01-13 15:29:17,0,0.06842774,0.02886996341832011,0.22434714,0.011966082051890025
45060,3032060,2017-01-13 15:29:25,0,0.019622251,0.014282373699857886,0.21852408,0.011589812860915932
45061,3032061,2017-01-13 15:29:35,1,0.009447568,0.00952687338125502,0.3704967,0.023347159349410933
45062,3032062,2017-01-13 15:30:07,0,0.02745861,0.017222398104676503,0.21043356,0.011074876361608928
45063,3032063,2017-01-13 15:30:19,0,0.05079473,0.02434606208298381,0.22384903,0.011933707019793995
45064,3032064,2017-01-13 15:30:29,0,0.08322381,0.0323391420026948,0.25094458,0.013748161787801623
45065,3032065,2017-01-13 15:30:44,0,0.026594708,0.016917686594687214,0.458001,0.03268969782774333
45066,3032066,2017-01-13 15:30:53,0,0.14332786,0.044760270276151856,0.26887628,0.015012400627339129
45067,3032067,2017-01-13 15:31:01,0,0.019452222,0.014213462906820544,0.31240043,0.018317696227291732
45068,3032068,2017-01-13 15:31:06,0,0.02611003,0.016744895903742497,0.16001521,0.008055176343625434
45069,3032069,2017-01-13 15:31:10,0,0.28174397,0.06980819935747161,0.72995245,0.09325652505682927
45070,3032070,2017-01-13 15:31:38,0,0.012801289,0.011270080707179159,0.28145945,0.01593210874915164
45071,3032071,2017-01-13 15:31:43,0,0.07189929,0.029706291062479236,0.65329915,0.06787147832405079
45072,3032072,2017-01-13 15:32:07,0,0.005134878,0.006803540738605854,0.17619263,0.008990494828569211
45073,3032073,2017-01-13 15:32:21,0,0.013150335,0.011439198254854085,0.5422422,0.04460981983758597
45074,3032074,2017-01-13 15:32:25,0,0.02332922,0.015725844620349653,0.22565317,0.012051136017674107
45075,3032075,2017-01-13 15:32:58,0,0.5960434,0.13501504361435757,0.7950462,0.1268891432227829
45076,3032076,2017-01-13 15:33:04,0,0.03800758,0.020664874099304634,0.792771,0.12542185307453643
45077,3032077,2017-01-13 15:33:39,0,0.0033923776,0.005412671956685832,0.5006348,0.038277962094060855
45078,3032078,2017-01-13 15:33:47,1,0.21879032,0.058642398319714004,0.79016924,0.12377610331974614
45079,3032079,2017-01-13 15:34:08,0,0.01066951,0.010189555201247149,0.33730114,0.02037841373879702
45080,3032080,2017-01-13 15:34:08,0,0.09386005,0.034700919119149194,0.307145,0.017899393486275894
45081,3032081,2017-01-13 15:34:08,0,0.016793597,0.013099665563595765,0.29635614,0.017057805280514267
45082,3032082,2017-01-13 15:34:35,0,0.03729094,0.020444758823123643,0.6316523,0.062381335884516845
45083,3032083,2017-01-13 15:34:38,0,0.053251904,0.0250090057187527,0.71668184,0.0880256290502207
45084,3032084,2017-01-13 15:34:50,0,0.032799095,0.019023164067288184,0.61498356,0.058522603959462884
45085,3032085,2017-01-13 15:34:58,0,0.016822178,0.013112030409023675,0.5178383,0.04077891139161704
45086,3032086,2017-01-13 15:34:58,0,0.029719317,0.018001179721080982,0.36758897,0.02307616406044627
45087,3032087,2017-01-13 15:35:02,0,0.010428417,0.010061578976161228,0.38789248,0.02501574962895255
45088,3032088,2017-01-13 15:35:23,0,0.0080842385,0.008740846750430119,0.31216022,0.018298455179294588
45089,3032089,2017-01-13 15:35:30,0,0.09730141,0.035445690434847056,0.25324032,0.01390708718378606
45090,3032090,2017-01-13 15:35:34,0,0.029251816,0.017842237640259568,0.34806347,0.021311736423174632
45091,3032091,2017-01-13 15:35:39,0,0.0053489637,0.006958641992470962,0.20125163,0.010501205429017502
45092,3032092,2017-01-13 15:35:40,0,0.006145532,0.00751277094318349,0.27762243,0.015648711439956508
45093,3032093,2017-01-13 15:36:01,0,0.023418253,0.015759249674366455,0.2291064,0.012277209863186127
45094,3032094,2017-01-13 15:36:11,0,0.0013611478,0.0032706471747359768,0.22063105,0.011725405467594822
45095,3032095,2017-01-13 15:36:18,0,0.49472058,0.11065914248334044,0.80429286,0.13313798145486633
45096,3032096,2017-01-13 15:36:22,0,0.030195478,0.01816198956211368,0.24788386,0.013537580060901987
45097,3032097,2017-01-13 15:36:34,0,0.055170644,0.02551843182742553,0.26520738,0.014749391041335956
45098,3032098,2017-01-13 15:37:01,0,0.051169727,0.024448033830661724,0.23932786,0.01295666520966381
45099,3032099,2017-01-13 15:37:07,0,0.016917307,0.013153120651714532,0.34726346,0.02124142758304682
45100,3032100,2017-01-13 15:37:13,0,0.011079076,0.010404066372159654,0.356784,0.022088107815254922
45101,3032101,2017-01-13 15:37:14,0,0.011093854,0.010411740449259929,0.1460085,0.007268858758170512
45102,3032102,2017-01-13 15:37:42,0,0.041924097,0.021839113239692894,0.26818585,0.014962731806129366
45103,3032103,2017-01-13 15:37:43,0,0.013809384,0.011753228549971193,0.20087866,0.010478139052345008
45104,3032104,2017-01-13 15:37:45,0,0.014512825,0.012081240831279904,0.39622486,0.02584498585500795
45105,3032105,2017-01-13 15:37:49,0,0.016835196,0.013117659409088808,0.4144527,0.027731515116402917
45106,3032106,2017-01-13 15:37:50,0,0.0076543703,0.008480990029870681,0.13734731,0.006792968719220858
45107,3032107,2017-01-13 15:38:04,0,0.021805104,0.015145257477953861,0.27349088,0.015346470244389227
45108,3032108,2017-01-13 15:38:05,0,0.08058448,0.03173743465387724,0.2049362,0.010730065362654244
45109,3032109,2017-01-13 15:38:09,0,0.039124075,0.021004446775928408,0.25084415,0.013741228292231417
45110,3032110,2017-01-13 15:38:23,0,0.056359656,0.025830677465731054,0.1629912,0.008225002375877876
45111,3032111,2017-01-13 15:38:57,0,0.015837748,0.012680704371629256,0.094012745,0.00451958904710492
45112,3032112,2017-01-13 15:38:59,0,0.011455933,0.010598373366316013,0.22363544,0.011919835394851619
45113,3032113,2017-01-13 15:39:39,0,0.031605177,0.0186319511861088,0.23827967,0.012886269211579416
45114,3032114,2017-01-13 15:40:09,0,0.00486274,0.006602146332236114,0.43875238,0.030414222160457825
45115,3032115,2017-01-13 15:40:14,0,0.044471696,0.02257912852744531,0.26012617,0.014388872106245162
45116,3032116,2017-01-13 15:40:30,0,0.0050323014,0.006728202861323366,0.1307337,0.006434683583539804
45117,3032117,2017-01-13 15:41:04,0,0.028527418,0.017593827609810306,0.29498878,0.016952751098990342
45118,3032118,2017-01-13 15:41:08,1,0.16222318,0.04834405828701957,0.7900654,0.12371112090993254
45119,3032119,2017-01-13 15:41:09,0,0.005632225,0.007159661070056138,0.24729472,0.013497216437123273
45120,3032120,2017-01-13 15:41:13,0,0.016018081,0.012760573565426361,0.25363004,0.01393415018203974
45121,3032121,2017-01-13 15:41:13,0,0.02404113,0.01599145132637606,0.34155554,0.020744153903042396
45122,3032122,2017-01-13 15:41:22,0,0.031562924,0.01861799436782977,0.3014918,0.017455581314799185
45123,3032123,2017-01-13 15:41:25,0,0.07591292,0.030655197224859505,0.2617561,0.014504049342735761
45124,3032124,2017-01-13 15:41:28,0,0.06310517,0.02755665273462078,0.23360412,0.01257427506830535
45125,3032125,2017-01-13 15:41:34,0,0.019330097,0.014163806677693043,0.22338606,0.011903648456906281
45126,3032126,2017-01-13 15:41:48,0,0.01180013,0.010773391427695608,0.35172,0.02163503244277025
45127,3032127,2017-01-13 15:42:04,0,0.007426032,0.008340319408568084,0.17277682,0.00879049315457524
45128,3032128,2017-01-13 15:42:06,0,0.0044095693,0.006255234381312617,0.5089494,0.03946735714120378
45129,3032129,2017-01-13 15:42:43,1,0.15626106,0.047223976894246164,0.80737334,0.1353279616593445
45130,3032130,2017-01-13 15:42:54,0,0.114081174,0.03896486318321563,0.15560402,0.007805251581517998
45131,3032131,2017-01-13 15:43:18,0,0.00578964,0.007269421330176671,0.18148568,0.009303146900394965
45132,3032132,2017-01-13 15:43:25,0,0.002507565,0.004581532228302238,0.13975427,0.006924449007638176
45133,3032133,2017-01-13 15:44:01,0,0.009732455,0.009684610934824697,0.3277117,0.01956896760075607
45134,3032134,2017-01-13 15:44:34,0,0.027174458,0.0171226273567822,0.21694759,0.011488764541533459
45135,3032135,2017-01-13 15:45:17,0,0.04920565,0.023910620091197085,0.36799493,0.023113867504452358
45136,3032136,2017-01-13 15:45:29,0,0.009639596,0.009633423545662257,0.27715322,0.01561423584129438
45137,3032137,2017-01-13 15:45:49,0,0.056454398,0.025855447774866928,0.22225317,0.01183022279752347
45138,3032138,2017-01-13 15:46:04,0,0.016023343,0.012762898165549973,0.2049398,0.010730289295126002
45139,3032139,2017-01-13 15:46:05,0,0.06736525,0.02861091365639109,0.24512532,0.013349050603301743
45140,3032140,2017-01-13 15:46:40,0,0.114567794,0.03906446254654033,0.39899012,0.0261246699134934
45141,3032141,2017-01-13 15:47:06,0,0.026004061,0.01670693616102479,0.32754079,0.019554724456453957
45142,3032142,2017-01-13 15:47:11,0,0.085168995,0.03277838420495415,0.22643141,0.012101935043335399
45143,3032143,2017-01-13 15:47:20,0,0.04532049,0.022821873095206696,0.22887324,0.01226189109900704
45144,3032144,2017-01-13 15:47:54,0,0.022765933,0.015513220190568552,0.42276666,0.0286268861553013
45145,3032145,2017-01-13 15:47:54,0,0.0025717425,0.004645846002085405,0.24484943,0.013330260035309174
45146,3032146,2017-01-13 15:48:04,0,0.015628707,0.012587622442797755,0.17832923,0.00911629744266584
45147,3032147,2017-01-13 15:48:10,0,0.014304224,0.01198471241958257,0.3584603,0.02223947547666031
45148,3032148,2017-01-13 15:48:12,0,0.038059045,0.020680615688916333,0.33720538,0.020370229427419
45149,3032149,2017-01-13 15:48:13,0,0.0033950647,0.005415036615633323,0.33507487,0.020188667478837352
45150,3032150,2017-01-13 15:48:17,0,0.08352662,0.032407749145517056,0.13002641,0.00639662260322103
45151,3032151,2017-01-13 15:49:11,0,0.008536873,0.009007912811033377,0.4917978,0.03705163279704927
45152,3032152,2017-01-13 15:50:09,0,0.021365833,0.014974716522785524,0.22397977,0.011942201209564374
45153,3032153,2017-01-13 15:50:09,0,0.11570757,0.03929726051481575,0.24669892,0.013456450735424116
45154,3032154,2017-01-13 15:50:25,0,0.005088595,0.006769632086967793,0.36984938,0.023286640595373064
45155,3032155,2017-01-13 15:50:33,0,0.025129925,0.0163912625794561,0.17126788,0.008702577011710882
45156,3032156,2017-01-13 15:50:38,0,0.002206006,0.0042689003077533835,0.2862329,0.016288364938563324
45157,3032157,2017-01-13 15:50:47,0,0.0048002442,0.006555190960552638,0.25481027,0.014016255954587676
45158,3032158,2017-01-13 15:51:00,0,0.025420882,0.016496845753341285,0.43964055,0.03051616924196063
45159,3032159,2017-01-13 15:51:01,0,0.029816257,0.018034005497340175,0.22709638,0.012145409143923352
45160,3032160,2017-01-13 15:51:42,0,0.02205455,0.015241443899195949,0.3301909,0.019776286064576123
45161,3032161,2017-01-13 15:52:21,0,0.008649917,0.009073622862747847,0.2811861,0.015911832694463224
45162,3032162,2017-01-13 15:52:41,0,0.01804459,0.013632613765827724,0.20717134,0.010869771293720321
45163,3032163,2017-01-13 15:53:05,0,0.0944541,0.03483011092170947,0.19931968,0.010381917098858778
45164,3032164,2017-01-13 15:53:28,0,0.007518409,0.008397457901111481,0.2580837,0.01424515996357989
45165,3032165,2017-01-13 15:53:51,0,0.07714536,0.03094294218682451,0.23491964,0.012661727524803674
45166,3032166,2017-01-13 15:53:55,0,0.011863458,0.010805346223534467,0.16553181,0.008370769594093011
45167,3032167,2017-01-13 15:54:31,0,0.02174068,0.015120339083215611,0.20065004,0.010464008134128433
45168,3032168,2017-01-13 15:54:36,0,0.015720714,0.012628658052575816,0.2587168,0.014289632189696616
45169,3032169,2017-01-13 15:54:48,0,0.017034153,0.013203453812165913,0.46529654,0.03358993767979706
45170,3032170,2017-01-13 15:54:50,0,0.048477575,0.023709263187428,0.18908557,0.009757999399045557
45171,3032171,2017-01-13 15:55:09,0,0.0061777397,0.007534479690514715,0.3270069,0.01951027507351778
45172,3032172,2017-01-13 15:55:17,0,0.013199461,0.011462840956383209,0.36073983,0.022446432088351
45173,3032173,2017-01-13 15:55:58,0,0.011798556,0.010772596272362288,0.25068504,0.013730247022879543
45174,3032174,2017-01-13 15:56:07,0,0.054681115,0.02538912306638801,0.19573522,0.01016187410152872
45175,3032175,2017-01-13 15:56:12,0,0.0065158284,0.007759386369954971,0.23653474,0.012769449048298104
45176,3032176,2017-01-13 15:56:14,0,0.011541018,0.010641851199002968,0.2329195,0.012528864996585459
45177,3032177,2017-01-13 15:56:18,0,0.010829594,0.010273825350658579,0.2837043,0.01609913480312267
45178,3032178,2017-01-13 15:56:38,0,0.0030349728,0.005090270198548746,0.27511364,0.015464825825406826
45179,3032179,2017-01-13 15:56:43,0,0.013590201,0.01164953512064601,0.21740288,0.01151791155596126
45180,3032180,2017-01-13 15:56:44,0,0.014399292,0.012028780217295879,0.31005198,0.018130083565976583
45181,3032181,2017-01-13 15:57:14,0,0.02511602,0.01638620382404822,0.29593712,0.017025574125427337
45182,3032182,2017-01-13 15:57:59,0,0.03106984,0.01845453627907227,0.3648684,0.022824593626296102
45183,3032183,2017-01-13 15:58:03,0,0.057788484,0.026202568585765463,0.36431494,0.02277364771499026
45184,3032184,2017-01-13 15:58:58,0,0.03218998,0.018824330658505396,0.27811143,0.015684682474645904
45185,3032185,2017-01-13 15:59:02,0,0.011625293,0.010684775399842208,0.374351,0.023709796108296363
45186,3032186,2017-01-13 15:59:12,0,0.18923523,0.053322024160096224,0.63686687,0.06365173046097726
45187,3032187,2017-01-13 15:59:46,0,0.0069350903,0.008031188268257397,0.17053507,0.00865997624990287
45188,3032188,2017-01-13 16:00:06,0,0.0067384313,0.00790463612876481,0.17105368,0.008690118139341103
45189,3032189,2017-01-13 16:00:11,0,0.0033286423,0.0053563364236352395,0.21028368,0.011065421781886714
45190,3032190,2017-01-13 16:00:12,0,0.008930798,0.009235262694207503,0.21615961,0.011438387680551368
45191,3032191,2017-01-13 16:00:40,0,0.018986987,0.014023565212054438,0.3470797,0.021225299227021693
45192,3032192,2017-01-13 16:00:45,0,0.016262945,0.012868397376579561,0.46248364,0.03324027754409855
45193,3032193,2017-01-13 16:01:10,0,0.009520534,0.009567472154823406,0.3557205,0.021992436503792973
45194,3032194,2017-01-13 16:01:25,0,0.0041254824,0.006029580848563511,0.28144428,0.015930983178204478
45195,3032195,2017-01-13 16:02:00,0,0.035695806,0.019948479135886658,0.25395992,0.01395707666794605
45196,3032196,2017-01-13 16:02:17,0,0.04256914,0.022028157986850212,0.19914472,0.010371138486621877
45197,3032197,2017-01-13 16:02:36,0,0.060453836,0.02688703945578774,0.34170914,0.020757436309678544
45198,3032198,2017-01-13 16:02:41,0,0.004160649,0.006057883254062282,0.61126477,0.05770126176638341
45199,3032199,2017-01-13 16:02:42,0,0.033062283,0.019108600226409866,0.37238082,0.023523939357319928
45200,3032200,2017-01-13 16:02:48,0,0.008611879,0.009051554957961625,0.3467703,0.021198161151426472
45201,3032201,2017-01-13 16:02:53,0,0.01845789,0.013805134250687186,0.25181416,0.013808260205319679
45202,3032202,2017-01-13 16:03:04,0,0.016703967,0.013060828870808677,0.35257,0.02171064551938256
45203,3032203,2017-01-13 16:03:13,0,0.010861842,0.010290734307809156,0.4530581,0.03209185737120359
45204,3032204,2017-01-13 16:03:23,0,0.09275607,0.03446011198142348,0.3833828,0.024575209932193108
45205,3032205,2017-01-13 16:03:24,0,0.01019368,0.009935714257342135,0.1385665,0.006859493518373163
45206,3032206,2017-01-13 16:03:27,0,0.012489399,0.011117242685927424,0.39796975,0.026021203431518914
45207,3032207,2017-01-13 16:03:28,0,0.018215965,0.013704355832628079,0.5363912,0.04365892905867645
45208,3032208,2017-01-13 16:03:41,0,0.01879062,0.013942809024909335,0.27168575,0.015215352300643787
45209,3032209,2017-01-13 16:03:47,0,0.024007482,0.015978974330779595,0.34144005,0.020734171202875795
45210,3032210,2017-01-13 16:04:24,0,0.009307225,0.009448393396882086,0.19481225,0.010105482133746941
45211,3032211,2017-01-13 16:04:35,0,0.021108115,0.014873958970654706,0.25830904,0.014260981398235463
45212,3032212,2017-01-13 16:04:39,0,0.034041822,0.019424123194366236,0.24533494,0.013363334872261491
45213,3032213,2017-01-13 16:04:49,0,0.004807172,0.006560409352599917,0.2710298,0.015167846094387743
45214,3032214,2017-01-13 16:04:50,0,0.0014154299,0.0033419750239821696,0.2506241,0.013726041926353882
45215,3032215,2017-01-13 16:04:51,0,0.0043400447,0.006200626353799663,0.27438107,0.015411339258332043
45216,3032216,2017-01-13 16:05:11,0,0.0009360411,0.0026601927520306695,0.13505383,0.006668229602109176
45217,3032217,2017-01-13 16:05:13,0,0.0054849265,0.00705570759285522,0.29632714,0.017055573695787266
45218,3032218,2017-01-13 16:05:31,0,0.0023878578,0.0044595647331440785,0.21428609,0.011318954273374567
45219,3032219,2017-01-13 16:05:38,0,0.0029103996,0.004973936079569141,0.22863123,0.012245999171479853
45220,3032220,2017-01-13 16:05:39,0,0.025609203,0.016564910264041235,0.39762196,0.02598600773228236
45221,3032221,2017-01-13 16:05:48,0,0.019204345,0.014112533081306685,0.25354424,0.013928189965948913
45222,3032222,2017-01-13 16:05:57,0,0.029048538,0.01777279379065056,0.33677945,0.020333849305611457
45223,3032223,2017-01-13 16:06:27,0,0.13072753,0.04230690554940958,0.6809817,0.07582424040453628
45224,3032224,2017-01-13 16:06:27,0,0.038925298,0.020944282960571086,0.20610589,0.010803092875073587
45225,3032225,2017-01-13 16:06:43,0,0.16644733,0.0491323612124094,0.34674147,0.021195634608761102
45226,3032226,2017-01-13 16:06:46,0,0.0008368061,0.0025006671703025,0.3188894,0.01884196960534017
45227,3032227,2017-01-13 16:06:56,0,0.009608935,0.00961647420249408,0.28037912,0.015852050950219108
45228,3032228,2017-01-13 16:06:57,0,0.012873009,0.011304993930332779,0.28567097,0.01624621178576334
45229,3032229,2017-01-13 16:07:05,0,0.60250443,0.13676133982971586,0.6273693,0.06136110662940327
45230,3032230,2017-01-13 16:07:09,0,0.001883402,0.003912365572661597,0.13003874,0.006397285335852641
45231,3032231,2017-01-13 16:07:10,0,0.016262677,0.012868279656320999,0.321095,0.01902216620083224
45232,3032232,2017-01-13 16:07:28,0,0.007564859,0.008426070993100018,0.20545752,0.010762590644893604
45233,3032233,2017-01-13 16:07:31,0,0.0111243995,0.01042758791768663,0.31185704,0.018274186706489327
45234,3032234,2017-01-13 16:07:48,0,0.078228235,0.03119442504002976,0.2370701,0.012805241435530275
45235,3032235,2017-01-13 16:08:00,0,0.0042565027,0.006134488071650408,0.30746344,0.01792458124154131
45236,3032236,2017-01-13 16:08:03,0,0.021049285,0.014850884697077862,0.3139127,0.018439102073847264
45237,3032237,2017-01-13 16:08:10,0,0.089283235,0.03369631253919958,0.2527178,0.01387084066569039
45238,3032238,2017-01-13 16:08:12,0,0.027264694,0.01715435836390881,0.2437171,0.013253263612221065
45239,3032239,2017-01-13 16:08:40,0,0.012306373,0.011026770308581285,0.15128408,0.007562549382669215
45240,3032240,2017-01-13 16:08:52,0,0.0305287,0.018273893392431045,0.23732209,0.012822103992884557
45241,3032241,2017-01-13 16:09:01,0,0.03879815,0.020905733458211482,0.22176728,0.011798786380922048
45242,3032242,2017-01-13 16:09:02,0,0.014305644,0.011985371283092454,0.66987336,0.0724945260264509
45243,3032243,2017-01-13 16:09:13,0,0.023458615,0.015774375478848978,0.24846877,0.01357770867655848
45244,3032244,2017-01-13 16:09:17,0,0.0058912165,0.007339541257000045,0.17759623,0.009073077261515572
45245,3032245,2017-01-13 16:09:33,0,0.2248672,0.05972593389809203,0.78614,0.12129264310575603
45246,3032246,2017-01-13 16:09:54,0,0.014698591,0.012166692604858377,0.48828208,0.03657417488400363
45247,3032247,2017-01-13 16:10:08,0,0.0016246748,0.0036060898579650656,0.23581693,0.012721525053783381
45248,3032248,2017-01-13 16:10:10,0,0.02362497,0.015836600877321687,0.2665187,0.014843133569798554
45249,3032249,2017-01-13 16:10:34,0,0.04531335,0.022819839437436124,0.35949782,0.022333509477173365
45250,3032250,2017-01-13 16:10:41,0,0.0075759897,0.008432915835932938,0.25685313,0.014158904601155623
45251,3032251,2017-01-13 16:10:55,0,0.007972242,0.00867374876464649,0.46330574,0.0333421339083263
45252,3032252,2017-01-13 16:10:58,0,0.0023961712,0.004468122484328925,0.14961132,0.0074691081946784916
45253,3032253,2017-01-13 16:10:59,0,0.099662244,0.03595168714163672,0.29577416,0.017013048317099263
45254,3032254,2017-01-13 16:11:18,0,0.03275092,0.019007494487102858,0.33422968,0.020116922914675244
45255,3032255,2017-01-13 16:11:28,0,0.043250974,0.02222673132888211,0.43660933,0.030169406350095983
45256,3032256,2017-01-13 16:11:28,0,0.039031327,0.020976390258500392,0.30068415,0.017392688319988837
45257,3032257,2017-01-13 16:11:44,0,0.02777681,0.017333606552954607,0.22937284,0.012294725468996744
45258,3032258,2017-01-13 16:12:03,0,0.099543475,0.03592632382241846,0.30762312,0.01793721928445701
45259,3032259,2017-01-13 16:12:04,0,0.0315423,0.018611179246699038,0.23451068,0.01263451312756508
45260,3032260,2017-01-13 16:12:33,0,0.0027507895,0.00482156806247758,0.2218714,0.011805520488829577
45261,3032261,2017-01-13 16:12:55,0,0.003587589,0.005582334332448152,0.16149974,0.008139768228013756
45262,3032262,2017-01-13 16:13:49,0,0.004314004,0.006180072097497064,0.1865989,0.009608390719194285
45263,3032263,2017-01-13 16:14:08,0,0.011794488,0.010770540885047896,0.355369,0.02196087797433427
45264,3032264,2017-01-13 16:14:09,0,0.05100867,0.024404274345426667,0.4072999,0.02697899687618487
45265,3032265,2017-01-13 16:14:10,0,0.06095468,0.027014366964674248,0.5008745,0.03831176447897383
45266,3032266,2017-01-13 16:14:15,0,0.02628784,0.016808443185223006,0.5577338,0.04723420552506369
45267,3032267,2017-01-13 16:14:44,0,0.051752806,0.024606009562337477,0.570444,0.04951143273920341
45268,3032268,2017-01-13 16:15:08,0,0.081056185,0.03184546953005263,0.32005093,0.018936738086266183
45269,3032269,2017-01-13 16:15:17,0,0.024530223,0.016171984043794004,0.2509465,0.013748293478005824
45270,3032270,2017-01-13 16:15:46,0,0.050186895,0.024180144001948074,0.3105713,0.01817147577253307
45271,3032271,2017-01-13 16:15:49,0,0.007703086,0.008510759150458166,0.19822478,0.010314528081537546
45272,3032272,2017-01-13 16:15:51,0,0.011806571,0.01077664496101652,0.28640935,0.016301614138372694
45273,3032273,2017-01-13 16:16:06,0,0.048889477,0.02382332469324631,0.35773513,0.022173908105369778
45274,3032274,2017-01-13 16:16:12,0,0.11890886,0.03994757109145853,0.27437362,0.015410795757194843
45275,3032275,2017-01-13 16:16:29,0,0.009503556,0.009558037859130685,0.29028335,0.016593933057125577
45276,3032276,2017-01-13 16:16:37,0,0.042480823,0.022002342816966867,0.24919665,0.013627720516862864
45277,3032277,2017-01-13 16:16:51,0,0.016307816,0.012888079093841525,0.15488051,0.007764462782794256
45278,3032278,2017-01-13 16:16:51,0,0.0071337596,0.008157421441367597,0.42183363,0.028525270425077753
45279,3032279,2017-01-13 16:17:20,0,0.047696363,0.023491874948316768,0.5392169,0.0441154899030515
45280,3032280,2017-01-13 16:17:46,0,0.02258929,0.015446080076381376,0.6506289,0.06716233536786546
45281,3032281,2017-01-13 16:17:55,0,0.004764518,0.006528225629243203,0.1653842,0.008362280516890875
45282,3032282,2017-01-13 16:18:41,0,0.03602652,0.020052109478819018,0.38576785,0.024807487764468703
45283,3032283,2017-01-13 16:18:42,0,0.14822213,0.04569849816045476,0.6551737,0.06837500361513527
45284,3032284,2017-01-13 16:18:54,0,0.03514813,0.019775986220304225,0.2309821,0.012400734297318562
45285,3032285,2017-01-13 16:19:07,0,0.016247671,0.01286169251275379,0.26826328,0.014968297735878783
45286,3032286,2017-01-13 16:19:24,0,0.017623665,0.013455138666369928,0.1886636,0.00973255782421391
45287,3032287,2017-01-13 16:19:39,0,0.2926727,0.0717490005832729,0.32184204,0.019083433676873957
45288,3032288,2017-01-13 16:19:47,0,0.04166978,0.021764256854857427,0.24225521,0.01315414973440806
45289,3032289,2017-01-13 16:19:54,0,0.07422472,0.030258322278609282,0.19536312,0.010139126329804127
45290,3032290,2017-01-13 16:20:03,0,0.037288345,0.020443959313231463,0.19365983,0.010035222571159312
45291,3032291,2017-01-13 16:20:05,0,0.046721347,0.023218564035676004,0.340205,0.020627603831871504
45292,3032292,2017-01-13 16:20:40,0,0.013362118,0.01154084893609236,0.35526893,0.021951898138759415
45293,3032293,2017-01-13 16:20:52,0,0.21866311,0.058619686924842665,0.28093058,0.015892890730748586
45294,3032294,2017-01-13 16:21:44,0,0.018540896,0.013839580324450219,0.38151655,0.02439456074028774
45295,3032295,2017-01-13 16:21:48,0,0.059516624,0.026647695481952016,0.21557048,0.011400779393700404
45296,3032296,2017-01-13 16:22:02,0,0.1530586,0.046618475573472505,0.20941828,0.011010889430980487
45297,3032297,2017-01-13 16:22:33,0,0.046591178,0.023181904897742172,0.16311678,0.008232190819363947
45298,3032298,2017-01-13 16:22:39,0,0.020551847,0.014654656615374698,0.18241942,0.009358650491706725
45299,3032299,2017-01-13 16:22:45,0,0.110877074,0.0383058707283749,0.20686561,0.010850622611815873
45300,3032300,2017-01-13 16:22:57,0,0.02961259,0.01796498737338893,0.19756466,0.01027397343573383
45301,3032301,2017-01-13 16:23:13,0,0.0045515313,0.006365555611670203,0.23593217,0.012729214032498989
45302,3032302,2017-01-13 16:23:28,0,0.006600897,0.007815151199574082,0.23225285,0.01248471357877964
45303,3032303,2017-01-13 16:23:52,0,0.017394368,0.013357684766359101,0.23337582,0.01255912439648831
45304,3032304,2017-01-13 16:24:05,0,0.02853263,0.017595624225694013,0.2442367,0.013288570246534386
45305,3032305,2017-01-13 16:24:08,0,0.047384605,0.023404728167598074,0.358289,0.022223975218916787
45306,3032306,2017-01-13 16:24:13,0,0.046502866,0.023157010700020148,0.34400764,0.02095684869969238
45307,3032307,2017-01-13 16:24:20,0,0.09488793,0.034924289346980185,0.24392442,0.013267346227145316
45308,3032308,2017-01-13 16:24:22,1,0.019135749,0.014084503113408309,0.33689177,0.02034343926515774
45309,3032309,2017-01-13 16:24:36,0,0.055542406,0.025616336329671172,0.3326478,0.019983073721975435
45310,3032310,2017-01-13 16:24:38,0,0.004890383,0.006622829421857669,0.2051168,0.010741328219357308
45311,3032311,2017-01-13 16:24:40,0,0.021448402,0.015006887115315455,0.30933774,0.01807324578072444
45312,3032312,2017-01-13 16:25:18,0,0.0039735665,0.00590605759167219,0.408348,0.027088256000880977
45313,3032313,2017-01-13 16:26:07,0,0.11818984,0.03980195639871386,0.11959772,0.005840999249230646
45314,3032314,2017-01-13 16:26:09,0,0.028503837,0.017585696802494746,0.29306594,0.016805618997151887
45315,3032315,2017-01-13 16:26:23,0,0.0144678205,0.012060467084796233,0.30443922,0.017686185714125325
45316,3032316,2017-01-13 16:26:28,0,0.002346202,0.004416482160923988,0.29613397,0.017040711262239116
45317,3032317,2017-01-13 16:26:31,0,0.024064275,0.016000029766395623,0.2515519,0.013790122014737886
45318,3032318,2017-01-13 16:26:34,0,0.009355409,0.009475396625310575,0.15669273,0.007866736231236304
45319,3032319,2017-01-13 16:27:02,0,0.042562913,0.022026338088362775,0.5639222,0.04832836823438999
45320,3032320,2017-01-13 16:27:13,0,0.03942214,0.021094428216924147,0.41675466,0.027977164254753377
45321,3032321,2017-01-13 16:27:28,0,0.08625133,0.033021297450441,0.26050052,0.01441528626403687
45322,3032322,2017-01-13 16:27:52,0,0.007152342,0.008169147931920537,0.264643,0.01470913558933362
45323,3032323,2017-01-13 16:27:55,0,0.020231852,0.014527342233079346,0.15390554,0.0077095875806973135
45324,3032324,2017-01-13 16:28:02,0,0.0073275776,0.008279072614050913,0.4892827,0.036709472786838004
45325,3032325,2017-01-13 16:28:13,0,0.10359204,0.03678557451981606,0.5040337,0.03875991015123064
45326,3032326,2017-01-13 16:28:22,0,0.035945166,0.020026653682703573,0.2465062,0.013443276772022223
45327,3032327,2017-01-13 16:28:27,0,0.025177402,0.016408526560109403,0.244658,0.013317228767927009
45328,3032328,2017-01-13 16:29:03,0,0.0033284381,0.005356155165427085,0.475152,0.034841153769948265
45329,3032329,2017-01-13 16:29:09,0,0.01692647,0.013157072941564173,0.25815758,0.014250346369679824
45330,3032330,2017-01-13 16:29:11,0,0.21221691,0.05746707547318503,0.6850929,0.07710780439003435
45331,3032331,2017-01-13 16:29:11,0,0.0416616,0.021761846957096324,0.33059677,0.0198103552660612
45332,3032332,2017-01-13 16:29:18,0,0.06027483,0.026841434130151984,0.538868,0.044058854633293176
45333,3032333,2017-01-13 16:29:35,0,0.05975338,0.02670829248007916,0.3912805,0.025350505290819406
45334,3032334,2017-01-13 16:29:41,0,0.016580865,0.013007340692904035,0.23767942,0.012846031698562663
45335,3032335,2017-01-13 16:29:42,0,0.19284853,0.05397819045261798,0.60302335,0.055929118644959544
45336,3032336,2017-01-13 16:30:09,0,0.13608068,0.043356308191180644,0.50456357,0.03883557198108445
45337,3032337,2017-01-13 16:30:20,0,0.04199308,0.021859386666267754,0.3828771,0.024526165354357532
45338,3032338,2017-01-13 16:30:26,0,0.015671914,0.012606906395864237,0.246787,0.01346247379972249
45339,3032339,2017-01-13 16:30:36,0,0.049804445,0.024075343623522684,0.45878652,0.032785596700003694
45340,3032340,2017-01-13 16:31:14,0,0.012346027,0.011046422193054826,0.21571074,0.011409729074108527
45341,3032341,2017-01-13 16:31:29,0,0.058867715,0.02648113801904456,0.5544365,0.046662164629831686
45342,3032342,2017-01-13 16:31:49,0,0.014676041,0.01215634495419122,0.2613217,0.014473309853029439
45343,3032343,2017-01-13 16:31:52,0,0.009740992,0.009689306193528544,0.25332296,0.013912823901834877
45344,3032344,2017-01-13 16:32:05,0,0.040191628,0.021325453168020595,0.3560947,0.022026067343527623
45345,3032345,2017-01-13 16:32:07,0,0.05283987,0.024898686780327584,0.5716248,0.049729022780816944
45346,3032346,2017-01-13 16:32:19,0,0.029391155,0.01788972137150046,0.28875583,0.01647834059323534
45347,3032347,2017-01-13 16:32:25,0,0.6051795,0.13749272684532696,0.4260981,0.02899209956845805
45348,3032348,2017-01-13 16:32:33,0,0.017021086,0.013197832700049853,0.58460134,0.05219163027114164
45349,3032349,2017-01-13 16:33:17,0,0.011907844,0.010827698175265979,0.2444285,0.013301614355682228
45350,3032350,2017-01-13 16:33:17,0,0.05376841,0.025146829419822048,0.41203642,0.027475496914100773
45351,3032351,2017-01-13 16:33:21,0,0.18969238,0.053405148207277514,0.5313965,0.04286380277216807
45352,3032352,2017-01-13 16:33:22,0,0.07653621,0.030800925498796823,0.23763816,0.012843267754126909
45353,3032353,2017-01-13 16:33:28,0,0.0090869,0.009324121233106745,0.6424521,0.06504814665831002
45354,3032354,2017-01-13 16:33:54,0,0.06138919,0.027124510716740543,0.28751048,0.01638442037028817
45355,3032355,2017-01-13 16:34:01,0,0.014877605,0.012248592290839489,0.2791688,0.015762609782428702
45356,3032356,2017-01-13 16:34:18,0,0.036372922,0.020160237045446203,0.28835127,0.016447798101157513
45357,3032357,2017-01-13 16:34:19,0,0.016058994,0.012778639081847948,0.5793823,0.051185147246193455
45358,3032358,2017-01-13 16:34:45,0,0.01218548,0.010966686544247907,0.5912464,0.053505714908784995
45359,3032359,2017-01-13 16:34:53,0,0.0102846995,0.009984668987582138,0.38851443,0.02507695582699547
45360,3032360,2017-01-13 16:35:04,0,0.053795457,0.025154031995893316,0.4234474,0.028701209855823865
45361,3032361,2017-01-13 16:35:13,0,0.056969892,0.025989945493038083,0.19433016,0.010076069730397595
45362,3032362,2017-01-13 16:35:17,0,0.013121548,0.01142532574511949,0.2572268,0.01418506990999222
45363,3032363,2017-01-13 16:35:26,0,0.012008499,0.010878250884309364,0.2991027,0.017269903108879513
45364,3032364,2017-01-13 16:35:34,0,0.032499395,0.0189255271724819,0.30041945,0.017372102798301314
45365,3032365,2017-01-13 16:36:06,0,0.011748531,0.010747299099744392,0.22670542,0.012119841070572157
45366,3032366,2017-01-13 16:37:12,0,0.037566677,0.020529655070335013,0.26459652,0.01470582179434949
45367,3032367,2017-01-13 16:37:23,0,0.016881058,0.013137475095319241,0.24693215,0.01347240212214459
45368,3032368,2017-01-13 16:37:24,0,0.019014224,0.01403473800322585,0.17652489,0.009010022980166241
45369,3032369,2017-01-13 16:37:27,0,0.011277962,0.010506968906755123,0.7554921,0.10465915845221943
45370,3032370,2017-01-13 16:37:55,0,0.0169857,0.013182600185404682,0.4535854,0.032155176935801055
45371,3032371,2017-01-13 16:37:56,0,0.012410225,0.011078178220111068,0.310063,0.018130961865276733
45372,3032372,2017-01-13 16:38:02,0,0.005413294,0.007004703773414861,0.30921918,0.018063821503636283
45373,3032373,2017-01-13 16:38:29,0,0.06489144,0.028001837416800755,0.23277144,0.012519053596089062
45374,3032374,2017-01-13 16:38:31,0,0.03219959,0.018827480175851986,0.3050172,0.01773160743230669
45375,3032375,2017-01-13 16:38:35,0,0.012333986,0.011040457892165253,0.79350966,0.1258953155523652
45376,3032376,2017-01-13 16:38:41,0,0.0132114105,0.01146858621692145,0.3919548,0.025417523752042565
45377,3032377,2017-01-13 16:38:46,0,0.0044636778,0.006297467764239965,0.27227607,0.015258169240211575
45378,3032378,2017-01-13 16:39:00,0,0.089763544,0.03380253294925009,0.35375246,0.02181612584690803
45379,3032379,2017-01-13 16:39:04,0,0.0066208728,0.007828199491637674,0.38737896,0.0249652959562956
45380,3032380,2017-01-13 16:39:10,0,0.023362044,0.01573816635946032,0.27381757,0.015370260506805275
45381,3032381,2017-01-13 16:39:13,0,0.0119051235,0.01082632929084847,0.25813034,0.014248434053133687
45382,3032382,2017-01-13 16:39:19,0,0.0099634845,0.00981103262552198,0.1770191,0.009039093316562191
45383,3032383,2017-01-13 16:39:27,0,0.03584379,0.019994899167311075,0.1877356,0.009676684506325492
45384,3032384,2017-01-13 16:39:43,0,0.08082458,0.0317924513892293,0.30232584,0.01752066399851763
45385,3032385,2017-01-13 16:39:49,0,0.000981127,0.00273015001952161,0.20902772,0.010986311818692616
45386,3032386,2017-01-13 16:40:23,1,0.029198723,0.01782411970198734,0.3472792,0.021242809039701868
45387,3032387,2017-01-13 16:40:29,0,0.0099646365,0.009811659765932922,0.32966152,0.01973190468459633
45388,3032388,2017-01-13 16:40:30,0,0.02913742,0.01780318266078516,0.26256803,0.014561588519585496
45389,3032389,2017-01-13 16:40:34,0,0.0070823245,0.008124891709815835,0.18760882,0.009669059641079517
45390,3032390,2017-01-13 16:40:49,0,0.013502467,0.011607823824198601,0.14441246,0.007180583073484532
45391,3032391,2017-01-13 16:41:03,0,0.006753611,0.007914462472253622,0.22986536,0.01232712934738747
45392,3032392,2017-01-13 16:41:22,0,0.0038379708,0.005794006769594843,0.12078397,0.005903682446183929
45393,3032393,2017-01-13 16:41:23,0,0.025269054,0.016441814495637582,0.31838247,0.018800697124619233
45394,3032394,2017-01-13 16:41:27,0,0.33657762,0.07962557219571727,0.25825745,0.014257358537857777
45395,3032395,2017-01-13 16:41:29,0,0.07459699,0.030346114744546834,0.26152128,0.014487429346546373
45396,3032396,2017-01-13 16:41:30,0,0.00976376,0.009701818324399652,0.13453086,0.006639859561119198
45397,3032397,2017-01-13 16:41:38,0,0.01026086,0.009971865702305774,0.28408083,0.016127238732504785
45398,3032398,2017-01-13 16:42:25,0,0.019989828,0.014430471314615438,0.27206743,0.015243029005961847
45399,3032399,2017-01-13 16:42:26,0,0.048663568,0.02376081447451764,0.32205483,0.01910090655737187
45400,3032400,2017-01-13 16:42:43,0,0.09129294,0.03413949959275376,0.3254033,0.01937713438994251
45401,3032401,2017-01-13 16:42:45,0,0.009174177,0.009373507069020173,0.28832415,0.01644575176738649
45402,3032402,2017-01-13 16:43:13,0,0.017671486,0.013475393772459314,0.22987914,0.012328036718900523
45403,3032403,2017-01-13 16:43:19,0,0.04000361,0.021269171338639575,0.22236346,0.01183736254832457
45404,3032404,2017-01-13 16:43:22,0,0.0047336207,0.006504832394345689,0.15741426,0.007907555822130711
45405,3032405,2017-01-13 16:43:28,0,0.042166118,0.02191017966514297,0.2855483,0.01623701753322036
45406,3032406,2017-01-13 16:43:34,0,0.009906011,0.009779704717557248,0.2316445,0.012444480127076198
45407,3032407,2017-01-13 16:43:36,0,0.006210026,0.007556190567187732,0.41162097,0.027431665701981762
45408,3032408,2017-01-13 16:43:41,0,0.08146863,0.03193975209407015,0.4490112,0.03160946188029165
45409,3032409,2017-01-13 16:43:43,0,0.00014983283,0.0009674692584083498,0.36023575,0.02240055532961608
45410,3032410,2017-01-13 16:44:26,1,0.03905368,0.02098315416681247,0.40143555,0.026373906572918913
45411,3032411,2017-01-13 16:44:33,0,0.011482287,0.010611855442884914,0.21983348,0.0116740049190319
45412,3032412,2017-01-13 16:44:40,0,0.016657375,0.013040604719726382,0.29768324,0.01716010732724292
45413,3032413,2017-01-13 16:44:55,0,0.074974656,0.030435017286016875,0.19288538,0.009988102044016012
45414,3032414,2017-01-13 16:44:59,0,0.0043012886,0.0061700155502293986,0.45264173,0.03204193435710681
45415,3032415,2017-01-13 16:45:14,0,0.054129902,0.025242983038049897,0.25497124,0.014027471102630884
45416,3032416,2017-01-13 16:45:19,0,0.151595,0.04634079230733545,0.32433423,0.019288681987863966
45417,3032417,2017-01-13 16:45:38,0,0.0414304,0.021693628311337056,0.26015958,0.014391228484812156
45418,3032418,2017-01-13 16:45:49,0,0.029836548,0.01804087100560079,0.22588886,0.012066511344960425
45419,3032419,2017-01-13 16:46:09,0,0.008756242,0.009135080064857954,0.12221561,0.005979507528147843
45420,3032420,2017-01-13 16:46:09,0,0.15398982,0.04679483625610017,0.23512241,0.012675230435890845
45421,3032421,2017-01-13 16:46:38,0,0.050984144,0.024397605415385774,0.27683738,0.015591050642297193
45422,3032422,2017-01-13 16:46:48,0,0.0121715,0.010959721505717375,0.19848353,0.010330439381733975
45423,3032423,2017-01-13 16:46:49,0,0.018736236,0.013920379181486642,0.29648685,0.017067866605849132
45424,3032424,2017-01-13 16:46:59,0,0.028214546,0.01748571664300637,0.200755,0.010470494818542479
45425,3032425,2017-01-13 16:47:05,0,0.036628287,0.020239676181806124,0.2977285,0.01716360298920759
45426,3032426,2017-01-13 16:47:20,0,0.02210301,0.015260075981462081,0.23705971,0.012804546637201025
45427,3032427,2017-01-13 16:47:34,0,0.35513544,0.08301301780963566,0.60460883,0.0562650176367256
45428,3032428,2017-01-13 16:47:40,0,0.009313285,0.00945179301292751,0.29521567,0.016970158049172714
45429,3032429,2017-01-13 16:47:50,0,0.025581898,0.016555054864294375,0.356293,0.02204390382547198
45430,3032430,2017-01-13 16:47:51,0,0.015476248,0.01251939233447377,0.33427182,0.020120496233607874
45431,3032431,2017-01-13 16:47:53,0,0.0055833366,0.00712529495903124,0.29424524,0.01689577421342456
45432,3032432,2017-01-13 16:48:17,0,0.025661329,0.016583712475162205,0.21883608,0.011609852200967174
45433,3032433,2017-01-13 16:48:24,0,0.11751318,0.039664685695467314,0.34678555,0.021199498965938667
45434,3032434,2017-01-13 16:49:19,0,0.018795371,0.01394476742815507,0.52570057,0.041975102811617156
45435,3032435,2017-01-13 16:49:38,0,0.0022189873,0.004282738854784754,0.14520794,0.007224547230744149
45436,3032436,2017-01-13 16:49:52,0,0.0061024823,0.007483675405256782,0.22256272,0.011850266907334555
45437,3032437,2017-01-13 16:50:03,0,0.31493136,0.07572250470157424,0.43656418,0.03016426622508583
45438,3032438,2017-01-13 16:50:03,0,0.00605205,0.00744947322981857,0.20822373,0.010935781868035278
45439,3032439,2017-01-13 16:50:06,0,0.0021869317,0.004248499733597404,0.12747307,0.006259624271602523
45440,3032440,2017-01-13 16:50:15,0,0.042199273,0.02191990238414533,0.33267814,0.019985635568391658
45441,3032441,2017-01-13 16:50:50,0,0.081193976,0.03187698656433061,0.2943463,0.016903512205700855
45442,3032442,2017-01-13 16:50:55,0,0.011226603,0.010480473392376972,0.4617035,0.03314387478010825
45443,3032443,2017-01-13 16:51:04,0,0.00096034596,0.0026980884987783597,0.08869998,0.004252108726659563
45444,3032444,2017-01-13 16:51:07,0,0.044415034,0.02256285815000378,0.25750172,0.014204335910836198
45445,3032445,2017-01-13 16:51:09,0,0.022158885,0.01528153729942345,0.67197806,0.07311044083242858
45446,3032446,2017-01-13 16:51:36,0,0.012976469,0.011355207551849543,0.20938149,0.011008573325253219
45447,3032447,2017-01-13 16:51:37,0,0.040793918,0.02150502665650027,0.63910615,0.06420707560878741
45448,3032448,2017-01-13 16:51:51,0,0.010666591,0.01018801356293106,0.35792002,0.022190612928896847
45449,3032449,2017-01-13 16:52:04,0,0.050298333,0.024210621612180506,0.2756817,0.015506365912939302
45450,3032450,2017-01-13 16:52:07,0,0.011241518,0.010488173480239216,0.20574214,0.010780363000425296
45451,3032451,2017-01-13 16:52:12,0,0.0498963,0.024100542788644284,0.362124,0.02257273587876249
45452,3032452,2017-01-13 16:52:25,0,0.010438972,0.01006720926482662,0.23501702,0.012668211291844762
45453,3032453,2017-01-13 16:52:29,0,0.011933303,0.010840502592049082,0.27249697,0.015274206506992337
45454,3032454,2017-01-13 16:52:51,0,0.030179465,0.01815659894788511,0.17632131,0.008998056517265627
45455,3032455,2017-01-13 16:53:08,0,0.01069107,0.010200937094287517,0.3272537,0.019530814736310582
45456,3032456,2017-01-13 16:53:52,0,0.033527184,0.01925882857661654,0.34483334,0.021028784929248198
45457,3032457,2017-01-13 16:54:03,0,0.014250759,0.011959872597972477,0.21529582,0.011383262516377305
45458,3032458,2017-01-13 16:54:04,0,0.0017785667,0.0037906926024972166,0.37436536,0.023711154999525006
45459,3032459,2017-01-13 16:54:09,0,0.015460939,0.012512524834702275,0.36803997,0.02311805233398539
45460,3032460,2017-01-13 16:54:13,0,0.015322778,0.012450412348039036,0.22520602,0.012021987913165968
45461,3032461,2017-01-13 16:54:39,0,0.014390909,0.012024899555933107,0.2273243,0.0121603253650827
45462,3032462,2017-01-13 16:54:58,0,0.016742168,0.013077392345475876,0.25702757,0.014171116283751013
45463,3032463,2017-01-13 16:55:00,0,0.011907116,0.010827331715781093,0.23404147,0.012603320384808494
45464,3032464,2017-01-13 16:55:10,0,0.03881121,0.020909695711174528,0.23719701,0.012813732843244946
45465,3032465,2017-01-13 16:55:27,0,0.033715297,0.019319368992870862,0.24934861,0.013638172249716623
45466,3032466,2017-01-13 16:55:28,0,0.010663236,0.010186240989608356,0.25696474,0.014166717587840692
45467,3032467,2017-01-13 16:55:28,0,0.0010740305,0.002869899160763306,0.20474114,0.010717904030982576
45468,3032468,2017-01-13 16:55:35,0,0.024524668,0.016169942486151674,0.54595214,0.0452239252623316
45469,3032469,2017-01-13 16:55:47,0,0.028149363,0.017463129431234254,0.27434394,0.015408630544860356
45470,3032470,2017-01-13 16:55:49,0,0.14206263,0.04451646828759368,0.28799018,0.016420563761008398
45471,3032471,2017-01-13 16:55:54,0,0.022084637,0.015253013941579546,0.17347011,0.00883097584903814
45472,3032472,2017-01-13 16:56:11,0,0.0066855038,0.00787029676058978,0.3409071,0.020688141212623922
45473,3032473,2017-01-13 16:56:25,0,0.026744988,0.01697099060780111,0.30021387,0.017356124912295875
45474,3032474,2017-01-13 16:56:25,0,0.015323771,0.012450859544283866,0.28754577,0.016387077584777286
45475,3032475,2017-01-13 16:56:26,0,0.012464759,0.01110509695376188,0.32663652,0.019479474247502702
45476,3032476,2017-01-13 16:56:41,0,0.024366489,0.01611171955182796,0.5107661,0.039731984172559756
45477,3032477,2017-01-13 16:57:06,0,0.040754005,0.02149316009153579,0.48536292,0.036182119979705385
45478,3032478,2017-01-13 16:57:11,0,0.04467328,0.02263694570890728,0.4688258,0.03403327734639265
45479,3032479,2017-01-13 16:57:27,0,0.23940624,0.06230943236196657,0.8131714,0.13960827908816492
45480,3032480,2017-01-13 16:57:43,0,0.11571841,0.03929947145249581,0.29591817,0.01702411694990536
45481,3032481,2017-01-13 16:58:34,0,0.006406544,0.007687268615677801,0.32787862,0.019582884084791755
45482,3032482,2017-01-13 16:59:40,0,0.00876732,0.009141464273370925,0.08251606,0.003943549955368291
45483,3032483,2017-01-13 16:59:45,0,0.05282977,0.02489597756991431,0.35886142,0.02227579802782772
45484,3032484,2017-01-13 17:00:01,0,0.03893725,0.020947903612687755,0.2948512,0.016942201479616233
45485,3032485,2017-01-13 17:00:19,0,0.22436224,0.05963599566921252,0.2778972,0.01566891910980911
45486,3032486,2017-01-13 17:00:36,0,0.0038065314,0.00576777474177051,0.24569929,0.013388179782425399
45487,3032487,2017-01-13 17:00:56,0,0.10281419,0.036621322154878726,0.19374645,0.010040497666136773
45488,3032488,2017-01-13 17:01:27,0,0.013562092,0.011636184007750414,0.28560212,0.016241051407631785
45489,3032489,2017-01-13 17:01:31,0,0.005943731,0.007375581255699448,0.5545046,0.046673898376137515
45490,3032490,2017-01-13 17:02:17,0,0.005017961,0.006717615967896706,0.16010162,0.008060093583532846
45491,3032491,2017-01-13 17:02:24,0,0.3787777,0.0873982689713655,0.7191609,0.08897081012300488
45492,3032492,2017-01-13 17:02:41,0,0.008270096,0.008851291080483359,0.24692284,0.01347176500426982
45493,3032493,2017-01-13 17:03:16,0,0.0073793125,0.00831130142391321,0.46387,0.03341220309470983
45494,3032494,2017-01-13 17:03:37,0,0.0478386,0.023531559309129344,0.41208795,0.02748093718573925
45495,3032495,2017-01-13 17:03:46,0,0.023623979,0.015836230774294694,0.22424787,0.011959627071207084
45496,3032496,2017-01-13 17:03:50,0,0.0127016725,0.011221444796377843,0.28837648,0.016449700638819866
45497,3032497,2017-01-13 17:03:50,0,0.013852492,0.01177353739862851,0.241243,0.013085716289638274
45498,3032498,2017-01-13 17:03:56,0,0.0013417399,0.0032448359073419756,0.13895568,0.006880761250318263
45499,3032499,2017-01-13 17:04:05,0,0.00059906807,0.0020794568837353214,0.20834164,0.010943187113025313
45500,3032500,2017-01-13 17:04:11,0,0.019121533,0.014078688766940151,0.4394197,0.030490790892057088
45501,3032501,2017-01-13 17:04:18,0,0.037157245,0.020403503712328627,0.6762294,0.07437561646211475
45502,3032502,2017-01-13 17:04:38,0,0.071869284,0.029699126787144734,0.652403,0.06763242851348175
45503,3032503,2017-01-13 17:05:19,0,0.02713497,0.017108727534235448,0.27326474,0.015330013273625242
45504,3032504,2017-01-13 17:05:40,0,0.0052171326,0.0068634681908040784,0.28610322,0.016278632504120084
45505,3032505,2017-01-13 17:05:44,0,0.041988824,0.021858135705020813,0.20293441,0.010605506584504657
45506,3032506,2017-01-13 17:05:45,0,0.012645002,0.011193701717920565,0.39473692,0.025695427626082436
45507,3032507,2017-01-13 17:05:52,0,0.079401456,0.03146550723666347,0.27842465,0.015707745662530564
45508,3032508,2017-01-13 17:06:35,0,0.043359637,0.022258260876644433,0.25007758,0.013688360161586914
45509,3032509,2017-01-13 17:06:47,0,0.001024588,0.0027962328037569773,0.23154473,0.012437887503767396
45510,3032510,2017-01-13 17:06:52,0,0.060634784,0.026933087272305888,0.7323898,0.09426500614242944
45511,3032511,2017-01-13 17:06:59,0,0.0093453815,0.009469782064824437,0.29991436,0.017332860694246242
45512,3032512,2017-01-13 17:06:59,0,0.36412403,0.0846702172887355,0.76793015,0.11096779691373822
45513,3032513,2017-01-13 17:07:32,0,0.0518009,0.02461900853354348,0.72200257,0.09007186437747136
45514,3032514,2017-01-13 17:07:41,0,0.024482394,0.016154397724531845,0.47210047,0.03444932590931679
45515,3032515,2017-01-13 17:07:51,0,0.0017143828,0.0037146077343205653,0.22246154,0.011843713660052956
45516,3032516,2017-01-13 17:08:20,0,0.029044637,0.01777145934567672,0.6771282,0.07464676676580824
45517,3032517,2017-01-13 17:08:29,0,0.0047645266,0.006528232318304392,0.30169183,0.017471177987655857
45518,3032518,2017-01-13 17:08:38,0,0.0135603575,0.011635359947983127,0.2017052,0.01052928208666315
45519,3032519,2017-01-13 17:08:50,0,0.018375717,0.013770968241614057,0.28758186,0.016389795631682854
45520,3032520,2017-01-13 17:08:58,0,0.0135536045,0.011632150453725428,0.23724319,0.012816823132770083
45521,3032521,2017-01-13 17:09:23,0,0.009624531,0.009625098590038376,0.20987703,0.011039784337968891
45522,3032522,2017-01-13 17:09:36,0,0.018241903,0.013715188229541913,0.3814827,0.0243912924926139
45523,3032523,2017-01-13 17:09:45,0,0.10509023,0.037100854145656864,0.21747671,0.011522641101326397
45524,3032524,2017-01-13 17:09:49,0,0.008193867,0.008806127525681332,0.181885,0.009326870620221925
45525,3032525,2017-01-13 17:09:51,0,0.07239675,0.029824918055656374,0.5928592,0.053830317070791146
45526,3032526,2017-01-13 17:09:55,0,0.016034314,0.012767743783089935,0.29682574,0.017093966469339954
45527,3032527,2017-01-13 17:10:03,0,0.033391364,0.01921502957922917,0.29040346,0.016603040072207722
45528,3032528,2017-01-13 17:10:25,0,0.0068871262,0.008000471880198822,0.3066934,0.017863708007960655
45529,3032529,2017-01-13 17:10:42,0,0.05706252,0.0260140637942958,0.328765,0.019656884076446446
45530,3032530,2017-01-13 17:10:43,0,0.043052316,0.022169006150582284,0.27973777,0.015804623018881553
45531,3032531,2017-01-13 17:11:09,0,0.021560572,0.015050505687403282,0.3015662,0.017461382681521073
45532,3032532,2017-01-13 17:11:11,0,0.023937356,0.01595294573653187,0.22437324,0.011967778874206091
45533,3032533,2017-01-13 17:11:17,0,0.045282666,0.022811095159723682,0.29433805,0.016902880041225317
45534,3032534,2017-01-13 17:11:24,0,0.0054613,0.007038917974696606,0.2463751,0.013434318165789265
45535,3032535,2017-01-13 17:11:36,0,0.009262218,0.009423114460569069,0.2259175,0.012068380220017216
45536,3032536,2017-01-13 17:12:22,0,0.02550328,0.016526652968570258,0.33949837,0.020566787527506635
45537,3032537,2017-01-13 17:12:24,0,0.031080931,0.01845822518222589,0.18734516,0.009653208660280202
45538,3032538,2017-01-13 17:12:27,0,0.09398615,0.03472836552509077,0.3364461,0.020305406641924584
45539,3032539,2017-01-13 17:12:29,0,0.26606688,0.06703077127665143,0.6323181,0.0625417876932943
45540,3032540,2017-01-13 17:12:41,0,0.0028593794,0.004925647657065078,0.27544987,0.015489406122820475
45541,3032541,2017-01-13 17:12:48,0,0.030392034,0.018228059938979007,0.41283786,0.027560207718748043
45542,3032542,2017-01-13 17:12:56,0,0.049127135,0.02388896301882746,0.3282916,0.019617339860359552
45543,3032543,2017-01-13 17:13:02,0,0.01801362,0.013619618218783653,0.40464643,0.02670390282836615
45544,3032544,2017-01-13 17:13:30,0,0.0080489265,0.008719735822755415,0.33157668,0.019892757337070733
45545,3032545,2017-01-13 17:13:32,0,0.021045087,0.014849236934892639,0.3526836,0.021720764895383538
45546,3032546,2017-01-13 17:13:41,0,0.0004897311,0.0018605540369262602,0.3057277,0.01778753247218287
45547,3032547,2017-01-13 17:13:55,0,0.004075052,0.005988805204523816,0.5727476,0.04993689558163968
45548,3032548,2017-01-13 17:13:57,0,0.05048071,0.024260442780610923,0.28402102,0.016122772506593802
45549,3032549,2017-01-13 17:13:59,0,0.0050741117,0.006758992682017054,0.22622496,0.012088450357095947
45550,3032550,2017-01-13 17:14:15,0,0.10459822,0.03699747022395272,0.23531725,0.01268821024617409
45551,3032551,2017-01-13 17:15:04,0,0.015536578,0.012546426985168333,0.3343055,0.020123352141882895
45552,3032552,2017-01-13 17:15:15,0,0.0059431363,0.007375173952756536,0.21289204,0.011230399938678548
45553,3032553,2017-01-13 17:15:19,0,0.010402618,0.010047807586558077,0.6709306,0.0728030713585916
45554,3032554,2017-01-13 17:15:22,0,0.0008857462,0.00258034349324673,0.2751314,0.015466123845982895
45555,3032555,2017-01-13 17:15:35,0,0.02550779,0.016528283072892395,0.4448045,0.031114616713499868
45556,3032556,2017-01-13 17:15:37,0,0.029190106,0.017821177980108155,0.31900164,0.01885111457823572
45557,3032557,2017-01-13 17:15:54,0,0.0041907504,0.006082024026202452,0.16799864,0.008513003064232106
45558,3032558,2017-01-13 17:16:01,0,0.025148489,0.01639801431309624,0.287733,0.01640117991839175
45559,3032559,2017-01-13 17:16:01,1,0.020134846,0.014488575537503741,0.3287757,0.019657778338885656
45560,3032560,2017-01-13 17:16:11,0,0.06276417,0.027471131585615278,0.38856062,0.025081506171892847
45561,3032561,2017-01-13 17:16:26,0,0.0077820383,0.008558828155510597,0.28820628,0.01643685966409394
45562,3032562,2017-01-13 17:16:28,0,0.008768808,0.009142321668943224,0.2944665,0.016912717708197182
45563,3032563,2017-01-13 17:16:31,0,0.008074371,0.008734951782519327,0.34052902,0.020655527710130905
45564,3032564,2017-01-13 17:16:56,0,0.22866152,0.06040123478323699,0.24011897,0.013009905613300418
45565,3032565,2017-01-13 17:17:27,0,0.029568186,0.01794991355857916,0.36730224,0.02304956042826203
45566,3032566,2017-01-13 17:17:32,0,0.017037824,0.013205032834681064,0.27987054,0.01581443536552658
45567,3032567,2017-01-13 17:17:42,0,0.022762822,0.01551203980785069,0.29549816,0.016991845236385285
45568,3032568,2017-01-13 17:18:00,0,0.06559535,0.02817601050511922,0.2846205,0.016167564290469748
45569,3032569,2017-01-13 17:18:03,0,0.016300237,0.012884756348040123,0.30254087,0.01753746484758965
45570,3032570,2017-01-13 17:18:05,0,0.03079929,0.018364387848035717,0.27625278,0.015548183187963801
45571,3032571,2017-01-13 17:18:11,0,0.066989556,0.02851895403625562,0.3049309,0.01772482066179327
45572,3032572,2017-01-13 17:18:19,0,0.051074404,0.024422140757657015,0.5592397,0.047497970652328136
45573,3032573,2017-01-13 17:18:37,0,0.015407673,0.012488607028472404,0.2515198,0.01378790290044153
45574,3032574,2017-01-13 17:18:53,0,0.026181933,0.01677061486389496,0.3077645,0.017948413326825563
45575,3032575,2017-01-13 17:19:06,0,0.051317796,0.024488217252115436,0.22381637,0.011931585305727225
45576,3032576,2017-01-13 17:19:40,0,0.027992913,0.017408826613563855,0.2878394,0.01640919926229229
45577,3032577,2017-01-13 17:19:41,0,0.04756974,0.02345650708580981,0.22475885,0.011992867549362839
45578,3032578,2017-01-13 17:20:01,0,0.025584185,0.01655588063320975,0.27323422,0.015327793087445184
45579,3032579,2017-01-13 17:20:24,0,0.011750059,0.010748072648220548,0.22647433,0.012104738839142528
45580,3032580,2017-01-13 17:20:27,0,0.027841229,0.017356055072914,0.38923103,0.02514761330415987
45581,3032581,2017-01-13 17:20:29,0,0.33304656,0.0789856654365613,0.27834603,0.01570195518890232
45582,3032582,2017-01-13 17:20:59,0,0.008487346,0.008979001777631791,0.25654346,0.014137237043345756
45583,3032583,2017-01-13 17:21:01,0,0.012780757,0.011260069986700724,0.35807595,0.02220470714354901
45584,3032584,2017-01-13 17:21:04,0,0.010996512,0.010361109095129724,0.30652073,0.01785007381657793
45585,3032585,2017-01-13 17:21:19,0,0.013258202,0.011491060840435595,0.3184163,0.01880344937467744
45586,3032586,2017-01-13 17:21:20,0,0.0035456272,0.00554622048195609,0.34983832,0.021468261510688112
45587,3032587,2017-01-13 17:21:22,0,0.0142119415,0.0119418125159766,0.25284562,0.013879703407961236
45588,3032588,2017-01-13 17:21:29,0,0.12293064,0.040757471910118706,0.3170841,0.018695234953918505
45589,3032589,2017-01-13 17:21:32,0,0.009098577,0.009330740785405885,0.28949437,0.016534173686739165
45590,3032590,2017-01-13 17:21:59,0,0.051020794,0.02440756985584971,0.36286315,0.02264038113621877
45591,3032591,2017-01-13 17:22:14,0,0.016077178,0.012786661571763646,0.33644313,0.020305152462237828
45592,3032592,2017-01-13 17:22:27,0,0.038799528,0.020906151633845595,0.2874166,0.016377352039002237
45593,3032593,2017-01-13 17:22:39,0,0.019180411,0.014102758309201303,0.2810966,0.015905197035360415
45594,3032594,2017-01-13 17:22:43,0,0.013165797,0.011446643779208367,0.35767338,0.022168330947431425
45595,3032595,2017-01-13 17:22:45,0,0.0088709025,0.009200985834819026,0.30833685,0.01799377074473649
45596,3032596,2017-01-13 17:22:45,0,0.015899414,0.01270806071557241,0.31258947,0.018332846682777147
45597,3032597,2017-01-13 17:22:49,0,0.014832304,0.012227907671681698,0.26034886,0.014404581969396217
45598,3032598,2017-01-13 17:23:35,0,0.010083226,0.00987604551396648,0.40012908,0.02624052811961885
45599,3032599,2017-01-13 17:23:53,0,0.022586886,0.015445164530504133,0.27414858,0.015394384413637753
45600,3032600,2017-01-13 17:24:04,0,0.0023555558,0.0044261859683218585,0.42419153,0.028782632231783473
45601,3032601,2017-01-13 17:24:18,0,0.09200921,0.03429666524319071,0.33273777,0.01999067177825165
45602,3032602,2017-01-13 17:24:33,0,0.0026087165,0.0046825719244362315,0.49230498,0.0371209931147973
45603,3032603,2017-01-13 17:24:40,0,0.0030402348,0.005095136572428837,0.46805495,0.033936001607678706
45604,3032604,2017-01-13 17:25:01,0,0.11683824,0.039527535469420554,0.28459135,0.016165384983612162
45605,3032605,2017-01-13 17:25:14,0,0.0033276647,0.005355468529863912,0.6531974,0.06784428383513676
45606,3032606,2017-01-13 17:25:23,0,0.04161148,0.02174707157974902,0.610886,0.0576183725351654
45607,3032607,2017-01-13 17:25:54,0,0.04044466,0.02140102752540959,0.22155501,0.011785063695011457
45608,3032608,2017-01-13 17:26:01,0,0.029956155,0.018081298904874546,0.22053614,0.011719284447169093
45609,3032609,2017-01-13 17:26:19,0,0.0033516737,0.00537674912404547,0.29057455,0.01661601825493229
45610,3032610,2017-01-13 17:26:32,1,0.014481596,0.012066828642116523,0.2701338,0.015103073742106312
45611,3032611,2017-01-13 17:26:38,0,0.005120393,0.006792942986312946,0.6122436,0.057916112121149506
45612,3032612,2017-01-13 17:26:44,0,0.06775435,0.02870595483029308,0.15369055,0.007697500674599221
45613,3032613,2017-01-13 17:26:48,0,0.06773759,0.02870186426499659,0.31568146,0.018581696624612367
45614,3032614,2017-01-13 17:26:58,0,0.02059682,0.014672481229467732,0.87625945,0.20543312130563238
45615,3032615,2017-01-13 17:27:14,0,0.018672615,0.013894103880912329,0.31583473,0.01859408361278995
45616,3032616,2017-01-13 17:27:39,0,0.08381998,0.032474134051628266,0.19202074,0.009935583144134648
45617,3032617,2017-01-13 17:28:36,0,0.00985589,0.00975231894926949,0.30860224,0.018014824419897747
45618,3032618,2017-01-13 17:28:43,0,0.021169052,0.01489783034208342,0.30073807,0.017396882648717155
45619,3032619,2017-01-13 17:28:43,0,0.037412886,0.020482336470401277,0.76054615,0.10715642675661369
45620,3032620,2017-01-13 17:28:54,0,0.07410365,0.030229738051380545,0.2556092,0.014071963811911748
45621,3032621,2017-01-13 17:29:42,0,0.015247161,0.012416313455472186,0.2151604,0.011374629558237011
45622,3032622,2017-01-13 17:29:57,0,0.0037976978,0.005760386824674354,0.63376963,0.06289336875776301
45623,3032623,2017-01-13 17:30:07,0,0.025636988,0.01657493453413758,0.22572781,0.01205600428181896
45624,3032624,2017-01-13 17:31:23,0,0.006932927,0.008029804818771238,0.48774925,0.036502318272112255
45625,3032625,2017-01-13 17:31:26,0,0.05427129,0.025280522713267226,0.47247508,0.034497212068131285
45626,3032626,2017-01-13 17:31:29,0,0.023139406,0.015654443380110433,0.43281308,0.029739755508785392
45627,3032627,2017-01-13 17:31:48,0,0.12174954,0.04052041528907537,0.25276282,0.013873962680970003
45628,3032628,2017-01-13 17:32:22,0,0.03596961,0.020034305271539325,0.3583545,0.022229901561694892
45629,3032629,2017-01-13 17:32:31,0,0.02240025,0.015373977791503382,0.33971885,0.020585750365038073
45630,3032630,2017-01-13 17:32:50,0,0.0060742856,0.007464568642399882,0.3488171,0.02137810886242512
45631,3032631,2017-01-13 17:33:10,0,0.050166003,0.0241744273801004,0.373902,0.023667348621882633
45632,3032632,2017-01-13 17:33:11,0,0.0155506395,0.012552721340338682,0.32692298,0.01950329345839267
45633,3032633,2017-01-13 17:33:12,0,0.16939832,0.04968065733811153,0.78663486,0.1215934749520754
45634,3032634,2017-01-13 17:33:15,0,0.0132806655,0.01150183799782707,0.41533676,0.02782565304961774
45635,3032635,2017-01-13 17:33:49,0,0.11144866,0.03842384300393504,0.1598979,0.008048501787536409
45636,3032636,2017-01-13 17:33:51,0,0.029689847,0.017991191377609194,0.37054846,0.02335200391777468
45637,3032637,2017-01-13 17:34:20,0,0.009778708,0.00971002664030994,0.40933728,0.027191699868817247
45638,3032638,2017-01-13 17:34:23,0,0.017368933,0.013346840536362122,0.50644404,0.03910524072536701
45639,3032639,2017-01-13 17:34:26,0,0.0034422774,0.005456448118936986,0.3391766,0.020539132203435145
45640,3032640,2017-01-13 17:34:46,0,0.07788218,0.03111419262320471,0.36094782,0.02246538019049195
45641,3032641,2017-01-13 17:35:06,0,0.0033149896,0.005344206141883963,0.116684325,0.005687604318079475
45642,3032642,2017-01-13 17:35:06,0,0.038564168,0.020834658198800267,0.3198161,0.018917556776925585
45643,3032643,2017-01-13 17:35:34,0,0.0018692075,0.003896072409308136,0.3324662,0.019967744666302
45644,3032644,2017-01-13 17:36:06,0,0.009855099,0.009751886426728461,0.30364132,0.01762359030598157
45645,3032645,2017-01-13 17:36:18,0,0.032112777,0.018799017732260226,0.21381588,0.011289055495002387
45646,3032646,2017-01-13 17:36:30,0,0.037065767,0.020375240183861023,0.37564275,0.0238322153430227
45647,3032647,2017-01-13 17:37:26,0,0.009269756,0.009427352155359276,0.26688802,0.014869586695263266
45648,3032648,2017-01-13 17:37:39,0,0.019053003,0.0140506329371226,0.4074888,0.02699866238423668
45649,3032649,2017-01-13 17:38:03,0,0.11963892,0.040095162902049744,0.38587767,0.024818221539435595
45650,3032650,2017-01-13 17:38:52,0,0.010265114,0.009974151019545097,0.29781532,0.01717030775234687
45651,3032651,2017-01-13 17:39:08,0,0.0155346915,0.012545582156577438,0.35163638,0.021627602782225006
45652,3032652,2017-01-13 17:39:16,0,0.047757305,0.023508883816533734,0.18078741,0.009261708998654332
45653,3032653,2017-01-13 17:39:33,0,0.027175823,0.01712310779671425,0.22555731,0.012044884938536017
45654,3032654,2017-01-13 17:39:48,0,0.02596801,0.0166940070569167,0.37384954,0.023662393438236475
45655,3032655,2017-01-13 17:39:51,0,0.026129492,0.01675185995082112,0.35137323,0.021604233919398978
45656,3032656,2017-01-13 17:39:51,0,0.043025725,0.022161271302900954,0.24190518,0.013130467182795653
45657,3032657,2017-01-13 17:40:05,0,0.030923301,0.01840575001727177,0.60138434,0.05558434090377637
45658,3032658,2017-01-13 17:40:16,0,0.030296193,0.018195866480203934,0.32352936,0.019222250528483656
45659,3032659,2017-01-13 17:40:18,0,0.27772033,0.06909478584968025,0.34620255,0.021148424093329215
45660,3032660,2017-01-13 17:40:26,0,0.0737687,0.030150564961514737,0.35422328,0.021858219090263215
45661,3032661,2017-01-13 17:40:30,0,0.008491869,0.008981645363087752,0.18312554,0.00940069428797068
45662,3032662,2017-01-13 17:40:32,0,0.012279642,0.011013507473026688,0.2861501,0.016282150677753297
45663,3032663,2017-01-13 17:40:43,0,0.04936585,0.023954766443223155,0.24333325,0.01322720709021091
45664,3032664,2017-01-13 17:40:54,0,0.021308731,0.014952437451311175,0.21638742,0.011452943150748657
45665,3032665,2017-01-13 17:40:55,0,0.022487363,0.015407235818585883,0.26574188,0.014787565891447866
45666,3032666,2017-01-13 17:41:23,0,0.02988097,0.0180558940422603,0.25495243,0.014026160618628962
45667,3032667,2017-01-13 17:41:24,0,0.012792464,0.011265779133694502,0.27437258,0.015410719667808864
45668,3032668,2017-01-13 17:41:33,0,0.077913485,0.031121456319465658,0.6182625,0.05925839694432583
45669,3032669,2017-01-13 17:41:41,0,0.0019975093,0.004041394712101359,0.19981344,0.010412358424991035
45670,3032670,2017-01-13 17:41:43,1,0.11711608,0.039584021240171546,0.61396515,0.058296301053598475
45671,3032671,2017-01-13 17:42:03,0,0.05066308,0.02431019225799346,0.3788663,0.024139671118192076
45672,3032672,2017-01-13 17:42:09,0,0.4990536,0.11160555646744616,0.24529204,0.013360410849548612
45673,3032673,2017-01-13 17:42:14,0,0.0394919,0.021115447605512035,0.42668998,0.029057376942839823
45674,3032674,2017-01-13 17:42:32,0,0.010902168,0.010311847880593517,0.24837649,0.013571373955061982
45675,3032675,2017-01-13 17:42:44,0,0.059994873,0.026770007431764067,0.30252543,0.017536258331219683
45676,3032676,2017-01-13 17:43:16,0,0.0012615883,0.0031364186794162535,0.22551985,0.012042442391843856
45677,3032677,2017-01-13 17:43:25,0,0.0038084905,0.005769412128873564,0.27148214,0.015200598224574433
45678,3032678,2017-01-13 17:43:40,0,0.021266237,0.014935840830561486,0.3591091,0.02229824738561277
45679,3032679,2017-01-13 17:43:45,0,0.28308356,0.07004583313215144,0.4538568,0.03218781116880488
45680,3032680,2017-01-13 17:43:58,0,0.014769704,0.012199279057308028,0.22575459,0.012057750987596675
45681,3032681,2017-01-13 17:44:31,0,0.025188336,0.016412500411691976,0.25810593,0.014246720603430118
45682,3032682,2017-01-13 17:44:32,0,0.020715034,0.014719253286103169,0.3114144,0.018238787326171776
45683,3032683,2017-01-13 17:44:32,0,0.016679682,0.013050290544945666,0.1335734,0.006587989915295881
45684,3032684,2017-01-13 17:44:35,0,0.022768745,0.015514287423217326,0.12916508,0.006350337653789813
45685,3032685,2017-01-13 17:44:54,0,0.06238366,0.027375497110943597,0.33327827,0.020036353383238517
45686,3032686,2017-01-13 17:44:55,0,0.042013288,0.02186532228717656,0.42283124,0.028633930519549138
45687,3032687,2017-01-13 17:45:01,0,0.0060232105,0.007429857908878321,0.12291675,0.006016712487555717
45688,3032688,2017-01-13 17:45:04,0,0.011717955,0.010731813612401548,0.36681074,0.023004006778732065
45689,3032689,2017-01-13 17:45:36,0,0.029358601,0.017878636341269724,0.34847322,0.021347806134481444
45690,3032690,2017-01-13 17:45:39,0,0.032262255,0.01884800469326774,0.3284213,0.019628168889785903
45691,3032691,2017-01-13 17:45:42,0,0.014976573,0.012293685421126993,0.19403453,0.010058048540068974
45692,3032692,2017-01-13 17:45:49,0,0.0043783854,0.006230788990582696,0.35836464,0.022230818379606613
45693,3032693,2017-01-13 17:45:49,0,0.035872534,0.020003906630607974,0.3448149,0.021027176007895415
45694,3032694,2017-01-13 17:45:53,0,0.006695676,0.007876905968794132,0.25643545,0.014129683859935148
45695,3032695,2017-01-13 17:46:00,0,0.043949638,0.02242890295414185,0.24333045,0.013227017009720714
45696,3032696,2017-01-13 17:46:24,0,0.033151377,0.01913745779235429,0.33758333,0.020402545732321718
45697,3032697,2017-01-13 17:46:34,0,0.010142076,0.009907872768367718,0.56681675,0.04884957384574269
45698,3032698,2017-01-13 17:47:35,0,0.003940446,0.005878848084177924,0.2154547,0.011393393892213959
45699,3032699,2017-01-13 17:48:01,0,0.020680025,0.014705413878411452,0.25866225,0.01428579850025558
45700,3032700,2017-01-13 17:48:07,0,0.011717126,0.010731393575853334,0.3167427,0.018667561213749354
45701,3032701,2017-01-13 17:48:33,0,0.010720705,0.010216565128547602,0.27469847,0.015434501409277605
45702,3032702,2017-01-13 17:48:37,0,0.011455117,0.010597955793580752,0.22564384,0.012050527662482649
45703,3032703,2017-01-13 17:48:48,0,0.010885597,0.01030317599319401,0.38643968,0.024873204770859164
45704,3032704,2017-01-13 17:48:56,0,0.008796001,0.009157976297818032,0.30040765,0.017371185318832024
45705,3032705,2017-01-13 17:49:20,0,0.08728134,0.033251502907850644,0.547495,0.04548192929968126
45706,3032706,2017-01-13 17:49:21,0,0.019931234,0.014406943234812777,0.15261595,0.0076371617949259505
45707,3032707,2017-01-13 17:49:24,0,0.014576707,0.012110680140437938,0.30985218,0.018114173985509498
45708,3032708,2017-01-13 17:49:39,0,0.3123393,0.07525798590146845,0.45953605,0.0328773304248992
45709,3032709,2017-01-13 17:49:39,0,0.07890128,0.03135011191035031,0.35977405,0.022358591387722105
45710,3032710,2017-01-13 17:49:43,0,0.014047166,0.011864908047013829,0.28094882,0.015894242393337574
45711,3032711,2017-01-13 17:49:47,0,0.023291307,0.01571160266183799,0.15348352,0.007685866674725865
45712,3032712,2017-01-13 17:49:51,0,0.009382591,0.009490602561490027,0.4824854,0.03579949192640365
45713,3032713,2017-01-13 17:50:21,0,0.057596203,0.02615272933452186,0.27251822,0.015275749663185978
45714,3032714,2017-01-13 17:50:24,0,0.0042541525,0.006132619118683988,0.29014137,0.016583170808995296
45715,3032715,2017-01-13 17:50:51,0,0.02493942,0.01632184911655438,0.35878605,0.02226896982087457
45716,3032716,2017-01-13 17:50:55,0,0.0038956553,0.00584188802183592,0.28872016,0.016475646237387946
45717,3032717,2017-01-13 17:51:52,0,0.11931201,0.040029105737452816,0.5520938,0.04626024192724494
45718,3032718,2017-01-13 17:51:54,0,0.2953461,0.07222460973022833,0.7318897,0.09405682411232587
45719,3032719,2017-01-13 17:51:55,0,0.18519476,0.052585939629701116,0.34382883,0.02094129119433478
45720,3032720,2017-01-13 17:52:02,0,0.04506854,0.02275001017509109,0.29432076,0.0169015564173237
45721,3032721,2017-01-13 17:52:04,0,0.010691982,0.010201418204273794,0.109386824,0.005306764642178079
45722,3032722,2017-01-13 17:52:54,0,0.015812796,0.012669622036141276,0.23638335,0.012759334925196424
45723,3032723,2017-01-13 17:53:02,0,0.011585834,0.010664694933744043,0.32053053,0.018975952358614653
45724,3032724,2017-01-13 17:53:28,0,0.00467458,0.006459939968967214,0.2780744,0.015681958173718074
45725,3032725,2017-01-13 17:53:46,0,0.0018678077,0.0038944626738082774,0.18226932,0.00934972109132086
45726,3032726,2017-01-13 17:53:57,0,0.16735351,0.049300935767584396,0.51355934,0.04014226661950085
45727,3032727,2017-01-13 17:54:05,0,0.062493123,0.027403031455210128,0.34119022,0.020712585608361006
45728,3032728,2017-01-13 17:54:06,0,0.044605643,0.02261755820602575,0.29764417,0.017157090650162778
45729,3032729,2017-01-13 17:54:07,0,0.010010943,0.009836841058368169,0.36456978,0.022797095996884162
45730,3032730,2017-01-13 17:54:10,0,0.095475726,0.03505166937424997,0.30982605,0.018112093331293933
45731,3032731,2017-01-13 17:54:12,0,0.018085292,0.013649679449603597,0.21043292,0.011074835934876659
45732,3032732,2017-01-13 17:54:20,0,0.0011139648,0.0029282942188085226,0.29829428,0.01720732391430336
45733,3032733,2017-01-13 17:54:40,1,0.008360272,0.008904480096518444,0.28402528,0.016123090706484936
45734,3032734,2017-01-13 17:54:41,0,0.0010286224,0.0028023027075999994,0.17995399,0.009212327484817933
45735,3032735,2017-01-13 17:54:57,0,0.034374394,0.0195303895865316,0.28128505,0.01591917049378362
45736,3032736,2017-01-13 17:55:12,0,0.03416348,0.0194630458306401,0.34261543,0.020835917192933248
45737,3032737,2017-01-13 17:55:42,0,0.03854627,0.020829214699077753,0.33220342,0.01994557289092918
45738,3032738,2017-01-13 17:56:08,0,0.02107472,0.014860864012178765,0.22728272,0.01215760310096219
45739,3032739,2017-01-13 17:56:22,0,0.010825718,0.01027179141966534,0.15225346,0.007616836161428446
45740,3032740,2017-01-13 17:56:31,0,0.038844142,0.020919683685851776,0.38339013,0.02457592149672435
45741,3032741,2017-01-13 17:56:50,0,0.030779304,0.01835771521962542,0.5994665,0.055184048909752675
45742,3032742,2017-01-13 17:57:14,0,0.014443325,0.012049148129936215,0.69518423,0.08038426113341678
45743,3032743,2017-01-13 17:57:14,0,0.013608009,0.01165798709070827,0.23573507,0.01271606523743807
45744,3032744,2017-01-13 17:57:34,0,0.01781369,0.01353548473360346,0.28554755,0.01623696169703271
45745,3032745,2017-01-13 17:57:36,0,0.01623574,0.012856453447978552,0.2861383,0.01628126494579978
45746,3032746,2017-01-13 17:57:42,0,0.009975524,0.009817584836539817,0.2958916,0.017022075644605537
45747,3032747,2017-01-13 17:57:44,0,0.0009844867,0.0027353046100637795,0.38613907,0.024843783603297226
45748,3032748,2017-01-13 17:57:53,0,0.0042069573,0.006094989563584097,0.22951017,0.012303757188295445
45749,3032749,2017-01-13 17:58:09,0,0.028746113,0.017669099569586438,0.35901862,0.02229004488587381
45750,3032750,2017-01-13 17:58:12,0,0.012953079,0.011343871149931649,0.20715615,0.010868819957833719
45751,3032751,2017-01-13 17:58:14,0,0.20062536,0.05538435049913622,0.5331348,0.043138828520658215
45752,3032752,2017-01-13 17:58:35,0,0.06310894,0.027557597244405416,0.46272296,0.03326989949563755
45753,3032753,2017-01-13 17:58:40,0,0.021967439,0.01520790743114968,0.251287,0.013771813565735584
45754,3032754,2017-01-13 17:58:52,0,0.005629448,0.007157712736487303,0.29763392,0.017156299137342672
45755,3032755,2017-01-13 17:58:52,0,0.017949786,0.013592799995618675,0.48367837,0.03595766428143603
45756,3032756,2017-01-13 17:59:34,0,0.004152742,0.006051529067624363,0.34272197,0.020845155905922227
45757,3032757,2017-01-13 17:59:39,0,0.32376093,0.0773091288896736,0.4752748,0.03485700816269865
45758,3032758,2017-01-13 17:59:45,0,0.056288503,0.025812063874825476,0.34964642,0.021451301717781323
45759,3032759,2017-01-13 17:59:50,0,0.048542857,0.02372736619628685,0.3419597,0.020779116321083806
45760,3032760,2017-01-13 18:00:00,0,0.0014926831,0.003441404368931427,0.20067869,0.010465778845349393
45761,3032761,2017-01-13 18:00:23,0,0.009680761,0.009656142192801653,0.14743105,0.007347762174929018
45762,3032762,2017-01-13 18:00:29,0,0.013812664,0.0117547748366079,0.16626598,0.008413028029042976
45763,3032763,2017-01-13 18:00:31,0,0.001882736,0.003911602325944836,0.20016764,0.010434214921773339
45764,3032764,2017-01-13 18:00:36,0,0.03307929,0.01911411095013106,0.35289884,0.021739945070010685
45765,3032765,2017-01-13 18:00:39,0,0.020091819,0.014471354827868169,0.21502502,0.011366001980063451
45766,3032766,2017-01-13 18:00:49,0,0.005799991,0.007276591906206851,0.21412462,0.011308683594566809
45767,3032767,2017-01-13 18:00:49,0,0.041110273,0.02159891694790465,0.33770823,0.02041323237385463
45768,3032768,2017-01-13 18:01:04,0,0.009319006,0.009455001555730322,0.15833083,0.007959491949470744
45769,3032769,2017-01-13 18:01:16,0,0.016335147,0.012900055479610968,0.3655479,0.022887248096471857
45770,3032770,2017-01-13 18:01:41,0,0.03189993,0.018729098242272337,0.27291617,0.015304664212125632
45771,3032771,2017-01-13 18:01:44,0,0.03577897,0.019974575905624986,0.41594702,0.027890783280499275
45772,3032772,2017-01-13 18:01:54,0,0.014940726,0.012277367173058353,0.20820509,0.010934611312183108
45773,3032773,2017-01-13 18:02:07,0,0.02317688,0.015668559722344294,0.2941376,0.0168875340424312
45774,3032774,2017-01-13 18:02:07,0,0.033231586,0.019163409987820228,0.26290852,0.014585750697048852
45775,3032775,2017-01-13 18:02:26,0,0.018470066,0.013810191270269166,0.23469172,0.012646557963497463
45776,3032776,2017-01-13 18:02:46,0,0.019044854,0.014047293866146329,0.3305012,0.01980232939179251
45777,3032777,2017-01-13 18:02:50,0,0.0023116353,0.0043804702860371445,0.44153553,0.030734640509715687
45778,3032778,2017-01-13 18:02:57,0,0.010989393,0.01035739845494527,0.23461516,0.012641463839359216
45779,3032779,2017-01-13 18:02:59,0,0.004931076,0.006653181714518723,0.23379663,0.01258705645508135
45780,3032780,2017-01-13 18:03:38,0,0.1890823,0.05329420974790993,0.28344935,0.01608011907355524
45781,3032781,2017-01-13 18:04:18,0,0.011806832,0.010776776666533872,0.2812697,0.01591803213568367
45782,3032782,2017-01-13 18:04:35,0,0.027751226,0.017324685301759044,0.2897211,0.016551335266811535
45783,3032783,2017-01-13 18:04:45,0,0.018269332,0.013726636465362877,0.21761657,0.011531602116125174
45784,3032784,2017-01-13 18:04:49,0,0.04733993,0.02339222177178385,0.27182788,0.015225655457944654
45785,3032785,2017-01-13 18:05:08,0,0.0048786784,0.0066140780030561185,0.24648868,0.01344207914892743
45786,3032786,2017-01-13 18:05:33,0,0.005907567,0.007350777882515852,0.15756826,0.007916275759182736
45787,3032787,2017-01-13 18:05:35,0,0.016831266,0.013115960196912801,0.35514182,0.021940496376586092
45788,3032788,2017-01-13 18:05:45,0,0.02738379,0.017196169834567333,0.22984004,0.01232546279901464
45789,3032789,2017-01-13 18:06:03,0,0.015751239,0.01264224916359513,0.24294133,0.01320062678523533
45790,3032790,2017-01-13 18:06:54,0,0.06519723,0.028077586331937403,0.40664598,0.026911000865642003
45791,3032791,2017-01-13 18:07:12,0,0.020419048,0.014601925207262112,0.21759032,0.011529919689249428
45792,3032792,2017-01-13 18:07:35,0,0.23533943,0.06158781273470988,0.45349613,0.03214445085193684
45793,3032793,2017-01-13 18:07:44,0,0.043364137,0.022259565949486297,0.34790906,0.021298154714268686
45794,3032794,2017-01-13 18:07:44,0,0.05342264,0.0250546221786348,0.26948532,0.015056281883609917
45795,3032795,2017-01-13 18:08:02,0,0.018680396,0.013897319215370149,0.2354976,0.012700230187941492
45796,3032796,2017-01-13 18:08:39,0,0.015510534,0.0125347618016336,0.17213422,0.008753020671056556
45797,3032797,2017-01-13 18:09:22,0,0.012956646,0.011345600584254734,0.36133182,0.022500391750257687
45798,3032798,2017-01-13 18:09:39,0,0.010452215,0.010074269150507525,0.22861463,0.01224490942748384
45799,3032799,2017-01-13 18:09:44,0,0.0055235126,0.007083058356879808,0.23028904,0.012355033182811037
45800,3032800,2017-01-13 18:09:48,0,0.038389802,0.020781577363935565,0.4313265,0.02957289242184768
45801,3032801,2017-01-13 18:09:49,0,0.021116279,0.014877158862980074,0.2640601,0.014667614043625661
45802,3032802,2017-01-13 18:09:52,0,0.13360046,0.04287147360961312,0.75630015,0.10505259458938694
45803,3032803,2017-01-13 18:10:02,0,0.016023688,0.012763050384379918,0.24893023,0.013609405471434051
45804,3032804,2017-01-13 18:10:06,0,0.04201129,0.02186473578017814,0.21889947,0.011613925284752196
45805,3032805,2017-01-13 18:10:12,0,0.011431339,0.010585779877344005,0.23882389,0.012922797953024924
45806,3032806,2017-01-13 18:10:12,0,0.028449066,0.017566800668218505,0.29011926,0.01658149491070402
45807,3032807,2017-01-13 18:10:17,0,0.011202476,0.01046800809982201,0.18092787,0.009270039604074659
45808,3032808,2017-01-13 18:10:36,0,0.028697334,0.017652331468414963,0.25186932,0.013812076804829243
45809,3032809,2017-01-13 18:10:57,0,0.021955313,0.015203234605139698,0.31053835,0.01816884705467799
45810,3032810,2017-01-13 18:10:58,0,0.01561012,0.012579320031561729,0.35475758,0.02190605315667097
45811,3032811,2017-01-13 18:11:01,0,0.1609915,0.04811340423450422,0.62344265,0.06044357837757145
45812,3032812,2017-01-13 18:11:08,0,0.016479688,0.01296324939550622,0.26165777,0.014497089305159118
45813,3032813,2017-01-13 18:11:10,0,0.06609052,0.02829811684733749,0.2895715,0.016540010440073638
45814,3032814,2017-01-13 18:11:23,0,0.007103841,0.008138512314026554,0.32209545,0.019104243159735045
45815,3032815,2017-01-13 18:11:50,0,0.02233909,0.015350594743679898,0.30889702,0.018038225827342273
45816,3032816,2017-01-13 18:12:10,0,0.006755761,0.00791585342525231,0.30035913,0.017367413742796343
45817,3032817,2017-01-13 18:12:19,0,0.0026429081,0.00471632702589215,0.33168775,0.019902111127457812
45818,3032818,2017-01-13 18:12:33,0,0.015787732,0.012658482375668405,0.2395064,0.012968671840388841
45819,3032819,2017-01-13 18:12:37,0,0.048485544,0.023711473378501352,0.40397683,0.026634825772516794
45820,3032820,2017-01-13 18:13:03,0,0.03877726,0.020899394528373468,0.6567459,0.06880098443699319
45821,3032821,2017-01-13 18:13:07,0,0.012747127,0.011243657747265894,0.20902264,0.010985992192065268
45822,3032822,2017-01-13 18:13:10,0,0.07207821,0.0297489927280164,0.2574173,0.014198418005427656
45823,3032823,2017-01-13 18:13:17,0,0.039432712,0.02109761476363323,0.30907536,0.018052392028640653
45824,3032824,2017-01-13 18:13:52,0,0.098335,0.03566769931352144,0.35242096,0.021697374551259436
45825,3032825,2017-01-13 18:14:08,0,0.0021674393,0.00422756954761854,0.41205874,0.027477853527452138
45826,3032826,2017-01-13 18:14:10,0,0.03292696,0.01906470773180062,0.23591484,0.012728057675513603
45827,3032827,2017-01-13 18:14:27,0,0.0050094575,0.0067113319074724904,0.24509838,0.013347215173265802
45828,3032828,2017-01-13 18:14:31,0,0.02251377,0.015417306557217363,0.26015237,0.014390719777343472
45829,3032829,2017-01-13 18:14:32,0,0.029355384,0.01787754068689434,0.25077567,0.013736501266821518
45830,3032830,2017-01-13 18:15:06,0,0.033920676,0.019385306471914127,0.28106436,0.015902806517266478
45831,3032831,2017-01-13 18:15:27,0,0.046592224,0.02318219986933094,0.3207304,0.018992307385888692
45832,3032832,2017-01-13 18:15:35,0,0.0040126406,0.005938027855998882,0.34560776,0.02109639780345706
45833,3032833,2017-01-13 18:16:01,0,0.0069440124,0.00803689155338149,0.17258592,0.008779356044190643
45834,3032834,2017-01-13 18:16:16,0,0.014164141,0.011919543496002901,0.16750067,0.008484235159082188
45835,3032835,2017-01-13 18:16:30,0,0.026316416,0.016818638473566194,0.23211415,0.012475535871437286
45836,3032836,2017-01-13 18:16:43,0,0.00074610935,0.0023472597110543235,0.14837633,0.007400311505335337
45837,3032837,2017-01-13 18:16:54,0,0.019933632,0.014407906424566736,0.33715507,0.020365930503434635
45838,3032838,2017-01-13 18:17:29,0,0.033755135,0.019332172177282565,0.27161106,0.015209939626174037
45839,3032839,2017-01-13 18:17:31,0,0.18346053,0.052269195226168685,0.14153357,0.007022022264295119
45840,3032840,2017-01-13 18:17:33,0,0.009068157,0.009313487634792955,0.34856778,0.021356135987576654
45841,3032841,2017-01-13 18:17:54,0,0.09986224,0.0359943745476555,0.32145393,0.01905158876769057
45842,3032842,2017-01-13 18:18:12,0,0.02846865,0.017573558897387487,0.18849164,0.009722196362039248
45843,3032843,2017-01-13 18:18:17,0,0.61938316,0.14146232833259578,0.55544543,0.046836409198721285
45844,3032844,2017-01-13 18:18:35,0,0.10758139,0.03762202668673503,0.27675053,0.015584678780607009
45845,3032845,2017-01-13 18:18:35,0,0.009035095,0.009294707376989172,0.13118069,0.006458762625397141
45846,3032846,2017-01-13 18:18:44,0,0.024129068,0.01602402598399795,0.36727136,0.02304669698726637
45847,3032847,2017-01-13 18:18:59,0,0.006015984,0.007424936116369431,0.17070794,0.008670020086695585
45848,3032848,2017-01-13 18:19:02,0,0.15975253,0.04788100382851109,0.28838414,0.016450278619735272
45849,3032849,2017-01-13 18:19:09,0,0.17401959,0.050535556676826174,0.2579905,0.014238619126054617
45850,3032850,2017-01-13 18:19:09,0,0.013479532,0.011596899857627354,0.23055908,0.012372831633981512
45851,3032851,2017-01-13 18:19:20,0,0.016651629,0.01303810875036917,0.44030306,0.03059240031824788
45852,3032852,2017-01-13 18:19:38,0,0.094136365,0.03476104380311216,0.4112729,0.02739498580920357
45853,3032853,2017-01-13 18:19:40,0,0.124902174,0.04115175921179472,0.33487833,0.020171969287958166
45854,3032854,2017-01-13 18:19:45,0,0.024729745,0.01624518968468949,0.32510024,0.019352034928292995
45855,3032855,2017-01-13 18:19:59,0,0.046084583,0.023038843985387004,0.33158463,0.01989342734613027
45856,3032856,2017-01-13 18:20:05,0,0.101204745,0.03628021942353302,0.55322057,0.04645309077513793
45857,3032857,2017-01-13 18:20:07,0,0.06442131,0.027885117278354344,0.37572932,0.02384043610069499
45858,3032858,2017-01-13 18:20:30,0,0.13619946,0.04337946893986516,0.28888643,0.01648820615067008
45859,3032859,2017-01-13 18:21:11,0,0.10406061,0.03688433334921571,0.2500945,0.013689526603555399
45860,3032860,2017-01-13 18:21:36,0,0.041508317,0.02171663602490517,0.16665605,0.008435505176229952
45861,3032861,2017-01-13 18:21:37,0,0.01466597,0.01215172124253801,0.13108857,0.006453798641546862
45862,3032862,2017-01-13 18:21:39,0,0.061599515,0.027177720346001518,0.23409787,0.01260706816162944
45863,3032863,2017-01-13 18:21:43,1,0.56675977,0.12743201187183067,0.87970227,0.21049986000632065
45864,3032864,2017-01-13 18:21:54,0,0.030217152,0.01816928382359463,0.28821474,0.01643749810131606
45865,3032865,2017-01-13 18:21:58,0,0.0044020726,0.006249364740122575,0.28763568,0.016393849580762364
45866,3032866,2017-01-13 18:22:00,0,0.035770506,0.01997192108092388,0.3711432,0.02340771252470388
45867,3032867,2017-01-13 18:22:06,0,0.67595136,0.15896503807004247,0.7971978,0.1283015089202827
45868,3032868,2017-01-13 18:22:14,0,0.16250353,0.04839650762098506,0.28945246,0.016531003177729816
45869,3032869,2017-01-13 18:22:27,0,0.031835485,0.018707890426290397,0.2782886,0.015697726070360456
45870,3032870,2017-01-13 18:22:39,1,0.62151074,0.1420699377732927,0.90312976,0.25172347794889727
45871,3032871,2017-01-13 18:22:43,0,0.008820576,0.009172105336427152,0.3245706,0.019308216929123306
45872,3032872,2017-01-13 18:22:56,0,0.037102494,0.02038659116027997,0.22416355,0.011954145030031062
45873,3032873,2017-01-13 18:23:07,0,0.054192938,0.025259724452338768,0.33379093,0.020079742540763834
45874,3032874,2017-01-13 18:23:10,0,0.009968584,0.00981380863187587,0.16020356,0.008065895447577211
45875,3032875,2017-01-13 18:23:26,0,0.03960783,0.021150345447598997,0.23634356,0.012756677552178549
45876,3032876,2017-01-13 18:23:32,0,0.20210953,0.055651843413311225,0.42209703,0.028553927254745388
45877,3032877,2017-01-13 18:23:50,0,0.018803455,0.013948098754308802,0.2479409,0.013541491085906089
45878,3032878,2017-01-13 18:24:23,0,0.38232288,0.08806358846474852,0.43822688,0.030354037282923997
45879,3032879,2017-01-13 18:24:32,0,0.008118636,0.008761371559876503,0.28950822,0.016535222326500818
45880,3032880,2017-01-13 18:25:32,0,0.06648302,0.02839466623382393,0.5027913,0.03858306817636186
45881,3032881,2017-01-13 18:25:40,0,0.049647924,0.024032361548249708,0.26230162,0.014542697321656832
45882,3032882,2017-01-13 18:25:46,0,0.011724074,0.010734914398345891,0.19527525,0.01013375693546613
45883,3032883,2017-01-13 18:26:13,0,0.057111297,0.026026757570579418,0.25545192,0.01406098780317879
45884,3032884,2017-01-13 18:26:21,0,0.04050544,0.021419151712321432,0.24738644,0.013503496705607958
45885,3032885,2017-01-13 18:26:26,0,0.25368822,0.06483969383481844,0.33553115,0.020227465039763935
45886,3032886,2017-01-13 18:26:30,0,0.013033266,0.011382699167902815,0.26113406,0.014460041818032197
45887,3032887,2017-01-13 18:26:42,0,0.05544305,0.02559019515917419,0.3376469,0.020407984231884956
45888,3032888,2017-01-13 18:26:46,0,0.11787774,0.03973866973782821,0.54983604,0.04587638083798423
45889,3032889,2017-01-13 18:27:15,0,0.00906508,0.009311741559789746,0.21254832,0.011208606356091541
45890,3032890,2017-01-13 18:27:43,0,0.15927702,0.04779170719600728,0.43125328,0.02956469315285831
45891,3032891,2017-01-13 18:27:56,0,0.03134824,0.01854695842060831,0.2300586,0.01233985274195137
45892,3032892,2017-01-13 18:28:27,0,0.060436003,0.026882498494406264,0.351452,0.021611226948646377
45893,3032893,2017-01-13 18:28:27,0,0.10470597,0.03702012406114354,0.24624842,0.01342566452972195
45894,3032894,2017-01-13 18:28:36,0,0.025652526,0.016580538369941493,0.27342093,0.015341379085061732
45895,3032895,2017-01-13 18:28:51,0,0.028189763,0.017477131646789806,0.24692583,0.01347196989989823
45896,3032896,2017-01-13 18:28:55,0,0.043418765,0.022275403978339114,0.36402732,0.02274720294426135
45897,3032897,2017-01-13 18:29:05,0,0.19689818,0.054711408650175215,0.519738,0.04106477101077492
45898,3032898,2017-01-13 18:29:31,0,0.011504092,0.010622999833747572,0.19889443,0.010355725202321094
45899,3032899,2017-01-13 18:29:55,1,0.8629556,0.2582193703112305,0.87759,0.20736594866526026
45900,3032900,2017-01-13 18:29:57,0,0.060315885,0.026851898504337664,0.29497817,0.016951937352353248
45901,3032901,2017-01-13 18:30:18,0,0.00901901,0.009285559630716853,0.31418628,0.0184611158707737
45902,3032902,2017-01-13 18:30:22,0,0.025829604,0.016644299799396862,0.22074048,0.011732465102905135
45903,3032903,2017-01-13 18:30:48,0,0.00881597,0.009169458844867188,0.20746887,0.010888418661145307
45904,3032904,2017-01-13 18:31:00,0,0.060637128,0.026933683230571305,0.4234055,0.028696630505072915
45905,3032905,2017-01-13 18:31:03,0,0.030237481,0.018176123489974893,0.27860647,0.01572114170633933
45906,3032906,2017-01-13 18:31:06,0,0.1827018,0.05213045873132455,0.32747594,0.01954932191973446
45907,3032907,2017-01-13 18:31:06,0,0.22519018,0.059783452014468254,0.6929222,0.07963373232033452
45908,3032908,2017-01-13 18:31:15,0,0.03700341,0.02035595745780981,0.30025786,0.017359543092002397
45909,3032909,2017-01-13 18:31:16,0,0.042762212,0.022084516217772004,0.41663942,0.027964825294421368
45910,3032910,2017-01-13 18:31:29,0,0.027835775,0.017354155410197247,0.22059852,0.011723307320519197
45911,3032911,2017-01-13 18:31:44,1,0.21746951,0.05840652819216948,0.34980077,0.021464942081721766
45912,3032912,2017-01-13 18:31:50,0,0.029929625,0.018072337505440295,0.23015244,0.012346033918958542
45913,3032913,2017-01-13 18:32:01,0,0.027024375,0.017069752542582525,0.5690042,0.04924753944477001
45914,3032914,2017-01-13 18:32:21,0,0.14400946,0.04489139027422581,0.28130662,0.015920770897841503
45915,3032915,2017-01-13 18:32:21,0,0.0056492593,0.007171604070049649,0.23713277,0.012809434494188709
45916,3032916,2017-01-13 18:32:23,0,0.108901866,0.03789677545839946,0.29411876,0.016886092465975406
45917,3032917,2017-01-13 18:32:26,0,0.15954056,0.04784120505888204,0.5521029,0.04626179932276121
45918,3032918,2017-01-13 18:32:30,0,0.026955707,0.017045518934233162,0.2546881,0.014007747193983894
45919,3032919,2017-01-13 18:32:31,0,0.28367662,0.07015105987263111,0.4211289,0.02844870949184363
45920,3032920,2017-01-13 18:33:05,0,0.049088567,0.02387831957891895,0.29007348,0.01657802595483916
45921,3032921,2017-01-13 18:33:38,0,0.09623089,0.035214943334672906,0.34872252,0.02136977076960949
45922,3032922,2017-01-13 18:33:45,0,0.04141849,0.02169011005006017,0.25470945,0.014009233303068514
45923,3032923,2017-01-13 18:34:17,0,0.11592839,0.039342284817660486,0.31054747,0.01816957432712271
45924,3032924,2017-01-13 18:34:17,0,0.017716564,0.01349446498448648,0.33310038,0.020021311274146268
45925,3032925,2017-01-13 18:34:37,0,0.21803729,0.058507939125995424,0.42031634,0.028360639099641358
45926,3032926,2017-01-13 18:34:39,0,0.011314432,0.010525751450646867,0.35713273,0.022119541509808827
45927,3032927,2017-01-13 18:34:47,0,0.08077053,0.03178007184320899,0.26026255,0.014398492165256337
45928,3032928,2017-01-13 18:34:59,0,0.043456174,0.022286245333988288,0.25142786,0.013781547292855512
45929,3032929,2017-01-13 18:35:17,0,0.009402063,0.00950148365316532,0.33208618,0.019935686274292642
45930,3032930,2017-01-13 18:35:25,0,0.07893076,0.03135691912229927,0.3304257,0.01979599169921
45931,3032931,2017-01-13 18:35:53,0,0.00807418,0.008734837690705391,0.30935264,0.01807443053062077
45932,3032932,2017-01-13 18:35:56,0,0.12511103,0.04119342608513362,0.26266596,0.014568535942980418
45933,3032933,2017-01-13 18:36:42,0,0.017971646,0.01360198846943722,0.18291481,0.009388140551728145
45934,3032934,2017-01-13 18:36:45,0,0.3960316,0.09065758189057103,0.5560361,0.04693874523805625
45935,3032935,2017-01-13 18:37:03,0,0.15083338,0.04619605154501308,0.608604,0.057121986490929734
45936,3032936,2017-01-13 18:37:35,0,0.017006468,0.013191541879779002,0.20121741,0.010499088710572568
45937,3032937,2017-01-13 18:37:41,0,0.065618865,0.028181816718382647,0.2152912,0.011382967996555183
45938,3032938,2017-01-13 18:37:42,0,0.0304101,0.018234123584683806,0.37203375,0.023491304252345913
45939,3032939,2017-01-13 18:37:55,0,0.013958092,0.011823170200969135,0.505152,0.03891975930919015
45940,3032940,2017-01-13 18:38:20,0,0.12307464,0.04078633101944335,0.41411057,0.027695151063959502
45941,3032941,2017-01-13 18:38:25,0,0.062772654,0.027473261964903517,0.6777242,0.07482728797617386
45942,3032942,2017-01-13 18:38:35,0,0.05347849,0.025069531362121828,0.28431436,0.016144682593722648
45943,3032943,2017-01-13 18:38:43,0,0.01859596,0.013862393617412936,0.34907588,0.021400929984934765
45944,3032944,2017-01-13 18:38:53,0,0.026439458,0.016862485596509935,0.40699068,0.026946826193271944
45945,3032945,2017-01-13 18:39:33,0,0.024981493,0.016337198541380143,0.25086182,0.013742448224353193
45946,3032946,2017-01-13 18:39:37,0,0.017762486,0.01351387151261478,0.3184706,0.018807868024669664
45947,3032947,2017-01-13 18:39:57,0,0.08182799,0.03202176591877466,0.42755577,0.02915307905933924
45948,3032948,2017-01-13 18:40:01,0,0.022276472,0.015326625612320219,0.28550604,0.016233850664851866
45949,3032949,2017-01-13 18:40:04,0,0.016075797,0.012786052750888895,0.40682963,0.026930082889274783
45950,3032950,2017-01-13 18:40:06,0,0.014897999,0.012257895242203595,0.2383497,0.012890967566850351
45951,3032951,2017-01-13 18:40:24,0,0.028853465,0.017705960281533054,0.26973203,0.015074074899070509
45952,3032952,2017-01-13 18:40:24,0,0.0491924,0.023906965980833715,0.32829627,0.019617730457768403
45953,3032953,2017-01-13 18:40:44,0,0.008037741,0.00871304029833195,0.348165,0.021320670773252993
45954,3032954,2017-01-13 18:40:57,0,0.07604592,0.030686329203426687,0.6266257,0.0611860667397431
45955,3032955,2017-01-13 18:41:16,0,0.06098945,0.027023192161978772,0.28167686,0.015948245001008454
45956,3032956,2017-01-13 18:41:40,0,0.019189203,0.01410634962377239,0.2809458,0.01589401932073009
45957,3032957,2017-01-13 18:41:41,0,0.026386878,0.016843758733527028,0.34050226,0.02065322035387316
45958,3032958,2017-01-13 18:42:00,0,0.0026356746,0.004709202205090188,0.31565562,0.01857960892152373
45959,3032959,2017-01-13 18:42:47,0,0.044819582,0.022678842355031023,0.3655581,0.022888188814017232
45960,3032960,2017-01-13 18:42:48,0,0.07583358,0.030636616212212083,0.32447767,0.01930053551568459
45961,3032961,2017-01-13 18:42:55,0,0.05920348,0.02656740651279835,0.4337349,0.029843615871543865
45962,3032962,2017-01-13 18:43:00,0,0.025268396,0.01644157586894157,0.36889768,0.023197861251292133
45963,3032963,2017-01-13 18:43:18,0,0.011069116,0.010398891994028804,0.2122092,0.011187120534268735
45964,3032964,2017-01-13 18:43:20,0,0.03107658,0.018456778181952137,0.27056688,0.015134364403757157
45965,3032965,2017-01-13 18:43:31,0,0.04734148,0.023392655694536555,0.3871039,0.024938300525459096
45966,3032966,2017-01-13 18:44:06,0,0.015557788,0.012555920510915301,0.33065817,0.019815511706525804
45967,3032967,2017-01-13 18:44:17,0,0.08569701,0.03289701948921493,0.44504237,0.031142422169936505
45968,3032968,2017-01-13 18:44:41,0,0.25796223,0.06559623731864551,0.47087848,0.034293539669939005
45969,3032969,2017-01-13 18:45:04,0,0.027528023,0.01724670384810456,0.3337127,0.02007311762765878
45970,3032970,2017-01-13 18:45:05,0,0.013624808,0.011665955898583593,0.25651965,0.014135571595271445
45971,3032971,2017-01-13 18:45:09,0,0.008091307,0.008745067796606863,0.22742496,0.012166915041702711
45972,3032972,2017-01-13 18:45:11,0,0.052040353,0.024683659405916474,0.31843364,0.018804860753448602
45973,3032973,2017-01-13 18:45:37,0,0.01148159,0.01061149877117848,0.25340226,0.013918329947214812
45974,3032974,2017-01-13 18:45:45,0,0.10060015,0.036151640464728345,0.33665392,0.020323135539574464
45975,3032975,2017-01-13 18:45:52,0,0.026047586,0.016722535133876584,0.42941487,0.02935944741910847
45976,3032976,2017-01-13 18:46:02,0,0.20915812,0.0569188412356196,0.33607307,0.020273606550648863
45977,3032977,2017-01-13 18:46:21,0,0.07193313,0.029714370254030224,0.16202413,0.008169707658606438
45978,3032978,2017-01-13 18:46:26,0,0.005267237,0.006899765478708978,0.1980912,0.010306316492488421
45979,3032979,2017-01-13 18:46:37,0,0.013216023,0.011470803381518162,0.37215933,0.023503109296253898
45980,3032980,2017-01-13 18:46:41,0,0.044928245,0.022709924548024552,0.2202284,0.011699445273047709
45981,3032981,2017-01-13 18:46:46,0,0.059425768,0.02662441691176853,0.30672976,0.017866579616315575
45982,3032982,2017-01-13 18:46:48,0,0.0109269535,0.010324807569852846,0.15718284,0.00789445760254392
45983,3032983,2017-01-13 18:46:57,0,0.108376294,0.037787543307112065,0.25935653,0.014334638010483642
45984,3032984,2017-01-13 18:47:16,0,0.006854043,0.00797922959090797,0.31853497,0.018813107179602648
45985,3032985,2017-01-13 18:47:19,0,0.17692298,0.0510704646241006,0.34857157,0.0213564694360078
45986,3032986,2017-01-13 18:47:27,0,0.094740316,0.03489226056695606,0.2411651,0.013080455891350148
45987,3032987,2017-01-13 18:47:58,0,0.0463724,0.023120198826775087,0.29633027,0.017055814506557705
45988,3032988,2017-01-13 18:48:13,0,0.049119364,0.023886818764279973,0.28780675,0.01640673776865787
45989,3032989,2017-01-13 18:48:28,0,0.008233322,0.008829526511644302,0.22927892,0.012288550087341674
45990,3032990,2017-01-13 18:48:47,0,0.05196202,0.02466252325349434,0.22809316,0.012210696804278309
45991,3032991,2017-01-13 18:48:52,0,0.071286604,0.029559777763529506,0.31041235,0.01815880005900534
45992,3032992,2017-01-13 18:48:57,0,0.0022984005,0.0043666183157051956,0.18361253,0.00942972561553547
45993,3032993,2017-01-13 18:49:01,0,0.07333064,0.030046826603994714,0.2057028,0.010777905865831255
45994,3032994,2017-01-13 18:49:12,0,0.045522004,0.02287923615723799,0.258673,0.014286554724980404
45995,3032995,2017-01-13 18:49:57,0,0.21557872,0.05806862397250455,0.28945953,0.01653153758635927
45996,3032996,2017-01-13 18:49:58,0,0.0924567,0.034394648503739376,0.35425085,0.02186068539657929
45997,3032997,2017-01-13 18:50:06,0,0.09077773,0.034026197623325996,0.28440756,0.01615164643087288
45998,3032998,2017-01-13 18:50:31,0,0.007216317,0.008209416863196244,0.16542517,0.008364636061166466
45999,3032999,2017-01-13 18:50:44,0,0.11638843,0.039436005173032765,0.30555737,0.01777411682920814
46000,3033000,2017-01-13 18:50:53,0,0.05372501,0.025135268625669987,0.2343648,0.012624811416746609
46001,3033001,2017-01-13 18:51:05,0,0.19831206,0.05496689028507607,0.28570834,0.016249013496535705
46002,3033002,2017-01-13 18:51:24,0,0.033020493,0.019095053199837633,0.27669165,0.015580358741155839
46003,3033003,2017-01-13 18:51:33,0,0.28876916,0.0710551896733891,0.48798844,0.03653455881321734
46004,3033004,2017-01-13 18:52:12,0,0.028249305,0.017497752215846287,0.24386583,0.013263365618394871
46005,3033005,2017-01-13 18:52:18,0,0.06839869,0.028862900440767877,0.18336883,0.009415194349645635
46006,3033006,2017-01-13 18:52:23,0,0.07256853,0.029865813201095215,0.45196554,0.0319610020861943
46007,3033007,2017-01-13 18:52:32,0,0.004444209,0.006282298226252526,0.2640598,0.014667592829321303
46008,3033008,2017-01-13 18:52:53,0,0.010406325,0.0100497871483701,0.26981652,0.015080170941203017
46009,3033009,2017-01-13 18:53:12,0,0.0542678,0.025279597363127043,0.38011697,0.024259714846037648
46010,3033010,2017-01-13 18:53:42,0,0.15207875,0.046432639805305875,0.27136,0.015191751802624913
46011,3033011,2017-01-13 18:53:42,0,0.015969722,0.012739193838196616,0.16544402,0.008365720069560609
46012,3033012,2017-01-13 18:53:43,0,0.008058034,0.008725184520834942,0.519777,0.04107065764052841
46013,3033013,2017-01-13 18:53:50,0,0.02398257,0.015969731263744225,0.21313934,0.011246089750736567
46014,3033014,2017-01-13 18:54:02,0,0.032498542,0.01892524871612207,0.27979812,0.015809082786551076
46015,3033015,2017-01-13 18:54:04,0,0.02214111,0.015274712521780922,0.2962288,0.017048006309559754
46016,3033016,2017-01-13 18:54:08,0,0.043339983,0.0222525602668861,0.55311304,0.04643465032518932
46017,3033017,2017-01-13 18:54:13,0,0.011770746,0.010758538769488983,0.23335941,0.012558035934373935
46018,3033018,2017-01-13 18:54:17,0,0.009793032,0.009717886603250975,0.31076634,0.018187033917781027
46019,3033019,2017-01-13 18:54:17,0,0.00095192774,0.002685012177378109,0.1528372,0.007649575006648513
46020,3033020,2017-01-13 18:54:19,0,0.029944524,0.01807737072032924,0.26594985,0.014802431653890695
46021,3033021,2017-01-13 18:54:20,0,0.021864817,0.01516832560260577,0.27574682,0.015511131350142433
46022,3033022,2017-01-13 18:54:27,0,0.01011168,0.009891444543795131,0.23949169,0.01296768254595814
46023,3033023,2017-01-13 18:54:30,0,0.0038971712,0.005843142055150999,0.3470204,0.021220095704856747
46024,3033024,2017-01-13 18:54:42,0,0.011799685,0.010773166530514227,0.2306919,0.012381589424362833
46025,3033025,2017-01-13 18:54:45,0,0.40119636,0.09164416697515329,0.35424018,0.02185973084738631
46026,3033026,2017-01-13 18:55:41,0,0.106543146,0.037405274192748264,0.37134683,0.02342680869716412
46027,3033027,2017-01-13 18:56:13,0,0.1472939,0.04552113390528658,0.29006463,0.016577355244679202
46028,3033028,2017-01-13 18:56:17,0,0.03223258,0.018838286875468714,0.29092094,0.0166423100785816
46029,3033029,2017-01-13 18:56:22,0,0.1947471,0.054322218334188245,0.30278435,0.017556500440298856
46030,3033030,2017-01-13 18:56:51,0,0.005276031,0.006906120238696385,0.21824287,0.011571762515191172
46031,3033031,2017-01-13 18:56:57,0,0.0042136125,0.006100307288993462,0.27068007,0.015142547663387759
46032,3033032,2017-01-13 18:57:00,0,0.015168043,0.012380557090375733,0.230606,0.012375925502193488
46033,3033033,2017-01-13 18:57:07,0,0.021179488,0.014901915751690581,0.24029921,0.013022049200818049
46034,3033034,2017-01-13 18:57:11,0,0.13023491,0.042209769680382085,0.39233646,0.025455513480154107
46035,3033035,2017-01-13 18:57:29,0,0.09350281,0.03462309837700287,0.60567266,0.056491723500566055
46036,3033036,2017-01-13 18:57:37,0,0.019594422,0.014271112378476574,0.24721934,0.013492055461513264
46037,3033037,2017-01-13 18:57:56,0,0.017352745,0.013339934911518997,0.25132728,0.013774595779422277
46038,3033038,2017-01-13 18:58:01,0,0.02634251,0.01682794444127513,0.33432195,0.020124747332708078
46039,3033039,2017-01-13 18:58:23,0,0.049447946,0.023977368478282576,0.3478533,0.021293251380537632
46040,3033040,2017-01-13 18:58:35,0,0.017904663,0.013573818123063706,0.21555218,0.011399612037999354
46041,3033041,2017-01-13 18:58:36,0,0.04941052,0.02396706617500698,0.3563019,0.02204470554172972
46042,3033042,2017-01-13 18:58:53,0,0.00924637,0.00941420005116841,0.29577518,0.017013126186892727
46043,3033043,2017-01-13 18:59:00,0,0.046805147,0.023242142985471587,0.24522728,0.01335599742722653
46044,3033044,2017-01-13 18:59:03,0,0.05430903,0.025290536967828375,0.2428698,0.013195777354561986
46045,3033045,2017-01-13 18:59:13,0,0.030528974,0.0182739851328101,0.26171434,0.014501093398826749
46046,3033046,2017-01-13 18:59:23,0,0.0032890534,0.005321100350912751,0.23504731,0.012670228642164877
46047,3033047,2017-01-13 18:59:25,0,0.01700395,0.013190457902508447,0.35157615,0.02162225267111992
46048,3033048,2017-01-13 18:59:31,0,0.015054567,0.012329130175895575,0.39772052,0.025995977708195277
46049,3033049,2017-01-13 18:59:39,0,0.08967506,0.03378297925897016,0.55856967,0.047380419610039554
46050,3033050,2017-01-13 18:59:43,0,0.118671454,0.039899520211914244,0.33957326,0.02057322769752406
46051,3033051,2017-01-13 18:59:45,0,0.09054497,0.033974939096405185,0.49229705,0.0371199080350138
46052,3033052,2017-01-13 19:00:07,0,0.042171597,0.021911786857957593,0.32036215,0.018962179316699176
46053,3033053,2017-01-13 19:00:12,0,0.026233818,0.016789155574160063,0.3051602,0.01774285477965994
46054,3033054,2017-01-13 19:00:25,0,0.008945937,0.009243910619686485,0.28353938,0.016086832692753364
46055,3033055,2017-01-13 19:00:28,0,0.020588065,0.014669012116954545,0.31131175,0.018230584876704824
46056,3033056,2017-01-13 19:00:37,0,0.09047341,0.03395917253988357,0.34061307,0.020662774598525495
46057,3033057,2017-01-13 19:00:43,0,0.017107425,0.013234940611872515,0.7450527,0.09976561618917909
46058,3033058,2017-01-13 19:01:03,0,0.021586379,0.015060527158814747,0.22720715,0.012152657628726256
46059,3033059,2017-01-13 19:01:07,0,0.05026213,0.024200723429911985,0.45568347,0.032408198878820314
46060,3033060,2017-01-13 19:01:23,0,0.19460814,0.05429705365977897,0.42201626,0.028545137742125637
46061,3033061,2017-01-13 19:01:39,0,0.06787314,0.028734930810980948,0.22775991,0.012188853480506735
46062,3033062,2017-01-13 19:01:40,0,0.052964885,0.02493219357988595,0.46578255,0.03365068258209435
46063,3033063,2017-01-13 19:01:42,0,0.009361125,0.009478595632489862,0.39588743,0.02581101331173043
46064,3033064,2017-01-13 19:01:43,0,0.040572587,0.021439162678347317,0.22037914,0.011709161458126777
46065,3033065,2017-01-13 19:01:53,0,0.006087892,0.007473793738234063,0.20982571,0.011036550480206658
46066,3033066,2017-01-13 19:01:58,0,0.07123306,0.029546951118494657,0.48858586,0.03661520033609966
46067,3033067,2017-01-13 19:02:39,0,0.06103057,0.027033626017750462,0.24486123,0.013331063581165545
46068,3033068,2017-01-13 19:02:39,0,0.044863615,0.022691441261710226,0.35169333,0.0216326624996628
46069,3033069,2017-01-13 19:02:59,0,0.07748014,0.031020822147660138,0.42007026,0.028334010710025274
46070,3033070,2017-01-13 19:03:03,0,0.021778738,0.015135063260241454,0.27445894,0.015417020512191371
46071,3033071,2017-01-13 19:03:25,0,0.08144354,0.031934022263676504,0.5130743,0.04007072061584668
46072,3033072,2017-01-13 19:03:31,0,0.014942017,0.012277955488570616,0.2404837,0.013034484036651616
46073,3033073,2017-01-13 19:03:33,0,0.3944297,0.09035265382568855,0.4076876,0.02701937309910161
46074,3033074,2017-01-13 19:03:35,0,0.030857475,0.01838380339862031,0.21451874,0.011333759040288133
46075,3033075,2017-01-13 19:03:43,0,0.16911167,0.04962748073879045,0.36080137,0.02245203746625818
46076,3033076,2017-01-13 19:03:51,0,0.0031678712,0.005212043317950398,0.28410572,0.016129097069625658
46077,3033077,2017-01-13 19:04:22,0,0.015921118,0.012717677752621203,0.63903284,0.06418879880027581
46078,3033078,2017-01-13 19:04:23,0,0.04962451,0.02402592744919849,0.35152316,0.02161754656736613
46079,3033079,2017-01-13 19:04:23,0,0.076259255,0.030736224427786916,0.26410988,0.01467115704112488
46080,3033080,2017-01-13 19:04:58,0,0.038808394,0.020908841375268994,0.29761362,0.01715473227754991
46081,3033081,2017-01-13 19:05:27,0,0.0035298162,0.005532563257318761,0.3937182,0.025593408220872128
46082,3033082,2017-01-13 19:05:40,0,0.008547584,0.009014154926128708,0.2736368,0.015357093484863516
46083,3033083,2017-01-13 19:05:50,0,0.004651495,0.006442317971720613,0.23168723,0.012447304719424311
46084,3033084,2017-01-13 19:05:52,0,0.2299716,0.060634201435624265,0.76432073,0.10907981205163028
46085,3033085,2017-01-13 19:06:07,0,0.01881745,0.013953864933975544,0.42453334,0.028820094357858244
46086,3033086,2017-01-13 19:06:13,0,0.058929928,0.02649713647380729,0.24207686,0.013142080273044539
46087,3033087,2017-01-13 19:06:20,0,0.5236544,0.11711768023111739,0.6131643,0.0581190740085555
46088,3033088,2017-01-13 19:06:26,0,0.009800863,0.0097221818781333,0.33358687,0.020062465109054746
46089,3033089,2017-01-13 19:06:31,0,0.045201503,0.022787954967904894,0.19970332,0.010405566649026154
46090,3033090,2017-01-13 19:06:40,0,0.07214074,0.02976390569748341,0.5738363,0.05013938652072672
46091,3033091,2017-01-13 19:06:42,0,0.046027724,0.0230227480900862,0.32624894,0.019447275232183845
46092,3033092,2017-01-13 19:06:43,0,0.0073965974,0.008322046789090945,0.29400626,0.016877483181007975
46093,3033093,2017-01-13 19:07:25,0,0.23316202,0.061201157909495305,0.37892982,0.02414575670460652
46094,3033094,2017-01-13 19:07:31,0,0.0076983897,0.00850789305553999,0.2900586,0.01657689907976626
46095,3033095,2017-01-13 19:07:39,0,0.07282198,0.029926088174023466,0.34753057,0.0212648862815934
46096,3033096,2017-01-13 19:07:42,0,0.04717625,0.023346358939181765,0.6161161,0.0587755030221157
46097,3033097,2017-01-13 19:07:50,0,0.13047083,0.042256300442286614,0.52867126,0.04243623548570686
46098,3033098,2017-01-13 19:07:55,0,0.33378497,0.07911936931220857,0.822498,0.14696377025831894
46099,3033099,2017-01-13 19:07:57,0,0.06593935,0.028260876174901358,0.34627634,0.021154884308585434
46100,3033100,2017-01-13 19:09:07,0,0.06342182,0.02763591050764694,0.31441382,0.01847943644834227
46101,3033101,2017-01-13 19:09:17,0,0.034696635,0.019632949573290356,0.49700797,0.03777005022005849
46102,3033102,2017-01-13 19:09:39,0,0.06577715,0.028220881860161157,0.61229867,0.05792822907674257
46103,3033103,2017-01-13 19:09:53,0,0.05089289,0.024372782370825775,0.5171029,0.04066878549778436
46104,3033104,2017-01-13 19:09:56,0,0.0375099,0.020512195098570416,0.3007032,0.01739416983427128
46105,3033105,2017-01-13 19:10:05,0,0.054061987,0.025224937061774002,0.3200017,0.0189327153546865
46106,3033106,2017-01-13 19:10:25,0,0.010797155,0.010256793831532017,0.45676878,0.032539762348753144
46107,3033107,2017-01-13 19:10:56,0,0.048073746,0.023597064256909602,0.5668337,0.04885263997726636
46108,3033108,2017-01-13 19:10:59,0,0.013798855,0.011748264153149118,0.19962116,0.010400500036127155
46109,3033109,2017-01-13 19:11:00,0,0.036031097,0.020053541376614574,0.27073717,0.015146676757863244
46110,3033110,2017-01-13 19:11:04,0,0.06070459,0.026950837216437352,0.2719012,0.015230971514426943
46111,3033111,2017-01-13 19:11:14,0,0.08272061,0.032224939431801804,0.4563977,0.03249472839973421
46112,3033112,2017-01-13 19:11:21,0,0.050618574,0.024298057870790986,0.4125868,0.027533649820317245
46113,3033113,2017-01-13 19:11:26,0,0.12912653,0.04199085424603974,0.3985256,0.026077527879370267
46114,3033114,2017-01-13 19:12:02,0,0.026541764,0.016898877130337043,0.33129963,0.019869438709469816
46115,3033115,2017-01-13 19:12:03,0,0.24702269,0.06365938295750022,0.6299548,0.06197452666071281
46116,3033116,2017-01-13 19:12:16,0,0.11385418,0.03891835942539682,0.33381575,0.020081845132140286
46117,3033117,2017-01-13 19:12:26,0,0.031977005,0.018754439801886118,0.26950848,0.015057951550756742
46118,3033118,2017-01-13 19:12:32,0,0.02319732,0.015676254725407564,0.2801719,0.01583671919759406
46119,3033119,2017-01-13 19:12:50,0,0.011124798,0.010427794593375042,0.35495514,0.021923757796435968
46120,3033120,2017-01-13 19:12:52,0,0.036302652,0.020138337102127233,0.4108205,0.027347367701345715
46121,3033121,2017-01-13 19:13:01,0,0.042796716,0.02209457717223642,0.48704675,0.036407783022407804
46122,3033122,2017-01-13 19:13:10,0,0.10806984,0.03772377612998967,0.3625581,0.022612446599606564
46123,3033123,2017-01-13 19:13:30,0,0.14685571,0.04543731515812234,0.3265785,0.019474651610218684
46124,3033124,2017-01-13 19:13:50,0,0.012571825,0.011157796180501155,0.38232628,0.02447282246893903
46125,3033125,2017-01-13 19:13:53,0,0.1528667,0.046582102504763336,0.23766582,0.012845120337121587
46126,3033126,2017-01-13 19:14:02,0,0.1296283,0.04209002050502418,0.7496163,0.1018626095522798
46127,3033127,2017-01-13 19:14:03,0,0.043327793,0.02224902441510951,0.2616507,0.01449658935813462
46128,3033128,2017-01-13 19:14:15,0,0.013147967,0.011438057452129793,0.3033249,0.017598802406929598
46129,3033129,2017-01-13 19:14:30,0,0.029262153,0.01784576376528224,0.345817,0.02111469057900294
46130,3033130,2017-01-13 19:14:30,0,0.045108534,0.022761428511245883,0.32335895,0.019208203247444565
46131,3033131,2017-01-13 19:14:39,0,0.054620422,0.02537306005910181,0.3801067,0.02425872620753614
46132,3033132,2017-01-13 19:14:50,0,0.025798814,0.016633226622153847,0.51622945,0.04053837186793668
46133,3033133,2017-01-13 19:14:53,0,0.12780502,0.041729177905124246,0.24967942,0.013660937214816933
46134,3033134,2017-01-13 19:15:05,0,0.009885983,0.009768768878075422,0.23638831,0.0127596663670286
46135,3033135,2017-01-13 19:15:10,0,0.0054350616,0.007020234567786359,0.20526549,0.010750605504252893
46136,3033136,2017-01-13 19:15:11,0,0.016286068,0.012878542663782697,0.2957524,0.01701137645399088
46137,3033137,2017-01-13 19:15:13,0,0.09993202,0.03600926251808181,0.3901917,0.025242567569559816
46138,3033138,2017-01-13 19:15:16,0,0.030932343,0.018408762888474716,0.31553409,0.018569791104012114
46139,3033139,2017-01-13 19:15:23,0,0.003354362,0.005379127629343575,0.22080009,0.011736310930924615
46140,3033140,2017-01-13 19:15:28,0,0.007594476,0.00844427413237281,0.32747903,0.01954958010840694
46141,3033141,2017-01-13 19:15:35,0,0.017981807,0.013606257704099544,0.30217326,0.01750874705389618
46142,3033142,2017-01-13 19:15:35,0,0.009933637,0.009794773568811168,0.40943927,0.027202381090481863
46143,3033143,2017-01-13 19:15:52,0,0.012447566,0.011096615721330246,0.29047742,0.01660865024579849
46144,3033144,2017-01-13 19:15:55,1,0.029869515,0.01805202091313652,0.3457143,0.021105710955944115
46145,3033145,2017-01-13 19:15:58,0,0.025102308,0.016381213699825734,0.24776502,0.013529433732995293
46146,3033146,2017-01-13 19:16:03,1,0.04688159,0.023263637119238893,0.35259622,0.021712981299242193
46147,3033147,2017-01-13 19:16:43,0,0.00317792,0.005221156875817886,0.22556466,0.012045363950076321
46148,3033148,2017-01-13 19:16:52,0,0.01767806,0.01347817605979563,0.46960622,0.034132018925219
46149,3033149,2017-01-13 19:17:06,0,0.016354198,0.012908398604272718,0.25967753,0.014357245924245456
46150,3033150,2017-01-13 19:17:20,0,0.07350511,0.030088170395339908,0.28927514,0.016517589622647277
46151,3033151,2017-01-13 19:17:44,0,0.21536084,0.05802966650965546,0.49469987,0.03745017525476074
46152,3033152,2017-01-13 19:18:26,0,0.046950705,0.023283058875007964,0.2212385,0.01176461337134006
46153,3033153,2017-01-13 19:18:29,0,0.0075773923,0.008433778032279283,0.1816838,0.009314914280503211
46154,3033154,2017-01-13 19:18:35,0,0.009797782,0.009720491838975921,0.20933133,0.011005416061008095
46155,3033155,2017-01-13 19:18:36,0,0.023185398,0.015671766969387706,0.4419094,0.030777898814716043
46156,3033156,2017-01-13 19:19:10,0,0.1393369,0.04398939267032843,0.78555137,0.12093626821413382
46157,3033157,2017-01-13 19:19:11,0,0.04260661,0.022039103410530548,0.39607725,0.02583011986573606
46158,3033158,2017-01-13 19:19:15,0,0.022532368,0.01542439643659777,0.39300764,0.025522425655631766
46159,3033159,2017-01-13 19:19:29,0,0.0008801633,0.00257135587812177,0.23212995,0.012476580890394058
46160,3033160,2017-01-13 19:19:36,0,0.050227124,0.024191149532836645,0.22878243,0.01225592707943969
46161,3033161,2017-01-13 19:19:45,0,0.0145171825,0.012083250804150946,0.27083007,0.015153395277545088
46162,3033162,2017-01-13 19:19:47,0,0.45604646,0.10249664430504876,0.7431548,0.09891206258892453
46163,3033163,2017-01-13 19:19:51,0,0.115618385,0.039279069257514655,0.30926934,0.018067808352400974
46164,3033164,2017-01-13 19:20:01,0,0.06486529,0.027995353042362107,0.40429133,0.026667253496304725
46165,3033165,2017-01-13 19:20:17,0,0.022099502,0.015258728059695607,0.3216715,0.019069435392523013
46166,3033166,2017-01-13 19:20:21,0,0.017808601,0.01353333798590723,0.20578343,0.010782942282450324
46167,3033167,2017-01-13 19:20:37,0,0.011145323,0.010438432046142438,0.15428889,0.0077311516622828634
46168,3033168,2017-01-13 19:20:46,0,0.03678156,0.020287247156195457,0.41280228,0.027556442236887146
46169,3033169,2017-01-13 19:20:50,0,0.04200631,0.02186327274624009,0.30570632,0.01778584903909587
46170,3033170,2017-01-13 19:20:56,0,0.115131624,0.039179709056183586,0.34074354,0.02067402848226804
46171,3033171,2017-01-13 19:21:32,0,0.02444044,0.016138959443400616,0.38126212,0.024370007702190586
46172,3033172,2017-01-13 19:21:36,0,0.015609784,0.012579169810406642,0.32549122,0.019384419379374507
46173,3033173,2017-01-13 19:22:01,0,0.020569045,0.014661474696426917,0.72992945,0.09324707908532094
46174,3033174,2017-01-13 19:22:07,0,0.0032462627,0.005282800067064876,0.32696027,0.01950639483250043
46175,3033175,2017-01-13 19:22:09,0,0.005141245,0.006808194726309506,0.28767952,0.016397151945764507
46176,3033176,2017-01-13 19:22:15,0,0.03336564,0.019206726119188205,0.2885587,0.01646345367608391
46177,3033177,2017-01-13 19:22:15,0,0.02821112,0.017484530225467206,0.23466705,0.012644916009473728
46178,3033178,2017-01-13 19:22:25,0,0.0023284203,0.004397986957258618,0.20383224,0.01066130705360485
46179,3033179,2017-01-13 19:22:37,0,0.029330079,0.017868919607851756,0.3640839,0.02275240200149938
46180,3033180,2017-01-13 19:22:39,0,0.09246666,0.03439682789051631,0.5982851,0.054939129278036965
46181,3033181,2017-01-13 19:22:54,0,0.084718175,0.03267689397469476,0.22886153,0.01226112179632768
46182,3033182,2017-01-13 19:22:57,0,0.042813554,0.022099485886502332,0.21568227,0.011407911915779867
46183,3033183,2017-01-13 19:23:11,0,0.020644272,0.01469126950945269,0.69367075,0.07988104834791356
46184,3033184,2017-01-13 19:23:14,0,0.017341122,0.01333497505475193,0.22735785,0.012162521110598862
46185,3033185,2017-01-13 19:23:55,0,0.014087735,0.011883878815322305,0.14969976,0.007474040954602516
46186,3033186,2017-01-13 19:23:59,0,0.047414176,0.023413004091616042,0.2883748,0.01644957469889118
46187,3033187,2017-01-13 19:24:02,0,0.051903535,0.02464673363158039,0.28268746,0.016023364257856096
46188,3033188,2017-01-13 19:24:29,0,0.11771114,0.03970486879845719,0.43948725,0.030498552165282453
46189,3033189,2017-01-13 19:24:30,0,0.060051505,0.02678446643694819,0.37649095,0.023912842919709954
46190,3033190,2017-01-13 19:24:44,0,0.11918095,0.04000260776635064,0.7322918,0.09422416145149076
46191,3033191,2017-01-13 19:24:46,0,0.15484355,0.04695631058631411,0.34567222,0.02110203226759806
46192,3033192,2017-01-13 19:24:52,0,0.09110425,0.0340980278371369,0.46815723,0.03394889466724907
46193,3033193,2017-01-13 19:25:00,0,0.22206809,0.0592271656560567,0.77888757,0.11701172549687086
46194,3033194,2017-01-13 19:25:14,0,0.0045603802,0.0063723809786391,0.40132517,0.026362617143847904
46195,3033195,2017-01-13 19:25:29,0,0.006081383,0.007469381868815871,0.1964806,0.010207495808134565
46196,3033196,2017-01-13 19:25:43,0,0.03673217,0.02027192708520641,0.4421693,0.030808001239554916
46197,3033197,2017-01-13 19:25:45,0,0.040875778,0.021529349785835837,0.2800763,0.015829647965798214
46198,3033198,2017-01-13 19:25:49,0,0.07165688,0.029648378298982394,0.4385132,0.030386815492971737
46199,3033199,2017-01-13 19:25:50,0,0.0629221,0.027510760630537548,0.30413863,0.017662589867082763
46200,3033200,2017-01-13 19:26:16,0,0.002809314,0.0048778860359263085,0.49455744,0.03743052145477992
46201,3033201,2017-01-13 19:26:24,0,0.021204893,0.014911856964504379,0.21593837,0.011424258963317077
46202,3033202,2017-01-13 19:26:26,0,0.06336715,0.027622236568138836,0.39675033,0.025897958900438715
46203,3033203,2017-01-13 19:26:26,0,0.027539592,0.017250752284192927,0.2356134,0.012707951415772599
46204,3033204,2017-01-13 19:26:27,0,0.005645093,0.007168684531672845,0.2131121,0.011244361154348029
46205,3033205,2017-01-13 19:26:43,0,0.03584538,0.0199953977141662,0.18837056,0.009714902445538276
46206,3033206,2017-01-13 19:26:47,0,0.12943928,0.04205267563498395,0.7179382,0.08850285857655378
46207,3033207,2017-01-13 19:26:56,0,0.10461678,0.03700137430744567,0.81206137,0.13877227139711493
46208,3033208,2017-01-13 19:27:07,0,0.026267,0.01680100425755012,0.454378,0.03225056220944429
46209,3033209,2017-01-13 19:27:09,0,0.14091152,0.044294188117996174,0.24827993,0.0135647471002536
46210,3033210,2017-01-13 19:27:13,0,0.2593074,0.06583432958539129,0.5871397,0.052689220490148125
46211,3033211,2017-01-13 19:27:20,0,0.01360689,0.01165745636098396,0.32867125,0.01964904851807104
46212,3033212,2017-01-13 19:27:33,0,0.056947302,0.025984061312966395,0.3080578,0.01797164947659067
46213,3033213,2017-01-13 19:27:46,1,0.3936391,0.0902023351076821,0.2942779,0.016898274986826858
46214,3033214,2017-01-13 19:27:53,0,0.021988487,0.015216015850991776,0.32427993,0.019284195890887666
46215,3033215,2017-01-13 19:28:16,0,0.0113268085,0.010532119259885965,0.30089176,0.01740884271678275
46216,3033216,2017-01-13 19:28:17,0,0.02856636,0.017607248800478592,0.22680868,0.012126592239458167
46217,3033217,2017-01-13 19:28:21,0,0.038407233,0.020786888063252705,0.39501575,0.025723404392642753
46218,3033218,2017-01-13 19:28:27,0,0.009873504,0.009761950186715707,0.19437464,0.01007878218216207
46219,3033219,2017-01-13 19:28:35,0,0.033034753,0.019099676751836523,0.44279855,0.030880983690712654
46220,3033220,2017-01-13 19:28:41,0,0.14061688,0.04423722044808033,0.47846144,0.0352706842910077
46221,3033221,2017-01-13 19:28:41,0,0.0033484085,0.005373858994719025,0.2546982,0.014008448727945523
46222,3033222,2017-01-13 19:28:51,0,0.018664353,0.013890688539957514,0.27688518,0.015594558576189271
46223,3033223,2017-01-13 19:29:07,0,0.011239134,0.010486942923002646,0.25531125,0.014051175589770882
46224,3033224,2017-01-13 19:29:12,0,0.11134378,0.03840220961999568,0.3510559,0.021576075852859446
46225,3033225,2017-01-13 19:29:16,0,0.01488052,0.012249922353779755,0.32407412,0.01926719779570369
46226,3033226,2017-01-13 19:29:17,0,0.04529916,0.022815796153700788,0.27346233,0.015344392028866206
46227,3033227,2017-01-13 19:29:17,0,0.12279835,0.040730953113943195,0.43406454,0.029880829243225063
46228,3033228,2017-01-13 19:29:21,0,0.1572388,0.047408289044264744,0.25188145,0.013812916068203578
46229,3033229,2017-01-13 19:29:28,0,0.013897111,0.011794528740773929,0.27480575,0.015442334849426684
46230,3033230,2017-01-13 19:29:28,0,0.021762414,0.015128748900823856,0.27821085,0.01569200112256323
46231,3033231,2017-01-13 19:29:49,0,0.03127584,0.0185229561850576,0.23987584,0.012993533260197828
46232,3033232,2017-01-13 19:29:58,0,0.0106187025,0.010162693000006762,0.18022093,0.009228134953547929
46233,3033233,2017-01-13 19:30:04,0,0.004789561,0.006547137011974974,0.21262182,0.011213265671395327
46234,3033234,2017-01-13 19:30:20,0,0.08653993,0.033085892731169755,0.30167452,0.017469827609513343
46235,3033235,2017-01-13 19:30:39,0,0.01078502,0.01025041666746267,0.28183213,0.015959774516402184
46236,3033236,2017-01-13 19:30:53,0,0.05577085,0.02567637278571417,0.3941302,0.025634630754308586
46237,3033237,2017-01-13 19:31:09,0,0.11635194,0.0394285747674683,0.40301895,0.026536247570205986
46238,3033238,2017-01-13 19:31:11,0,0.025811506,0.01663779188957057,0.35111237,0.021581085305849883
46239,3033239,2017-01-13 19:31:35,0,0.041003115,0.02156714675138388,0.22249395,0.011845812664144514
46240,3033240,2017-01-13 19:31:50,0,0.012628428,0.011185577143281855,0.29791856,0.01717828261921715
46241,3033241,2017-01-13 19:32:07,0,0.01849606,0.01382098278957582,0.25109696,0.0137586844230841
46242,3033242,2017-01-13 19:32:12,0,0.026915276,0.01703123841518502,0.30000272,0.01733972240929631
46243,3033243,2017-01-13 19:32:22,0,0.20394436,0.05598218019756728,0.37662062,0.023925185988437948
46244,3033244,2017-01-13 19:32:30,0,0.022412565,0.015378682420747433,0.24438132,0.013298405495408498
46245,3033245,2017-01-13 19:32:35,0,0.06743642,0.028628312202828597,0.31542856,0.0185612685947036
46246,3033246,2017-01-13 19:33:04,0,0.05835002,0.026347756814404277,0.38140023,0.024383333214086235
46247,3033247,2017-01-13 19:33:10,0,0.023515338,0.015795614052535475,0.43034813,0.029463492600676225
46248,3033248,2017-01-13 19:33:16,0,0.010827158,0.010272546973146264,0.23533092,0.012689121775917203
46249,3033249,2017-01-13 19:33:44,0,0.04720784,0.023355215348339307,0.4348908,0.029974275375166125
46250,3033250,2017-01-13 19:33:46,0,0.054492846,0.025339272853859666,0.34565958,0.021100927700223735
46251,3033251,2017-01-13 19:33:46,0,0.033508923,0.01925294399151459,0.24203914,0.013139528654568541
46252,3033252,2017-01-13 19:34:11,0,0.047596443,0.02346396876270454,0.3436953,0.02092967978516223
46253,3033253,2017-01-13 19:34:21,0,0.0685034,0.028888353872686724,0.23825568,0.01288465994550603
46254,3033254,2017-01-13 19:34:30,0,0.47010374,0.10540763332593096,0.37705594,0.02396665679404307
46255,3033255,2017-01-13 19:34:33,0,0.036306854,0.020139647200629322,0.42601004,0.028982397025685794
46256,3033256,2017-01-13 19:34:52,0,0.0812387,0.031887212726752295,0.2941274,0.01688675394051192
46257,3033257,2017-01-13 19:35:07,0,0.041220933,0.02163169011963147,0.7340724,0.09497032386720548
46258,3033258,2017-01-13 19:35:08,0,0.020265045,0.014540588444641976,0.13857354,0.0068598785430789766
46259,3033259,2017-01-13 19:35:20,0,0.16761172,0.04934893562035394,0.35602427,0.022019735495335497
46260,3033260,2017-01-13 19:36:03,0,0.114356734,0.0390212790129581,0.5063322,0.03908915462908741
46261,3033261,2017-01-13 19:36:24,0,0.08613622,0.032995512186841304,0.5775745,0.050841612675109366
46262,3033262,2017-01-13 19:36:40,0,0.026048403,0.016722828088576145,0.27855185,0.015717116348085078
46263,3033263,2017-01-13 19:36:50,0,0.52237594,0.11682509090580054,0.5795366,0.05121459190750182
46264,3033264,2017-01-13 19:36:59,0,0.032515112,0.01893065679086935,0.3475285,0.021264703006382026
46265,3033265,2017-01-13 19:37:07,0,0.34068498,0.08037167631055141,0.32401928,0.019262670440003557
46266,3033266,2017-01-13 19:37:12,0,0.0225819,0.015443265933844982,0.3804973,0.02429630622406377
46267,3033267,2017-01-13 19:37:14,0,0.025296057,0.01645161213232876,0.3670265,0.02302399718410699
46268,3033268,2017-01-13 19:37:41,0,0.063555144,0.02766923644117867,0.43323174,0.0297868889475542
46269,3033269,2017-01-13 19:38:01,0,0.1014045,0.03632264836051715,0.2718602,0.015228000026911881
46270,3033270,2017-01-13 19:38:07,0,0.08905227,0.03364516564763546,0.5173024,0.040698630683473916
46271,3033271,2017-01-13 19:38:20,0,0.012668593,0.011205257136392276,0.23974378,0.012984644421291602
46272,3033272,2017-01-13 19:38:50,0,0.01569257,0.012616116615999177,0.42290977,0.028642498111268195
46273,3033273,2017-01-13 19:38:55,0,0.0340782,0.019435767763007053,0.43575907,0.03007273136452488
46274,3033274,2017-01-13 19:40:23,0,0.04935138,0.023950781500830368,0.30233765,0.01752158588944266
46275,3033275,2017-01-13 19:40:35,0,0.034725435,0.019642096601579624,0.23728837,0.012819846921339974
46276,3033276,2017-01-13 19:40:36,0,0.01481708,0.012220950462820894,0.5366701,0.04370377240403919
46277,3033277,2017-01-13 19:40:37,0,0.44592318,0.10043615898085831,0.31021786,0.018143298631146908
46278,3033278,2017-01-13 19:40:39,0,0.012354741,0.011050736629910242,0.25178343,0.013806134584290558
46279,3033279,2017-01-13 19:40:53,0,0.009985158,0.009822825808141117,0.18840972,0.009717261145158073
46280,3033280,2017-01-13 19:40:56,0,0.02968839,0.01799069759719448,0.26563424,0.0147798738383893
46281,3033281,2017-01-13 19:40:56,0,0.096703894,0.035317000474966345,0.5009676,0.03832489984812392
46282,3033282,2017-01-13 19:41:07,0,0.29193118,0.07161714852275461,0.35015053,0.021495873263104186
46283,3033283,2017-01-13 19:41:22,0,0.04112963,0.021604652211720914,0.29520229,0.016969131149645243
46284,3033284,2017-01-13 19:41:29,0,0.02960246,0.017961549668225166,0.26482102,0.014721826955229715
46285,3033285,2017-01-13 19:41:48,0,0.006152464,0.007517447720179475,0.1268775,0.006227759878221828
46286,3033286,2017-01-13 19:41:57,0,0.08925023,0.033689006208850764,0.4482018,0.03151373163382153
46287,3033287,2017-01-13 19:42:00,1,0.06356702,0.027672203849103634,0.4278469,0.029185318436771964
46288,3033288,2017-01-13 19:42:52,1,0.1189181,0.03994944045149276,0.48211232,0.035750156138412
46289,3033289,2017-01-13 19:43:00,0,0.024909548,0.016310944653624596,0.3695807,0.023261551372832506
46290,3033290,2017-01-13 19:43:19,0,0.21215196,0.05745544281475483,0.37188014,0.023476871565188077
46291,3033291,2017-01-13 19:43:38,0,0.15590549,0.047156885491441515,0.25676966,0.01415306235454747
46292,3033292,2017-01-13 19:44:20,0,0.098607704,0.03572614947834945,0.44942528,0.03165853184723929
46293,3033293,2017-01-13 19:44:39,0,0.09612782,0.03519268444886196,0.34403563,0.020959284124284615
46294,3033294,2017-01-13 19:44:41,0,0.05008242,0.024151546420439023,0.32490897,0.01933620398349821
46295,3033295,2017-01-13 19:44:50,0,0.25291377,0.06470259228246922,0.4230621,0.02865912219426186
46296,3033296,2017-01-13 19:44:54,0,0.067664385,0.028683997757143018,0.2992376,0.017280359090081153
46297,3033297,2017-01-13 19:45:01,0,0.018313758,0.013745162821159234,0.44330516,0.030939848345320323
46298,3033298,2017-01-13 19:45:19,0,0.007309245,0.008267627845437409,0.3411726,0.020711064370896766
46299,3033299,2017-01-13 19:45:51,0,0.17736909,0.05115251078028349,0.23923036,0.012950110255246306
46300,3033300,2017-01-13 19:45:54,0,0.01086752,0.010293709366156324,0.14331771,0.007120187001905408
46301,3033301,2017-01-13 19:45:57,0,0.02535102,0.016471541046531257,0.45632422,0.032485815592884305
46302,3033302,2017-01-13 19:46:09,0,0.04851735,0.023720294112355864,0.34282115,0.020853758675057607
46303,3033303,2017-01-13 19:46:14,0,0.109128505,0.03794382944292428,0.3179792,0.018767901941480352
46304,3033304,2017-01-13 19:46:34,0,0.015601228,0.012575346393573312,0.2454715,0.013372645102695811
46305,3033305,2017-01-13 19:46:37,0,0.031986367,0.018757516041390834,0.35010728,0.021492047447449304
46306,3033306,2017-01-13 19:46:39,0,0.11558069,0.039271379668498634,0.40788722,0.027040180006962726
46307,3033307,2017-01-13 19:46:40,0,0.014087091,0.01188357806575105,0.4139587,0.02767902100494731
46308,3033308,2017-01-13 19:46:41,0,0.035814337,0.019985666812104688,0.28234786,0.015998100910542972
46309,3033309,2017-01-13 19:46:47,0,0.032766007,0.01901240286471099,0.2187663,0.011605369012607085
46310,3033310,2017-01-13 19:47:05,0,0.0046745953,0.00645995168621621,0.21999952,0.011684698463483195
46311,3033311,2017-01-13 19:47:08,0,0.00324002,0.005277193660662586,0.20729135,0.010877291573658982
46312,3033312,2017-01-13 19:47:37,0,0.051526103,0.024544671407475613,0.7242621,0.09096113800775617
46313,3033313,2017-01-13 19:47:39,0,0.070823714,0.029448781784344027,0.20671357,0.010841104719794372
46314,3033314,2017-01-13 19:47:39,0,0.012015635,0.010881827629868248,0.31759453,0.018736653110096115
46315,3033315,2017-01-13 19:47:41,1,0.20900038,0.05689054377279799,0.27860633,0.015721130725372477
46316,3033316,2017-01-13 19:47:55,0,0.006075014,0.007465062648825576,0.2070146,0.010859953198346192
46317,3033317,2017-01-13 19:48:00,0,0.0026854007,0.004758005348904029,0.26237342,0.014547787209395093
46318,3033318,2017-01-13 19:48:03,0,0.0031163755,0.005165135379968112,0.3231521,0.01919115978469683
46319,3033319,2017-01-13 19:48:03,0,0.1190467,0.03997545790724968,0.39762142,0.025985953473594146
46320,3033320,2017-01-13 19:48:09,0,0.032144226,0.018809332109688045,0.34391642,0.02094891084722265
46321,3033321,2017-01-13 19:48:15,1,0.0062299212,0.007569544182970404,0.24829862,0.013566029404933667
46322,3033322,2017-01-13 19:48:22,0,0.06282797,0.02748714512374784,0.73777485,0.09654929311205032
46323,3033323,2017-01-13 19:48:32,0,0.047917396,0.023553524017782813,0.31371662,0.01842333497258256
46324,3033324,2017-01-13 19:48:58,0,0.02744849,0.017218852407475678,0.68596077,0.07738244984273383
46325,3033325,2017-01-13 19:49:03,0,0.0016412702,0.0036263639350160113,0.23469923,0.012647057706649669
46326,3033326,2017-01-13 19:49:16,0,0.029256513,0.017843840027282714,0.30880693,0.0180310717701935
46327,3033327,2017-01-13 19:49:31,0,0.21318175,0.057639822481324224,0.44120762,0.030696741573663328
46328,3033328,2017-01-13 19:49:47,0,0.006227191,0.007567712840630723,0.29866633,0.017236108633606514
46329,3033329,2017-01-13 19:50:31,0,0.041890427,0.021829213576690473,0.2788109,0.015736209110088554
46330,3033330,2017-01-13 19:50:42,0,0.022641512,0.015465952229901596,0.22592673,0.012068982135723376
46331,3033331,2017-01-13 19:50:51,0,0.019488832,0.014228322506207215,0.310754,0.01818604941808428
46332,3033332,2017-01-13 19:50:55,0,0.02358989,0.015823495046210573,0.2826576,0.01602114193382583
46333,3033333,2017-01-13 19:51:00,0,0.023817012,0.01590820232612335,0.3739957,0.023676202204704136
46334,3033334,2017-01-13 19:51:04,0,0.021511694,0.015031511140404116,0.4112202,0.027389433306642393
46335,3033335,2017-01-13 19:51:14,0,0.07080822,0.029445061163201565,0.79606456,0.12755456373058963
46336,3033336,2017-01-13 19:51:32,0,0.604824,0.13739524702483055,0.7821867,0.11892986591603731
46337,3033337,2017-01-13 19:51:33,0,0.10151823,0.03634679211465418,0.46705756,0.03381050507532018
46338,3033338,2017-01-13 19:51:38,0,0.13410474,0.04297024012669026,0.6566575,0.0687769446782141
46339,3033339,2017-01-13 19:51:41,0,0.0628245,0.027486275691083792,0.3633105,0.02268138680368511
46340,3033340,2017-01-13 19:52:12,0,0.018569006,0.013851229864953742,0.26302856,0.014594273925166608
46341,3033341,2017-01-13 19:52:15,0,0.009078673,0.009319454976469962,0.29038474,0.016601620737814342
46342,3033342,2017-01-13 19:52:15,0,0.017300274,0.013317532541079917,0.50369203,0.03871120144622168
46343,3033343,2017-01-13 19:52:26,0,0.07926787,0.0314347118552241,0.2462365,0.013424850294564672
46344,3033344,2017-01-13 19:52:52,0,0.3075345,0.07439829912002761,0.42186812,0.028529020633275965
46345,3033345,2017-01-13 19:53:04,0,0.019755436,0.014336171597909708,0.4651368,0.03356999379829456
46346,3033346,2017-01-13 19:53:06,0,0.08088767,0.03180689907234068,0.43883806,0.03042404455398187
46347,3033347,2017-01-13 19:53:10,0,0.05449825,0.02534070503589334,0.44896713,0.03160424228314625
46348,3033348,2017-01-13 19:53:14,0,0.032027673,0.01877108471430703,0.47382706,0.03467053435728155
46349,3033349,2017-01-13 19:53:17,0,0.008173862,0.008794243763500525,0.21818174,0.011567840571410734
46350,3033350,2017-01-13 19:53:37,0,0.14110719,0.04433200319993729,0.36127484,0.02249519405525193
46351,3033351,2017-01-13 19:53:46,0,0.02141677,0.014994569187148777,0.45627895,0.03248032656743939
46352,3033352,2017-01-13 19:53:48,0,0.0033616005,0.0053855278004987985,0.21094996,0.011107475588246655
46353,3033353,2017-01-13 19:53:49,0,0.124033764,0.04097830171693308,0.24351953,0.013239849148413392
46354,3033354,2017-01-13 19:53:53,0,0.02117706,0.014900965750737077,0.49158806,0.03702298377036947
46355,3033355,2017-01-13 19:54:01,0,0.020412315,0.014599247574270465,0.3025582,0.017538820487289733
46356,3033356,2017-01-13 19:54:02,0,0.077794865,0.031093929373261796,0.8270536,0.15078683405958412
46357,3033357,2017-01-13 19:54:05,0,0.010555777,0.010129344869243408,0.25791577,0.014233374094886153
46358,3033358,2017-01-13 19:54:13,0,0.08974905,0.03379933097289157,0.71890837,0.0888738743669324
46359,3033359,2017-01-13 19:54:15,0,0.0012818817,0.00316415397213046,0.12957317,0.006372257619286257
46360,3033360,2017-01-13 19:54:39,0,0.046004083,0.023016053456858938,0.58347994,0.0519735022200012
46361,3033361,2017-01-13 19:54:39,0,0.06267342,0.02744834341071707,0.3120468,0.018289373482116403
46362,3033362,2017-01-13 19:54:40,0,0.003809375,0.005770151300957511,0.25841305,0.01426828704547629
46363,3033363,2017-01-13 19:55:36,0,0.021377161,0.014979133534323437,0.22891323,0.012264518232329368
46364,3033364,2017-01-13 19:55:56,0,0.04863115,0.02375183498542072,0.24739794,0.013504284510627509
46365,3033365,2017-01-13 19:56:02,0,0.0030573488,0.005110937871846372,0.1704788,0.008656707835414513
46366,3033366,2017-01-13 19:56:15,0,0.033792317,0.0193441160781943,0.14946397,0.007460890987928757
46367,3033367,2017-01-13 19:56:32,0,0.016956957,0.013170217507968048,0.23406206,0.012604688738856439
46368,3033368,2017-01-13 19:56:37,0,0.00830516,0.00887200365290527,0.16353685,0.008256247614249939
46369,3033369,2017-01-13 19:56:51,0,0.10071644,0.03617639065821308,0.30904922,0.018050315465726958
46370,3033370,2017-01-13 19:56:54,0,0.079933204,0.03158790786966464,0.23202029,0.012469326654831601
46371,3033371,2017-01-13 19:57:00,0,0.031796224,0.018694961287014894,0.4795944,0.03541884047013773
46372,3033372,2017-01-13 19:57:09,0,0.11897412,0.03996077481315021,0.7297073,0.0931559442579202
46373,3033373,2017-01-13 19:57:22,0,0.004351328,0.006209515374685661,0.36978185,0.02328033312194693
46374,3033374,2017-01-13 19:57:48,0,0.013356411,0.01153811896064181,0.30551708,0.017770943926236453
46375,3033375,2017-01-13 19:57:54,0,0.16764624,0.049355352760393566,0.60115826,0.05553697801613014
46376,3033376,2017-01-13 19:57:59,0,0.028601939,0.017619503892789334,0.16794215,0.00850973815313623
46377,3033377,2017-01-13 19:58:09,0,0.29881865,0.07284296920722265,0.789222,0.12318523229047487
46378,3033378,2017-01-13 19:58:30,0,0.054531224,0.02534944005636949,0.58644575,0.052552650187006056
46379,3033379,2017-01-13 19:58:44,0,0.09744549,0.035476683302768736,0.33695668,0.020348982336859563
46380,3033380,2017-01-13 19:59:13,0,0.0062918514,0.007610989954345458,0.76681876,0.11038126592476614
46381,3033381,2017-01-13 19:59:15,0,0.03309312,0.019118592297354298,0.32848793,0.019633734129336406
46382,3033382,2017-01-13 19:59:18,0,0.0059407256,0.007373522546925656,0.579047,0.05112123956601992
46383,3033383,2017-01-13 19:59:19,0,0.018268486,0.013726283629701764,0.3329423,0.02000795090240279
46384,3033384,2017-01-13 19:59:25,0,0.018153073,0.013678061878729058,0.26593563,0.014801415232319984
46385,3033385,2017-01-13 19:59:37,0,0.24719594,0.06369007291726846,0.40227374,0.026459749029412578
46386,3033386,2017-01-13 20:00:04,0,0.031708784,0.018666142090890896,0.27927718,0.01577060702007172
46387,3033387,2017-01-13 20:00:06,0,0.0054331035,0.007018838645616628,0.23136117,0.012425760707897913
46388,3033388,2017-01-13 20:00:09,0,0.027896093,0.017375156500393344,0.19034582,0.009834114907074523
46389,3033389,2017-01-13 20:00:19,0,0.007455165,0.008358373291186381,0.3483552,0.02133741320986737
46390,3033390,2017-01-13 20:00:29,0,0.040244572,0.021341282084284555,0.2941047,0.016885015889353063
46391,3033391,2017-01-13 20:00:30,0,0.046919692,0.02327434545939037,0.49118716,0.036968283905062196
46392,3033392,2017-01-13 20:00:39,0,0.20054649,0.05537012802352059,0.7989266,0.12945422514947375
46393,3033393,2017-01-13 20:00:52,0,0.39295852,0.0900730374994239,0.87001806,0.19676793776226675
46394,3033394,2017-01-13 20:01:14,0,0.08386747,0.03248487313839148,0.39860496,0.026085577420048512
46395,3033395,2017-01-13 20:01:17,0,0.14123733,0.04435714842026989,0.642403,0.06503570190232853
46396,3033396,2017-01-13 20:01:21,0,0.05240333,0.024781439428399738,0.33530107,0.020207895692591356
46397,3033397,2017-01-13 20:01:31,0,0.0038697512,0.005820425807709596,0.19813149,0.010308793007974285
46398,3033398,2017-01-13 20:01:40,0,0.0032664773,0.005300921330882798,0.2547468,0.014011834170738976
46399,3033399,2017-01-13 20:01:50,0,0.0648622,0.027994586306919398,0.61891115,0.05940525516535102
46400,3033400,2017-01-13 20:02:10,0,0.09208934,0.034314222491449387,0.5878497,0.05282935196902194
46401,3033401,2017-01-13 20:02:13,0,0.013251304,0.011487749678601875,0.5138488,0.04018501869027879
46402,3033402,2017-01-13 20:02:32,0,0.025784666,0.016628136302389112,0.31433827,0.01847335240402786
46403,3033403,2017-01-13 20:02:47,0,0.0064649046,0.007725849014950831,0.41119447,0.02738672485819613
46404,3033404,2017-01-13 20:03:01,0,0.2729484,0.06824928050247264,0.42864078,0.029273376075127398
46405,3033405,2017-01-13 20:03:31,0,0.0752771,0.03050609714549399,0.2842288,0.016138290258909588
46406,3033406,2017-01-13 20:03:33,0,0.010529205,0.010115236624869989,0.40549567,0.026791710561507417
46407,3033407,2017-01-13 20:04:03,0,0.0264788,0.016876487408504805,0.26738006,0.01490486638781724
46408,3033408,2017-01-13 20:04:07,0,0.010958627,0.01034134999722663,0.41429132,0.027714357879642198
46409,3033409,2017-01-13 20:04:14,0,0.098689534,0.035743678225853136,0.44992468,0.03171780013856845
46410,3033410,2017-01-13 20:04:15,0,0.017677272,0.013477842587462473,0.4497987,0.03170284056770441
46411,3033411,2017-01-13 20:04:23,0,0.020123918,0.014484203281733294,0.42921257,0.02933693374998313
46412,3033412,2017-01-13 20:04:34,0,0.15856934,0.04765870346458588,0.2516641,0.013797880932726648
46413,3033413,2017-01-13 20:04:59,0,0.04230945,0.021952190248396283,0.32281268,0.0191632141445655
46414,3033414,2017-01-13 20:05:12,0,0.002281102,0.004348458957019456,0.33158562,0.01989351015721124
46415,3033415,2017-01-13 20:05:25,0,0.05550828,0.025607359353015804,0.4027016,0.0265036481431552
46416,3033416,2017-01-13 20:05:27,0,0.0070399153,0.008097991156013406,0.2531692,0.01390215195918471
46417,3033417,2017-01-13 20:05:37,0,0.014354352,0.012007964559405908,0.3085087,0.018007401415809945
46418,3033418,2017-01-13 20:06:12,0,0.019462703,0.014217718273533108,0.28982183,0.01655896269143316
46419,3033419,2017-01-13 20:06:33,0,0.0031535309,0.005199015150757989,0.3058417,0.017796517009479536
46420,3033420,2017-01-13 20:06:38,0,0.042356048,0.02196583490141394,0.36461315,0.022801087502266722
46421,3033421,2017-01-13 20:06:44,0,0.025895916,0.016668129296542378,0.240079,0.013007213732093792
46422,3033422,2017-01-13 20:06:53,0,0.09779871,0.03555260281382759,0.185745,0.009557193102906876
46423,3033423,2017-01-13 20:06:54,0,0.003678661,0.005660069694910886,0.27265725,0.015285848120616416
46424,3033424,2017-01-13 20:06:56,0,0.008676728,0.009089151455363457,0.290628,0.016620072653242095
46425,3033425,2017-01-13 20:06:59,0,0.009990218,0.009825577371840845,0.1784857,0.009125532127038158
46426,3033426,2017-01-13 20:07:06,0,0.040706072,0.021478902677895883,0.2515716,0.013791484059391996
46427,3033427,2017-01-13 20:07:12,0,0.022473713,0.015402028330020384,0.2667479,0.014859546647127348
46428,3033428,2017-01-13 20:07:54,0,0.016488964,0.012967296615650265,0.2988659,0.017251561090318286
46429,3033429,2017-01-13 20:08:09,0,0.18991405,0.05344544307945945,0.21481964,0.011352917769354097
46430,3033430,2017-01-13 20:08:25,0,0.056402642,0.025841918227109247,0.59957445,0.05520648978964317
46431,3033431,2017-01-13 20:08:35,0,0.006634538,0.007837115566508061,0.22303534,0.011880897282014807
46432,3033432,2017-01-13 20:08:46,0,0.0055935173,0.007132462563939968,0.19230764,0.009952998731444968
46433,3033433,2017-01-13 20:08:52,0,0.005578396,0.007121814454925882,0.12821211,0.006299212074440234
46434,3033434,2017-01-13 20:09:02,0,0.009255915,0.009419569832688624,0.24093929,0.013065213223313681
46435,3033435,2017-01-13 20:09:09,0,0.024988823,0.016339871400302023,0.30722055,0.017905367410735114
46436,3033436,2017-01-13 20:09:27,0,0.027846927,0.0173580395594435,0.2888759,0.016487411295794764
46437,3033437,2017-01-13 20:09:54,0,0.07218756,0.02977506959083652,0.2270773,0.012144161265438224
46438,3033438,2017-01-13 20:09:59,0,0.008049417,0.008720029528312207,0.15853472,0.007971057783795194
46439,3033439,2017-01-13 20:10:07,0,0.03660167,0.020231406745064087,0.16738765,0.00847770955439038
46440,3033440,2017-01-13 20:10:13,0,0.24130927,0.06264689362423223,0.7691353,0.1116091249433489
46441,3033441,2017-01-13 20:10:22,0,0.37873727,0.08739069174290037,0.38654864,0.02488387466240868
46442,3033442,2017-01-13 20:10:50,0,0.038329486,0.02076319284163838,0.22728881,0.012158002012578016
46443,3033443,2017-01-13 20:10:52,0,0.005223244,0.006867903775838471,0.22416098,0.011953978424453542
46444,3033444,2017-01-13 20:11:02,0,0.03148624,0.0185926436801038,0.46811178,0.033943165129140425
46445,3033445,2017-01-13 20:11:21,0,0.01311216,0.011420798917070625,0.258424,0.014269057486286183
46446,3033446,2017-01-13 20:11:34,0,0.036246482,0.020120818985902265,0.24923195,0.01363014813401674
46447,3033447,2017-01-13 20:11:38,0,0.16925372,0.04965383490902285,0.24454392,0.0133094666721566
46448,3033448,2017-01-13 20:11:45,0,0.10766417,0.037639279931083985,0.21467523,0.011343721578699636
46449,3033449,2017-01-13 20:11:59,0,0.076165155,0.030714221805825268,0.7919163,0.12487749422187758
46450,3033450,2017-01-13 20:12:18,0,0.5772918,0.13009981783123636,0.43024513,0.029451995117382997
46451,3033451,2017-01-13 20:12:26,0,0.008860787,0.009195187043860133,0.16890337,0.00856534229070029
46452,3033452,2017-01-13 20:12:29,0,0.33099183,0.07861392410899552,0.32980758,0.01974414383018665
46453,3033453,2017-01-13 20:12:38,0,0.011973672,0.010860780372305102,0.23940864,0.01296209720716324
46454,3033454,2017-01-13 20:12:46,0,0.072040305,0.02973994883759733,0.34011406,0.020619769342644707
46455,3033455,2017-01-13 20:12:53,0,0.05523089,0.025534314887268546,0.3338984,0.02008884550671588
46456,3033456,2017-01-13 20:12:55,0,0.079558216,0.03150162096116932,0.25166538,0.01379796955878427
46457,3033457,2017-01-13 20:13:23,0,0.0127598,0.011249844908600577,0.26907432,0.015026662165737314
46458,3033458,2017-01-13 20:13:34,0,0.04425935,0.022518110725026366,0.33915478,0.02053725812299533
46459,3033459,2017-01-13 20:14:48,0,0.010617741,0.010162184300033641,0.17669088,0.009019783196549598
46460,3033460,2017-01-13 20:15:35,0,0.1083452,0.03778107639464187,0.41106993,0.027373612398550632
46461,3033461,2017-01-13 20:15:36,0,0.07199736,0.029729701278801694,0.51741725,0.040715823621123165
46462,3033462,2017-01-13 20:15:51,0,0.20502785,0.05617707095231493,0.7813746,0.11845325080185426
46463,3033463,2017-01-13 20:16:04,0,0.3566004,0.08328232515409202,0.89198756,0.23049243582156612
46464,3033464,2017-01-13 20:16:14,0,0.053355865,0.02503678823894747,0.39296022,0.02551769434291404
46465,3033465,2017-01-13 20:16:30,0,0.019192727,0.014107788993159788,0.29102656,0.01665033124346927
46466,3033466,2017-01-13 20:16:40,0,0.040440254,0.02139971291106689,0.5862409,0.052512411668484374
46467,3033467,2017-01-13 20:16:40,0,0.011072975,0.010400896861787006,0.32648993,0.019467291496729353
46468,3033468,2017-01-13 20:16:56,0,0.010679058,0.010194596936210967,0.4245008,0.02881652577413213
46469,3033469,2017-01-13 20:17:07,0,0.029296484,0.017857469918361065,0.31124136,0.018224960624068372
46470,3033470,2017-01-13 20:17:14,0,0.024232745,0.016062365119727733,0.37570328,0.023837962587169925
46471,3033471,2017-01-13 20:17:31,0,0.014326913,0.011995241296438074,0.26597202,0.014804017083912057
46472,3033472,2017-01-13 20:17:37,0,0.030575985,0.018289731284868695,0.28612867,0.016280542511597374
46473,3033473,2017-01-13 20:17:57,0,0.008869406,0.009200128027231476,0.33325544,0.020034422639604425
46474,3033474,2017-01-13 20:18:00,0,0.58266747,0.13148656010075407,0.61013705,0.0574549000601907
46475,3033475,2017-01-13 20:18:14,0,0.096391,0.03524950785409273,0.5024741,0.03853804953672425
46476,3033476,2017-01-13 20:18:54,0,0.0037818842,0.0057471419649015735,0.31117544,0.01821969445461171
46477,3033477,2017-01-13 20:19:31,0,0.014629824,0.012135115474250346,0.3032732,0.01759475350913854
46478,3033478,2017-01-13 20:19:45,0,0.055781,0.025679037434314916,0.20829703,0.01094038500991932
46479,3033479,2017-01-13 20:19:54,0,0.021544887,0.015044412166553318,0.25121352,0.013766735815795319
46480,3033480,2017-01-13 20:19:54,0,0.09341036,0.03460294234363007,0.6209014,0.05985862240890223
46481,3033481,2017-01-13 20:20:02,0,0.09747718,0.03548349916937466,0.2981355,0.01719504710240377
46482,3033482,2017-01-13 20:20:14,0,0.050922982,0.024380970147941366,0.30635014,0.017836610174536253
46483,3033483,2017-01-13 20:20:15,0,0.02153324,0.01503988619808887,0.56192124,0.04797160316716052
46484,3033484,2017-01-13 20:20:21,0,0.07016337,0.029289979935051634,0.41743946,0.028050572306312284
46485,3033485,2017-01-13 20:20:40,0,0.3138417,0.07552716200059141,0.6580599,0.06915960904060008
46486,3033486,2017-01-13 20:20:57,0,0.005071349,0.006756961639991512,0.16453315,0.008313384869575202
46487,3033487,2017-01-13 20:21:05,0,0.14123692,0.04435706781738245,0.63203096,0.06247253169326744
46488,3033488,2017-01-13 20:21:53,0,0.16242264,0.04838137749157139,0.483919,0.03598964662386462
46489,3033489,2017-01-13 20:22:04,0,0.028555876,0.017603636038839486,0.40724137,0.02697290523746685
46490,3033490,2017-01-13 20:22:05,0,0.053897735,0.025181257133095623,0.45845702,0.03274534144502641
46491,3033491,2017-01-13 20:22:20,0,0.02311789,0.01564633428604846,0.27498302,0.015455281843677483
46492,3033492,2017-01-13 20:22:21,0,0.02400906,0.01597955952945785,0.28633663,0.016296153550751955
46493,3033493,2017-01-13 20:22:49,0,0.0055867503,0.0071276990168706224,0.35422316,0.02185820842555741
46494,3033494,2017-01-13 20:22:58,0,0.026212217,0.016781438605298973,0.23364769,0.01257716744014245
46495,3033495,2017-01-13 20:22:59,0,0.010083778,0.00987634457496057,0.5162937,0.04054795137765163
46496,3033496,2017-01-13 20:23:09,0,0.0009100851,0.002619231613463378,0.24993192,0.013678325091231402
46497,3033497,2017-01-13 20:23:12,0,0.023631642,0.015839092638824867,0.45454213,0.032270343453487414
46498,3033498,2017-01-13 20:23:13,0,0.009982355,0.00982130111645783,0.36560994,0.02289297533345682
46499,3033499,2017-01-13 20:23:37,0,0.020118818,0.014482162495252925,0.5289889,0.042485844536488314
46500,3033500,2017-01-13 20:23:47,0,0.026116429,0.016747185723970843,0.32736063,0.019539718288182007
46501,3033501,2017-01-13 20:23:48,0,0.026870517,0.017015418317873492,0.4396737,0.030519978720367085
46502,3033502,2017-01-13 20:23:51,0,0.14422935,0.04493365995255019,0.26877162,0.015004865857089295
46503,3033503,2017-01-13 20:24:06,0,0.006592953,0.007809957471588613,0.25528598,0.014049413056695362
46504,3033504,2017-01-13 20:24:10,0,0.02978619,0.018023829036908422,0.4796004,0.035419625325064055
46505,3033505,2017-01-13 20:24:37,0,0.03133578,0.01854282899673952,0.27031997,0.015116520989583068
46506,3033506,2017-01-13 20:24:45,0,0.021643067,0.015082522330672357,0.66052,0.06983751287572483
46507,3033507,2017-01-13 20:25:13,0,0.1264726,0.04146459382892908,0.7667406,0.11034020241165167
46508,3033508,2017-01-13 20:25:22,0,0.0039652293,0.00589921794320041,0.25291276,0.013884360030459722
46509,3033509,2017-01-13 20:25:45,0,0.01842202,0.013790228632991007,0.46414778,0.03344674716910846
46510,3033510,2017-01-13 20:25:48,0,0.058380153,0.026355532968713395,0.42052144,0.02838284846946303
46511,3033511,2017-01-13 20:26:12,0,0.0619257,0.027260105651105055,0.3987998,0.026105348019603156
46512,3033512,2017-01-13 20:26:25,0,0.13526478,0.0431970719334633,0.3394894,0.02056601622832257
46513,3033513,2017-01-13 20:26:26,0,0.03675593,0.02027929813839644,0.30360848,0.017621016510672185
46514,3033514,2017-01-13 20:26:36,0,0.09603441,0.03517250266203641,0.36707217,0.023028228738311618
46515,3033515,2017-01-13 20:26:39,0,0.06949278,0.029128155306319892,0.35851395,0.022244330918868387
46516,3033516,2017-01-13 20:27:12,0,0.020453162,0.014615485291580183,0.36700538,0.02302203902949499
46517,3033517,2017-01-13 20:27:17,0,0.0046887673,0.006470750509062772,0.17338257,0.008825860858180753
46518,3033518,2017-01-13 20:27:20,0,0.122622095,0.0406956066268082,0.4642475,0.03345915533754327
46519,3033519,2017-01-13 20:27:31,0,0.07467577,0.030364671820942733,0.30123523,0.01743558800258346
46520,3033520,2017-01-13 20:27:36,0,0.08262392,0.032202968968643414,0.34120852,0.02071416612369677
46521,3033521,2017-01-13 20:28:00,0,0.042595763,0.022035934882643216,0.34794173,0.021301027346522006
46522,3033522,2017-01-13 20:28:40,0,0.27241763,0.06815526738153091,0.48627603,0.03630433087103874
46523,3033523,2017-01-13 20:28:56,0,0.25059825,0.064292623367826,0.1856288,0.00955023300226415
46524,3033524,2017-01-13 20:29:16,0,0.09847675,0.0356980886499886,0.33708033,0.020359544298259813
46525,3033525,2017-01-13 20:29:20,0,0.1441254,0.044913679986432094,0.42480636,0.02885004596695483
46526,3033526,2017-01-13 20:29:39,0,0.094906725,0.03492836694744013,0.57330376,0.050040222519497204
46527,3033527,2017-01-13 20:30:03,0,0.044160895,0.02248977944357608,0.21772644,0.011538643188697722
46528,3033528,2017-01-13 20:30:06,0,0.014350959,0.012006391895358034,0.25182024,0.013808680811611835
46529,3033529,2017-01-13 20:30:54,0,0.0023432348,0.004413400294855732,0.60614073,0.05659181210603657
46530,3033530,2017-01-13 20:31:12,0,0.21032198,0.057127547906329124,0.28690937,0.01633918865056296
46531,3033531,2017-01-13 20:31:28,0,0.18138464,0.05188937957956997,0.16808505,0.00851799802577576
46532,3033532,2017-01-13 20:31:46,0,0.15867883,0.04767929030653649,0.664452,0.0709388582584272
46533,3033533,2017-01-13 20:32:02,0,0.3055644,0.0740462967439485,0.369292,0.023234615936825027
46534,3033534,2017-01-13 20:32:04,0,0.035521947,0.019893840685587205,0.39809904,0.026034295622291273
46535,3033535,2017-01-13 20:32:10,0,0.11419597,0.03898837098386165,0.3842268,0.024657224875341145
46536,3033536,2017-01-13 20:32:22,0,0.2398911,0.06239542284989865,0.4562568,0.03247764197332218
46537,3033537,2017-01-13 20:33:16,0,0.06384751,0.02774222769808514,0.30595586,0.017805513524823804
46538,3033538,2017-01-13 20:33:28,0,0.100073576,0.03603945269219,0.5903322,0.05332270797950101
46539,3033539,2017-01-13 20:33:38,0,0.01621595,0.012847758867960113,0.22733097,0.012160761379771677
46540,3033540,2017-01-13 20:33:51,0,0.007939372,0.00865397659219354,0.3511611,0.021585408062824312
46541,3033541,2017-01-13 20:33:59,0,0.0066945157,0.00787615223997139,0.6004939,0.05539807057797655
46542,3033542,2017-01-13 20:34:34,0,0.026737498,0.016968337040074027,0.20280313,0.010597356379652565
46543,3033543,2017-01-13 20:35:35,0,0.030516213,0.018269709165260203,0.4574448,0.032621944451890116
46544,3033544,2017-01-13 20:35:53,0,0.6728866,0.1579362713907657,0.39198357,0.02542038501187378
46545,3033545,2017-01-13 20:35:54,0,0.038652416,0.020861485545120656,0.38089517,0.02433462598446227
46546,3033546,2017-01-13 20:36:00,0,0.04516116,0.022776447193581097,0.28168193,0.015948621135584744
46547,3033547,2017-01-13 20:36:12,0,0.08895041,0.03362259570007637,0.595275,0.05432077783465537
46548,3033548,2017-01-13 20:37:03,0,0.09452385,0.03484526127914461,0.26485947,0.0147245686320996
46549,3033549,2017-01-13 20:37:46,0,0.01577572,0.012653140781346597,0.2586341,0.014283818999044316
46550,3033550,2017-01-13 20:37:47,0,0.090791285,0.034029180787151725,0.48391655,0.035989321676791405
46551,3033551,2017-01-13 20:38:19,0,0.049652684,0.024033669719936233,0.24377288,0.013257051590552786
46552,3033552,2017-01-13 20:38:24,0,0.053128637,0.024976036950562604,0.23435265,0.012624003909530803
46553,3033553,2017-01-13 20:38:28,0,0.07668517,0.030835690614462556,0.5663745,0.048769540396573635
46554,3033554,2017-01-13 20:38:44,0,0.012946179,0.011340525025902843,0.22094667,0.011745770916396716
46555,3033555,2017-01-13 20:38:56,0,0.38898978,0.08932077530030896,0.314387,0.018477276298193006
46556,3033556,2017-01-13 20:39:27,0,0.38423747,0.08842381027430202,0.20409788,0.010677837346809417
46557,3033557,2017-01-13 20:39:33,0,0.21102236,0.05725307985390781,0.3179063,0.018761977617570452
46558,3033558,2017-01-13 20:39:39,0,0.045635145,0.022911398073746665,0.4078814,0.0270395740766853
46559,3033559,2017-01-13 20:39:47,0,0.0072858934,0.008253031342151948,0.17636622,0.00900069603961117
46560,3033560,2017-01-13 20:40:22,0,0.23243709,0.0610723793075406,0.586799,0.05262212252377855
46561,3033561,2017-01-13 20:40:32,0,0.06994065,0.02923629669328729,0.8188702,0.14403016368279833
46562,3033562,2017-01-13 20:41:26,0,0.009408416,0.009505031846356494,0.27130723,0.015187929511015242
46563,3033563,2017-01-13 20:41:51,0,0.02453045,0.016172067564086498,0.23698443,0.012799511080454152
46564,3033564,2017-01-13 20:42:16,0,0.07841987,0.031238801523089537,0.29771096,0.017162247481752983
46565,3033565,2017-01-13 20:42:32,0,0.8636823,0.2588720036058075,0.32904416,0.01968022529536923
46566,3033566,2017-01-13 20:42:38,0,0.096434385,0.03525887035638577,0.26631713,0.014828704234906925
46567,3033567,2017-01-13 20:43:03,0,0.0029495095,0.005010695572422855,0.1682763,0.008529055616920732
46568,3033568,2017-01-13 20:43:15,0,0.039205793,0.021029144041912844,0.5921383,0.05368494074816508
46569,3033569,2017-01-13 20:43:28,0,0.022452187,0.015393812833931363,0.32324487,0.019198802553291667
46570,3033570,2017-01-13 20:43:34,0,0.025041832,0.01635919231781363,0.26725563,0.014895941085341417
46571,3033571,2017-01-13 20:44:42,0,0.07477152,0.03038721941803351,0.6148732,0.05849802379562258
46572,3033572,2017-01-13 20:44:55,0,0.064701,0.027954593710773967,0.47352526,0.034631774688162614
46573,3033573,2017-01-13 20:45:02,0,0.11866004,0.039897209260116376,0.37132493,0.02342475407035231
46574,3033574,2017-01-13 20:45:06,0,0.018860018,0.013971390724549303,0.42705792,0.029098016855533187
46575,3033575,2017-01-13 20:45:26,0,0.07235494,0.029814960344580074,0.30753392,0.0179301589952675
46576,3033576,2017-01-13 20:45:27,0,0.041470382,0.021705436857114166,0.44046175,0.030610684510738184
46577,3033577,2017-01-13 20:45:38,0,0.043817658,0.022390811712095032,0.2681721,0.01496174212875715
46578,3033578,2017-01-13 20:47:38,0,0.06168595,0.027199567123560715,0.1961991,0.010190258232941165
46579,3033579,2017-01-13 20:47:46,0,0.12344626,0.04086076134657871,0.30833355,0.01799350840180034
46580,3033580,2017-01-13 20:47:59,0,0.12770136,0.04170861935571119,0.7455737,0.10000181133023338
46581,3033581,2017-01-13 20:48:15,0,0.009224615,0.009401952328246964,0.3742833,0.023703394272166875
46582,3033582,2017-01-13 20:48:16,0,0.030870954,0.018388298647466526,0.43037868,0.029466903296467374
46583,3033583,2017-01-13 20:48:23,0,0.08056071,0.03173198364680128,0.3529434,0.021743916891609188
46584,3033584,2017-01-13 20:48:31,0,0.255551,0.06516944381685717,0.3069819,0.017886499820646766
46585,3033585,2017-01-13 20:48:33,0,0.21073507,0.057201592934813715,0.6672124,0.07172548666715697
46586,3033586,2017-01-13 20:48:38,0,0.032813944,0.01902799193290969,0.2691665,0.0150333026658648
46587,3033587,2017-01-13 20:49:04,0,0.040034823,0.02127852247003864,0.35866028,0.02225757912386633
46588,3033588,2017-01-13 20:49:05,0,0.051610913,0.024567630497818748,0.26572725,0.014786520151576369
46589,3033589,2017-01-13 20:49:07,0,0.10587762,0.03726599193863392,0.6882325,0.07810760188697718
46590,3033590,2017-01-13 20:49:12,0,0.025909463,0.016672994281708202,0.23336528,0.012558425443024532
46591,3033591,2017-01-13 20:49:18,0,0.058983143,0.026510816272007368,0.2910382,0.016651214060967624
46592,3033592,2017-01-13 20:49:31,0,0.15766138,0.04748787118792601,0.28260595,0.01601729871339858
46593,3033593,2017-01-13 20:50:35,0,0.0138743045,0.011783803015708656,0.35191914,0.021652731679145
46594,3033594,2017-01-13 20:50:43,0,0.015818821,0.012672299008017335,0.3007745,0.017399718603945433
46595,3033595,2017-01-13 20:51:04,0,0.044868752,0.022692910811421864,0.37774643,0.02403254101341866
46596,3033596,2017-01-13 20:51:24,0,0.015155099,0.012374699657140494,0.42418912,0.028782367794812313
46597,3033597,2017-01-13 20:51:26,0,0.2870576,0.07075120120917627,0.38451356,0.024685135453344005
46598,3033598,2017-01-13 20:52:12,0,0.001798364,0.003813911012046395,0.2281337,0.012213354577215028
46599,3033599,2017-01-13 20:52:14,0,0.04315201,0.022197987663521344,0.24201334,0.013137782670825578
46600,3033600,2017-01-13 20:52:21,0,0.13194172,0.04254590731306168,0.3615441,0.022519762534267754
46601,3033601,2017-01-13 20:52:31,0,0.05956551,0.0266602153997664,0.33894762,0.02051946745704168
46602,3033602,2017-01-13 20:53:00,0,0.09952693,0.03592278927833332,0.26049787,0.01441509902720604
46603,3033603,2017-01-13 20:53:06,0,0.053225383,0.025001915095961762,0.28330332,0.016069232841931902
46604,3033604,2017-01-13 20:53:54,0,0.075843394,0.030638914568005788,0.22623692,0.012089231726866148
46605,3033605,2017-01-13 20:54:04,0,0.06596037,0.02826605604430433,0.21044505,0.011075601231761167
46606,3033606,2017-01-13 20:54:04,0,0.4162644,0.09455409637682284,0.8225441,0.14700164690990947
46607,3033607,2017-01-13 20:54:13,0,0.08903192,0.03364065763541919,0.31143826,0.01824069534546447
46608,3033608,2017-01-13 20:54:20,0,0.012485495,0.011115318949405194,0.74195856,0.09837949876028448
46609,3033609,2017-01-13 20:54:34,0,0.028667921,0.017642214730933924,0.3237413,0.019239728621728593
46610,3033610,2017-01-13 20:55:13,0,0.017393421,0.013357281457524761,0.38848627,0.025074181882354975
46611,3033611,2017-01-13 20:55:19,0,0.2720246,0.06808565589766406,0.31529003,0.018550085240271654
46612,3033612,2017-01-13 20:55:19,0,0.04004242,0.021280797585811414,0.49697906,0.03776602783630305
46613,3033613,2017-01-13 20:55:31,0,0.02001838,0.014441925757161623,0.34641764,0.02116725779265488
46614,3033614,2017-01-13 20:55:33,0,0.20945714,0.056972475588313046,0.6402764,0.0644996835510316
46615,3033615,2017-01-13 20:55:55,0,0.1559331,0.047162096679610715,0.23086035,0.0123927012842033
46616,3033616,2017-01-13 20:56:07,0,0.011767913,0.010757105882230366,0.1969328,0.010235207071080906
46617,3033617,2017-01-13 20:56:12,0,0.053608492,0.02510421216608167,0.7498618,0.10197721864636634
46618,3033618,2017-01-13 20:56:14,0,0.05183335,0.02462777689975747,0.2678626,0.014939504322920584
46619,3033619,2017-01-13 20:56:25,0,0.051315147,0.024487498844746936,0.22195998,0.011811249737390384
46620,3033620,2017-01-13 20:56:34,0,0.19520737,0.054405545795360104,0.24425901,0.013290087983157896
46621,3033621,2017-01-13 20:56:42,0,0.15317334,0.046640218762864845,0.30968285,0.01810069607034555
46622,3033622,2017-01-13 20:57:10,0,0.0699469,0.029237804259118202,0.500264,0.038225734966385316
46623,3033623,2017-01-13 20:57:10,0,0.08787881,0.033384614439224664,0.30386832,0.017641386126101784
46624,3033624,2017-01-13 20:57:41,0,0.041685473,0.021768881785198944,0.23728292,0.01281948189624945
46625,3033625,2017-01-13 20:57:47,0,0.098804936,0.03576839057176459,0.23509313,0.012673280231643283
46626,3033626,2017-01-13 20:57:56,0,0.03784056,0.020613727453518523,0.15640526,0.007850488663007133
46627,3033627,2017-01-13 20:58:06,0,0.019597834,0.014272493564143833,0.22573797,0.012056667181935939
46628,3033628,2017-01-13 20:58:39,0,0.073601425,0.03011097847435474,0.3940587,0.025627473495452035
46629,3033629,2017-01-13 20:58:41,0,0.02419716,0.01604921355862886,0.45515072,0.03234378810519482
46630,3033630,2017-01-13 20:58:49,0,0.018269243,0.01372659916148695,0.18553905,0.009544858312470804
46631,3033631,2017-01-13 20:58:57,0,0.030555464,0.0182828592282911,0.29289436,0.016792524590028973
46632,3033632,2017-01-13 20:59:05,0,0.0010809762,0.0028801248085383348,0.21170191,0.0111550098324965
46633,3033633,2017-01-13 20:59:37,0,0.03312157,0.01912780720640585,0.23478921,0.012653045362688211
46634,3033634,2017-01-13 20:59:38,0,0.050513256,0.024269326740430586,0.31394032,0.01844132433791575
46635,3033635,2017-01-13 20:59:40,0,0.063592985,0.027678690840334218,0.375933,0.023859783332867566
46636,3033636,2017-01-13 20:59:48,0,0.13570443,0.04328290662326233,0.22145413,0.011778544163208048
46637,3033637,2017-01-13 20:59:55,0,0.034626488,0.019610657466656866,0.35703614,0.022110832588954084
46638,3033638,2017-01-13 21:00:12,0,0.16446687,0.04876329310588918,0.3582639,0.022221705264373753
46639,3033639,2017-01-13 21:00:20,0,0.46096045,0.10350745334201394,0.5412619,0.04444901042625547
46640,3033640,2017-01-13 21:01:00,0,0.092375726,0.03437693015508855,0.3097879,0.0181090568200265
46641,3033641,2017-01-13 21:01:31,0,0.060977504,0.02702016019238478,0.24148992,0.01310239511002125
46642,3033642,2017-01-13 21:01:41,0,0.26336557,0.06655260694719209,0.4711055,0.03432243142259535
46643,3033643,2017-01-13 21:02:02,0,0.20785625,0.056685225251596326,0.15291865,0.00765414601283363
46644,3033644,2017-01-13 21:02:05,0,0.37798396,0.08724960056466935,0.4104643,0.027309917837100073
46645,3033645,2017-01-13 21:02:12,0,0.025239019,0.01643091135659244,0.14722754,0.007336461424326742
46646,3033646,2017-01-13 21:02:13,0,0.06906887,0.02902556435848531,0.6946504,0.08020628426185611
46647,3033647,2017-01-13 21:02:16,0,0.12544763,0.04126053829210756,0.59364533,0.05398935823138609
46648,3033648,2017-01-13 21:02:18,0,0.0060403063,0.007441490822828906,0.19499989,0.01011693763702385
46649,3033649,2017-01-13 21:02:27,0,0.05364235,0.025113239490144657,0.19257371,0.009969159922514044
46650,3033650,2017-01-13 21:02:55,0,0.03888385,0.02093172227911786,0.28844425,0.016454815134241983
46651,3033651,2017-01-13 21:03:24,0,0.6133407,0.139755462488525,0.35501367,0.021929005053775454
46652,3033652,2017-01-13 21:03:30,0,0.062237903,0.027338805770845978,0.3526255,0.0217155880139034
46653,3033653,2017-01-13 21:03:39,0,0.04632644,0.023107221491097257,0.242484,0.013169639760644475
46654,3033654,2017-01-13 21:03:47,0,0.104948424,0.03707107259395203,0.40505937,0.02674657110735
46655,3033655,2017-01-13 21:04:04,0,0.13185778,0.0425294037775222,0.3182832,0.018792621198067568
46656,3033656,2017-01-13 21:04:16,0,0.042032838,0.021871064208123677,0.30721396,0.017904846561729047
46657,3033657,2017-01-13 21:04:29,0,0.043936383,0.022425079565687893,0.33852956,0.02048359346232198
46658,3033658,2017-01-13 21:04:43,0,0.051236156,0.02446606725390512,0.32331967,0.019204966226563622
46659,3033659,2017-01-13 21:05:14,0,0.004430775,0.006271813621716652,0.5542744,0.04663423006653401
46660,3033660,2017-01-13 21:05:42,0,0.009232851,0.00940659044445716,0.5507463,0.046030736375549115
46661,3033661,2017-01-13 21:05:45,0,0.16140187,0.04819029399505347,0.43201038,0.029649559284638152
46662,3033662,2017-01-13 21:05:54,0,0.0682771,0.028833325042266097,0.28714678,0.016357044663328015
46663,3033663,2017-01-13 21:06:07,0,0.032972436,0.019079466143851514,0.14945002,0.007460113343519294
46664,3033664,2017-01-13 21:06:08,0,0.22533679,0.05980955917557606,0.20730813,0.010878343109794505
46665,3033665,2017-01-13 21:06:33,0,0.28190958,0.06983757438088395,0.36279544,0.022634178703679612
46666,3033666,2017-01-13 21:06:42,0,0.016782021,0.013094654646125635,0.18433727,0.009472984583371495
46667,3033667,2017-01-13 21:07:04,0,0.37686357,0.08703993559750367,0.30579782,0.01779305768062913
46668,3033668,2017-01-13 21:07:56,0,0.08127351,0.03189517016219518,0.32081646,0.018999353426363146
46669,3033669,2017-01-13 21:08:01,0,0.44199687,0.09964462633246302,0.33217832,0.019943456586972524
46670,3033670,2017-01-13 21:08:05,0,0.05413703,0.025244876113991805,0.5978973,0.054859012381293974
46671,3033671,2017-01-13 21:08:28,0,0.49863994,0.11151490496616841,0.30493292,0.01772498000277382
46672,3033672,2017-01-13 21:09:01,0,0.05178816,0.024615565423892496,0.5336783,0.04322518531716969
46673,3033673,2017-01-13 21:09:09,0,0.21364293,0.05772236301232887,0.37585968,0.02385281772545661
46674,3033674,2017-01-13 21:09:26,0,0.02022584,0.014524941747968227,0.33640105,0.020301563659174147
46675,3033675,2017-01-13 21:09:57,0,0.08076361,0.03177848621970878,0.28911433,0.01650543003512632
46676,3033676,2017-01-13 21:10:00,0,0.07869256,0.03130188171471847,0.28969973,0.01654971750223546
46677,3033677,2017-01-13 21:10:01,0,0.023931999,0.01595095607874726,0.17174348,0.008730258644604472
46678,3033678,2017-01-13 21:10:16,0,0.14520508,0.04512103108243577,0.2524683,0.013853548390790107
46679,3033679,2017-01-13 21:10:27,0,0.16235542,0.04836880222481833,0.26249686,0.01455654069385289
46680,3033680,2017-01-13 21:10:27,0,0.05846,0.02637613059079002,0.17918304,0.00916672145252515
46681,3033681,2017-01-13 21:10:45,0,0.102622636,0.03658081321762885,0.34580272,0.021113442247366564
46682,3033682,2017-01-13 21:10:52,0,0.06388471,0.027751506080575594,0.27951184,0.01578793273749548
46683,3033683,2017-01-13 21:10:54,0,0.006893221,0.008004380145216093,0.2755288,0.015495178239065535
46684,3033684,2017-01-13 21:11:51,0,0.097100906,0.03540253567303494,0.34004563,0.020613876757872754
46685,3033685,2017-01-13 21:11:53,0,0.12700151,0.041569711169810605,0.21437472,0.011324593486853286
46686,3033686,2017-01-13 21:12:06,0,0.111655235,0.038466434160287825,0.5200958,0.04111883549167373
46687,3033687,2017-01-13 21:12:09,0,0.003623515,0.005613103606610802,0.35072604,0.021546832798341967
46688,3033688,2017-01-13 21:12:37,0,0.012983775,0.011358746925484754,0.38272908,0.024511822080488417
46689,3033689,2017-01-13 21:12:39,0,0.03080069,0.018364855423687258,0.47076333,0.03427889166292113
46690,3033690,2017-01-13 21:12:57,0,0.00845088,0.008957667461614733,0.2769295,0.015597810992027618
46691,3033691,2017-01-13 21:13:09,0,0.20379417,0.05595515502171466,0.34855118,0.02135467358078636
46692,3033692,2017-01-13 21:13:16,0,0.31573188,0.07586607526610065,0.28454614,0.016162004912595607
46693,3033693,2017-01-13 21:13:23,0,0.30402783,0.0737719368942501,0.46691558,0.03379267453477732
46694,3033694,2017-01-13 21:13:33,0,0.01164438,0.010694478292840355,0.2977495,0.0171652232319147
46695,3033695,2017-01-13 21:13:34,0,0.12375301,0.040922151394203396,0.64845103,0.06659087512215574
46696,3033696,2017-01-13 21:13:53,0,0.04134741,0.0216691042025537,0.31376332,0.018427089698114355
46697,3033697,2017-01-13 21:13:53,0,0.049573947,0.024012028373634843,0.3517024,0.02163346746667462
46698,3033698,2017-01-13 21:13:54,0,0.11989645,0.04014716435391243,0.27331492,0.01533366479110791
46699,3033699,2017-01-13 21:14:08,0,0.105229005,0.03712998676401445,0.2764232,0.015560672697725531
46700,3033700,2017-01-13 21:14:15,0,0.1412444,0.04435851290301103,0.7651634,0.10951626276814663
46701,3033701,2017-01-13 21:14:57,0,0.08590363,0.032943375059479384,0.6119304,0.05784725741031753
46702,3033702,2017-01-13 21:15:12,0,0.017179405,0.013265814838617457,0.31350836,0.018406596306085946
46703,3033703,2017-01-13 21:15:24,0,0.06732209,0.02860035865868004,0.38453683,0.024687401910967244
46704,3033704,2017-01-13 21:15:46,0,0.10201037,0.036451174251718996,0.55041486,0.04597446706700971
46705,3033705,2017-01-13 21:15:57,0,0.12808412,0.04178450413916725,0.5797697,0.05125909628999658
46706,3033706,2017-01-13 21:16:32,0,0.054886688,0.025443479242994668,0.2530045,0.013890722975010235
46707,3033707,2017-01-13 21:16:37,0,0.087001786,0.03318911464789631,0.36659843,0.02298434838161511
46708,3033708,2017-01-13 21:16:56,0,0.039369345,0.02107851047566204,0.4336787,0.029837274481965208
46709,3033709,2017-01-13 21:17:26,0,0.027925014,0.01738521929787361,0.17816107,0.009106376558365489
46710,3033710,2017-01-13 21:18:06,0,0.020806817,0.014755489128710421,0.43710837,0.030226267745192426
46711,3033711,2017-01-13 21:18:58,0,0.018414047,0.01378691327414422,0.26384175,0.014652074308830344
46712,3033712,2017-01-13 21:19:47,0,0.016258102,0.012866271741541556,0.24280417,0.01319132962152385
46713,3033713,2017-01-13 21:20:00,0,0.1264476,0.04145962135890158,0.27036422,0.01511971846542486
46714,3033714,2017-01-13 21:20:07,0,0.020486053,0.014628549711905631,0.33969587,0.020583773588711274
46715,3033715,2017-01-13 21:20:43,0,0.12129625,0.0404292628577331,0.5192218,0.040986893186846736
46716,3033716,2017-01-13 21:20:45,0,0.05832363,0.026340945531328545,0.46652073,0.03374313077494466
46717,3033717,2017-01-13 21:20:56,0,0.06694321,0.02850759749508334,0.122040115,0.0059702021579080625
46718,3033718,2017-01-13 21:21:09,0,0.025246345,0.01643357121730235,0.35600105,0.02201764836958372
46719,3033719,2017-01-13 21:21:24,0,0.028391644,0.017546973608152338,0.42390227,0.028750959456706145
46720,3033720,2017-01-13 21:21:35,0,0.13910525,0.043944479153222804,0.49193445,0.037070307844214306
46721,3033721,2017-01-13 21:21:36,0,0.12928501,0.04202218531148754,0.44373983,0.03099042934358164
46722,3033722,2017-01-13 21:21:41,0,0.4490852,0.10107666819985223,0.29573482,0.017010025288018687
46723,3033723,2017-01-13 21:21:49,0,0.14941904,0.04592681182050287,0.41090217,0.027355958018570065
46724,3033724,2017-01-13 21:21:49,0,0.4937626,0.11045083694200057,0.67367256,0.07361130007503357
46725,3033725,2017-01-13 21:21:56,0,0.20825827,0.056757384386846195,0.6006313,0.05542676352110423
46726,3033726,2017-01-13 21:22:11,0,0.06191207,0.027256666174492718,0.32147738,0.019053512298028815
46727,3033727,2017-01-13 21:22:17,0,0.08540703,0.03283189812871446,0.250072,0.013687976149250596
46728,3033728,2017-01-13 21:22:17,0,0.12725872,0.041620787138450015,0.43292937,0.029752841208756726
46729,3033729,2017-01-13 21:22:21,0,0.03250966,0.018928876921860793,0.23664072,0.012776530981913043
46730,3033730,2017-01-13 21:22:34,0,0.02384883,0.015920041430876327,0.37144983,0.023436471329363898
46731,3033731,2017-01-13 21:23:02,0,0.060757652,0.02696432495990575,0.33141488,0.01987913685646622
46732,3033732,2017-01-13 21:23:11,0,0.41905862,0.09509917170713456,0.39668548,0.02589141698231137
46733,3033733,2017-01-13 21:23:19,0,0.1579298,0.04753839571347387,0.57565916,0.05048045243481976
46734,3033734,2017-01-13 21:23:23,0,0.020218452,0.014521992031385033,0.33554557,0.02022869232286738
46735,3033735,2017-01-13 21:23:38,0,0.30454478,0.07386422193076368,0.55229276,0.046294232307497726
46736,3033736,2017-01-13 21:23:45,0,0.094450004,0.03482922065742323,0.5724544,0.04988252012049767
46737,3033737,2017-01-13 21:23:49,0,0.040810198,0.021509865408350155,0.2907145,0.016626638153704576
46738,3033738,2017-01-13 21:23:55,0,0.06931376,0.02908485770464571,0.43203297,0.0296520945803142
46739,3033739,2017-01-13 21:24:01,0,0.03659059,0.020227963985727206,0.2808881,0.015889743708215325
46740,3033740,2017-01-13 21:24:03,0,0.03217806,0.018820423735406,0.4154524,0.02783798474850791
46741,3033741,2017-01-13 21:24:09,0,0.109791845,0.03808137932628785,0.31709254,0.018695918890978193
46742,3033742,2017-01-13 21:24:27,0,0.1235652,0.040884568825662056,0.3367408,0.020330549838934987
46743,3033743,2017-01-13 21:24:35,0,0.034664813,0.019622839345059574,0.34626964,0.021154297200490613
46744,3033744,2017-01-13 21:24:42,0,0.062092055,0.027302058596397956,0.35127524,0.021595536391653524
46745,3033745,2017-01-13 21:24:43,0,0.07119924,0.029538848556489205,0.50694364,0.03917719244074826
46746,3033746,2017-01-13 21:24:50,0,0.15011008,0.04605843482302895,0.68357635,0.07663096985484416
46747,3033747,2017-01-13 21:25:28,0,0.06954555,0.02914091082812177,0.31655303,0.01865219845185747
46748,3033748,2017-01-13 21:25:47,0,0.12495358,0.04116201719087094,0.27846012,0.015710358100147422
46749,3033749,2017-01-13 21:25:48,0,0.006216371,0.007560451416261464,0.28754833,0.01638727060084101
46750,3033750,2017-01-13 21:25:54,0,0.032328784,0.018869777563596656,0.28152832,0.015937219670733076
46751,3033751,2017-01-13 21:26:02,0,0.14660138,0.04538863721832093,0.21513876,0.011373250495357142
46752,3033752,2017-01-13 21:26:17,0,0.25669315,0.06537161128283878,0.36654884,0.022979758312867915
46753,3033753,2017-01-13 21:26:20,0,0.19498369,0.05436505376395449,0.21915486,0.011630341092415642
46754,3033754,2017-01-13 21:26:28,0,0.29985586,0.0730278028927911,0.52466595,0.04181569721518505
46755,3033755,2017-01-13 21:26:30,0,0.3284989,0.07816349152047526,0.24904688,0.013617423008074243
46756,3033756,2017-01-13 21:26:40,0,0.04142718,0.021692677529807313,0.35112748,0.021582425695971283
46757,3033757,2017-01-13 21:26:44,0,0.35338786,0.08269214196988049,0.33930463,0.02055013309737382
46758,3033758,2017-01-13 21:27:06,0,0.041080125,0.021589981838746882,0.30691853,0.017881492676383545
46759,3033759,2017-01-13 21:27:07,0,0.11671775,0.03950302710984132,0.58142143,0.051575766823960825
46760,3033760,2017-01-13 21:27:14,0,0.029588094,0.01795667294298574,0.27443233,0.015415078808835601
46761,3033761,2017-01-13 21:27:18,0,0.023406468,0.01575483107906527,0.3630968,0.022661792820519933
46762,3033762,2017-01-13 21:27:33,0,0.0795725,0.03150491011903284,0.36292294,0.022645858369448955
46763,3033763,2017-01-13 21:27:38,0,0.05754141,0.02613851568461541,0.2544981,0.013994516589928715
46764,3033764,2017-01-13 21:27:42,0,0.40736902,0.09283037939213859,0.44272166,0.030872057866033805
46765,3033765,2017-01-13 21:27:54,0,0.16497801,0.04885863330870967,0.28446054,0.016155606745517578
46766,3033766,2017-01-13 21:28:32,0,0.26462898,0.06677623862659422,0.65776545,0.06907903835939261
46767,3033767,2017-01-13 21:28:42,0,0.09776742,0.03554588062186029,0.6361345,0.06347139593557893
46768,3033768,2017-01-13 21:28:43,0,0.03202847,0.018771346519795173,0.34857124,0.021356440554512766
46769,3033769,2017-01-13 21:28:58,0,0.1907748,0.053601840061695744,0.47107854,0.034319001347071346
46770,3033770,2017-01-13 21:29:17,0,0.16245946,0.04838826540867648,0.4974469,0.03783117436944916
46771,3033771,2017-01-13 21:29:40,0,0.2150308,0.05797064976417679,0.42605877,0.028987765112179383
46772,3033772,2017-01-13 21:29:44,0,0.056864284,0.025962429442067458,0.26371562,0.014643102352851869
46773,3033773,2017-01-13 21:29:46,0,0.14227003,0.0445564685423525,0.2804074,0.015854144143555675
46774,3033774,2017-01-13 21:30:04,0,0.035138506,0.01977294571710944,0.42409554,0.028772118292782048
46775,3033775,2017-01-13 21:30:21,0,0.06025533,0.02683646353155321,0.23979749,0.012988259016170709
46776,3033776,2017-01-13 21:30:25,0,0.07951409,0.03149145877960434,0.25170243,0.013800531583329811
46777,3033777,2017-01-13 21:31:03,0,0.3007507,0.07318731921176208,0.5647283,0.048472905609670935
46778,3033778,2017-01-13 21:31:03,0,0.075182766,0.030483938235684637,0.35447535,0.021880777367192888
46779,3033779,2017-01-13 21:31:06,0,0.29523444,0.07220473583175177,0.5410763,0.04441863172263437
46780,3033780,2017-01-13 21:31:09,0,0.25757632,0.06552793188967727,0.4057888,0.026822070767079615
46781,3033781,2017-01-13 21:31:29,0,0.049358796,0.023952824303065782,0.4307107,0.029503995951245386
46782,3033782,2017-01-13 21:31:32,0,0.06538135,0.028123132102289557,0.32426533,0.019282989529230552
46783,3033783,2017-01-13 21:31:39,0,0.059339885,0.026602400107691822,0.5839225,0.05205946377935936
46784,3033784,2017-01-13 21:32:03,0,0.0035735995,0.005570315636828157,0.19573729,0.01016200077555367
46785,3033785,2017-01-13 21:32:38,0,0.034850955,0.019681925470698317,0.30518085,0.01774447962676227
46786,3033786,2017-01-13 21:33:11,0,0.0955798,0.03507419690361959,0.6737981,0.07364858212671477
46787,3033787,2017-01-13 21:34:05,0,0.049626075,0.024026357450155602,0.42912084,0.02932672964009919
46788,3033788,2017-01-13 21:34:40,0,0.11054993,0.03823826687525197,0.48723558,0.036433170966693476
46789,3033789,2017-01-13 21:34:57,0,0.020569982,0.014661846064646255,0.24774848,0.013528300062474005
46790,3033790,2017-01-13 21:35:00,0,0.37595826,0.08687067410899273,0.77593553,0.11533515219476029
46791,3033791,2017-01-13 21:35:01,0,0.02105142,0.01485172241364275,0.60907,0.057222939161431396
46792,3033792,2017-01-13 21:35:15,0,0.056536473,0.025876893622552768,0.33937892,0.020556518714389797
46793,3033793,2017-01-13 21:35:16,0,0.0051122396,0.006786972004684025,0.31540462,0.01855933624746168
46794,3033794,2017-01-13 21:35:29,0,0.071209095,0.029541210386144875,0.49207827,0.03708997410070407
46795,3033795,2017-01-13 21:35:36,0,0.18045157,0.05171841750771531,0.3167776,0.018670388833711384
46796,3033796,2017-01-13 21:35:39,0,0.26968122,0.06767066883568483,0.46011546,0.03294839886931903
46797,3033797,2017-01-13 21:35:43,0,0.08272171,0.032225189949112755,0.28395942,0.016118173439974206
46798,3033798,2017-01-13 21:35:52,0,0.028208189,0.017483514722470412,0.33256856,0.019976383184136887
46799,3033799,2017-01-13 21:35:59,0,0.4632261,0.10397592230612714,0.3776058,0.02401911143134835
46800,3033800,2017-01-13 21:36:26,0,0.2983807,0.07276494547729336,0.37440425,0.023714834431530555
46801,3033801,2017-01-13 21:36:47,0,0.029298587,0.01785818679690071,0.26589537,0.014798536621681985
46802,3033802,2017-01-13 21:37:02,0,0.4544846,0.10217685008353343,0.34983134,0.0214676450197949
46803,3033803,2017-01-13 21:37:14,0,0.09212679,0.0343224255645631,0.40219823,0.026452006094807072
46804,3033804,2017-01-13 21:37:31,0,0.19490047,0.054349986551680655,0.41542223,0.027834767920455285
46805,3033805,2017-01-13 21:37:41,0,0.052066494,0.024690710064203553,0.51272434,0.04001918331016532
46806,3033806,2017-01-13 21:37:47,0,0.017525518,0.013413493170583471,0.60656655,0.05668304536459828
46807,3033807,2017-01-13 21:37:58,0,0.07158451,0.02963107347551729,0.61859894,0.05933451117798125
46808,3033808,2017-01-13 21:38:07,0,0.17342718,0.050426209990772325,0.42475146,0.02884402158439987
46809,3033809,2017-01-13 21:38:08,0,0.03182287,0.01870373724181604,0.65176034,0.06746165715710047
46810,3033810,2017-01-13 21:38:27,0,0.08908089,0.03365150698106963,0.19741684,0.010264899821380022
46811,3033811,2017-01-13 21:39:00,0,0.027642766,0.017286825334900047,0.3971441,0.025937709112250407
46812,3033812,2017-01-13 21:39:04,0,0.029371193,0.017882924578068393,0.4567241,0.032534337742041536
46813,3033813,2017-01-13 21:39:26,0,0.08182498,0.03202107949088897,0.250139,0.013692592837384582
46814,3033814,2017-01-13 21:39:36,0,0.23156263,0.060917002285343025,0.248709,0.013594204878813456
46815,3033815,2017-01-13 21:39:43,0,0.051115718,0.02443336530245839,0.29316416,0.016813118307723328
46816,3033816,2017-01-13 21:39:45,0,0.029190337,0.017821256837773844,0.2888852,0.016488113829363757
46817,3033817,2017-01-13 21:39:54,0,0.010681939,0.01019611811415147,0.30393365,0.01764650923946587
46818,3033818,2017-01-13 21:40:03,0,0.31119493,0.07505307277265899,0.31939107,0.01888286565093549
46819,3033819,2017-01-13 21:40:07,0,0.068291344,0.028836791003884307,0.30911136,0.018055252559266575
46820,3033820,2017-01-13 21:40:07,0,0.060187552,0.02681918039780778,0.3033947,0.017604268668552206
46821,3033821,2017-01-13 21:40:08,0,0.11859943,0.03988493691165014,0.25755444,0.014208031797006295
46822,3033822,2017-01-13 21:40:25,0,0.08399425,0.0325135319046664,0.37374336,0.023652364248348226
46823,3033823,2017-01-13 21:40:27,0,0.0529202,0.024920220422892377,0.31835604,0.018798546413867172
46824,3033824,2017-01-13 21:40:29,0,0.05813277,0.026291649776674593,0.36938384,0.02324318331209969
46825,3033825,2017-01-13 21:40:31,0,0.1292349,0.04201227892338133,0.28873065,0.016476438538143675
46826,3033826,2017-01-13 21:40:45,0,0.023797143,0.015900805868088973,0.40488088,0.026728122109960544
46827,3033827,2017-01-13 21:40:48,0,0.18017662,0.05166800891558508,0.36028123,0.022404691767870192
46828,3033828,2017-01-13 21:41:00,0,0.23231463,0.06105062291083986,0.57259643,0.04990885401661315
46829,3033829,2017-01-13 21:41:01,0,0.09856436,0.03571686212135367,0.54900086,0.04573524332117671
46830,3033830,2017-01-13 21:41:10,0,0.079042986,0.03138283031376329,0.3931024,0.025531884290511578
46831,3033831,2017-01-13 21:41:40,0,0.025472255,0.016515434848987407,0.5038111,0.038728173080526014
46832,3033832,2017-01-13 21:41:50,0,0.034500644,0.019570618535900173,0.17010447,0.00863497301968727
46833,3033833,2017-01-13 21:41:53,0,0.03962167,0.02115450865015664,0.68024254,0.07559648761184402
46834,3033834,2017-01-13 21:42:30,0,0.0114660775,0.010603564759433106,0.2379115,0.012861582048556563
46835,3033835,2017-01-13 21:42:35,0,0.19874209,0.05504454460163852,0.32688266,0.01949993955375097
46836,3033836,2017-01-13 21:42:37,0,0.105901726,0.037271040907426355,0.30589938,0.01780106192302018
46837,3033837,2017-01-13 21:42:37,0,0.06934744,0.02909300750940308,0.3824,0.024479957690739868
46838,3033838,2017-01-13 21:42:49,0,0.34449518,0.08106557369511,0.31787807,0.018759684238145505
46839,3033839,2017-01-13 21:43:32,0,0.022405311,0.015375911442285133,0.3086479,0.018018447881236813
46840,3033840,2017-01-13 21:43:49,0,0.025780205,0.016626531091024226,0.54114735,0.04443025774778083
46841,3033841,2017-01-13 21:44:01,0,0.21284916,0.057580283462978867,0.32277536,0.01916014356110976
46842,3033842,2017-01-13 21:44:07,0,0.33632952,0.07958056534810994,0.21250595,0.01120592142214872
46843,3033843,2017-01-13 21:44:11,0,0.081671536,0.0319860753256418,0.15685207,0.007875745680574038
46844,3033844,2017-01-13 21:44:15,0,0.028153222,0.017464467399694913,0.30371898,0.0176296776388706
46845,3033845,2017-01-13 21:44:17,0,0.016862098,0.013129285922673786,0.3295861,0.019725585914050655
46846,3033846,2017-01-13 21:44:42,0,0.048506193,0.023717200194223412,0.21929355,0.01163925920794466
46847,3033847,2017-01-13 21:45:08,0,0.030758834,0.01835087902425921,0.23102097,0.012403300010631953
46848,3033848,2017-01-13 21:45:19,0,0.0883407,0.03348731054683271,0.2671862,0.014890961160156755
46849,3033849,2017-01-13 21:45:25,0,0.1504469,0.04612253898969716,0.2901342,0.016582626470866692
46850,3033850,2017-01-13 21:45:52,0,0.14703083,0.04547082015766006,0.7428693,0.09878457851123408
46851,3033851,2017-01-13 21:46:07,0,0.0483587,0.02367627405685053,0.37338486,0.023618526974916284
46852,3033852,2017-01-13 21:46:42,0,0.036161616,0.02009433004441213,0.3388815,0.020513790123487582
46853,3033853,2017-01-13 21:46:42,0,0.7194692,0.17483401904200563,0.53822136,0.04395407630202181
46854,3033854,2017-01-13 21:46:56,0,0.006709632,0.007885966122466842,0.24864607,0.013589882713699103
46855,3033855,2017-01-13 21:47:03,0,0.05529473,0.025551138403022484,0.3837572,0.024611568003999346
46856,3033856,2017-01-13 21:47:45,0,0.080595344,0.031739925086862665,0.35474408,0.02190484363911659
46857,3033857,2017-01-13 21:48:04,0,0.017393513,0.01335732035977683,0.3384333,0.020475338983238972
46858,3033858,2017-01-13 21:48:13,0,0.0102586625,0.009970684599053004,0.3835752,0.024593889111607585
46859,3033859,2017-01-13 21:48:19,0,0.0145353265,0.012091616909853397,0.32593608,0.01942130698195121
46860,3033860,2017-01-13 21:48:19,0,0.03682556,0.02030088804565412,0.2766019,0.015573777102867448
46861,3033861,2017-01-13 21:48:35,0,0.073764496,0.030149570890074886,0.47741058,0.035133773059472795
46862,3033862,2017-01-13 21:48:55,0,0.04538952,0.022841534380538528,0.22631201,0.012094135463698037
46863,3033863,2017-01-13 21:48:58,0,0.009315644,0.0094531161268581,0.36186886,0.02254941857131831
46864,3033864,2017-01-13 21:49:03,0,0.37512526,0.0867150507143269,0.2534798,0.013923714888012084
46865,3033865,2017-01-13 21:49:05,0,0.22673777,0.060058961572918845,0.26630184,0.014827610155464351
46866,3033866,2017-01-13 21:49:37,0,0.050711997,0.024323524388414855,0.30491388,0.01772348269824962
46867,3033867,2017-01-13 21:49:43,0,0.11359436,0.03886509829795327,0.37280282,0.023563662252593567
46868,3033868,2017-01-13 21:49:50,0,0.12261176,0.04069353383353068,0.31755581,0.018733509841393024
46869,3033869,2017-01-13 21:50:00,0,0.9063867,0.3063099573716765,0.29486144,0.016942985264140988
46870,3033870,2017-01-13 21:50:00,0,0.2856791,0.07050645452055282,0.29544118,0.01698746951308199
46871,3033871,2017-01-13 21:50:35,0,0.023258004,0.015699084920198073,0.1492023,0.007446305282812343
46872,3033872,2017-01-13 21:50:37,0,0.06641179,0.028377161173385044,0.41068873,0.0273335084976262
46873,3033873,2017-01-13 21:51:47,0,0.004131462,0.0060344008277327735,0.35031942,0.02151081959482112
46874,3033874,2017-01-13 21:51:53,0,0.050354443,0.02422595734468427,0.3283044,0.019618409660812415
46875,3033875,2017-01-13 21:52:11,0,0.24451804,0.06321563816169098,0.2427007,0.013184318011878651
46876,3033876,2017-01-13 21:52:12,0,0.20004983,0.055280551841908644,0.28164145,0.01594561661288696
46877,3033877,2017-01-13 21:52:27,0,0.034501497,0.01957089016155777,0.21334907,0.011259402779508123
46878,3033878,2017-01-13 21:52:39,0,0.011447333,0.010593971032193967,0.19802745,0.01030239882388693
46879,3033879,2017-01-13 21:52:42,0,0.0073982435,0.00832306953287645,0.63396174,0.06294008079061413
46880,3033880,2017-01-13 21:52:42,0,0.09955518,0.03592882382999972,0.30512974,0.01774045869457186
46881,3033881,2017-01-13 21:52:44,0,0.14379577,0.044850299953997266,0.2735162,0.015348314291270792
46882,3033882,2017-01-13 21:52:50,0,0.014727285,0.012179849503425284,0.25310257,0.013897527731938007
46883,3033883,2017-01-13 21:52:52,0,0.020933826,0.014805518058882378,0.30704567,0.01789154074623903
46884,3033884,2017-01-13 21:53:01,0,0.32277972,0.07713246429503776,0.3413739,0.020728453468427933
46885,3033885,2017-01-13 21:53:18,0,0.029131588,0.017801189902901412,0.23992239,0.012996667353711477
46886,3033886,2017-01-13 21:53:30,0,0.008317132,0.008879066187647415,0.10936103,0.005305426955925056
46887,3033887,2017-01-13 21:53:46,0,0.042711485,0.02206971864594881,0.3835092,0.02458747928036719
46888,3033888,2017-01-13 21:54:25,0,0.055776637,0.025677891971350852,0.38211852,0.024452725609947042
46889,3033889,2017-01-13 21:55:04,0,0.017426841,0.013371520105159844,0.4771741,0.03510303020365132
46890,3033890,2017-01-13 21:55:32,0,0.037123043,0.020392939890535738,0.27896082,0.015747265603099563
46891,3033891,2017-01-13 21:55:38,0,0.28251034,0.0699441401775723,0.3396217,0.02057739283638776
46892,3033892,2017-01-13 21:55:44,0,0.071731314,0.029666168186820916,0.4510679,0.031853835871333336
46893,3033893,2017-01-13 21:55:44,0,0.01125337,0.010494288987022909,0.4726398,0.03451828655292752
46894,3033894,2017-01-13 21:55:58,0,0.063891314,0.027753152303805366,0.6591918,0.06947045638644887
46895,3033895,2017-01-13 21:56:02,0,0.007365672,0.008302813653771397,0.39438173,0.025659822803871968
46896,3033896,2017-01-13 21:56:20,0,0.23055919,0.06073865835898238,0.41245306,0.027519508934524935
46897,3033897,2017-01-13 21:56:27,0,0.1825993,0.05211171070463882,0.36558232,0.0228904251881157
46898,3033898,2017-01-13 21:56:36,0,0.012904836,0.011320459838808554,0.23116714,0.012412948253675312
46899,3033899,2017-01-13 21:56:38,0,0.088337876,0.03348668326627916,0.2960766,0.017036298843442415
46900,3033900,2017-01-13 21:56:57,0,0.045002446,0.022731131671887395,0.3940409,0.02562569261702503
46901,3033901,2017-01-13 21:57:00,0,0.07083296,0.029451001494588173,0.21372807,0.011283475165640908
46902,3033902,2017-01-13 21:57:16,0,0.042366825,0.021968989936606495,0.36242613,0.022600369673959043
46903,3033903,2017-01-13 21:57:55,0,0.38335338,0.08825739297429178,0.29837006,0.01721318522139601
46904,3033904,2017-01-13 21:58:41,0,0.384723,0.08851526563521742,0.5813956,0.051570801969211884
46905,3033905,2017-01-13 21:58:45,0,0.040016957,0.021273170401531604,0.24663106,0.013451811224914213
46906,3033906,2017-01-13 21:58:47,0,0.016218172,0.012848735346387063,0.50657326,0.03912383865337953
46907,3033907,2017-01-13 21:58:50,0,0.42028108,0.0953382024986684,0.8067158,0.13485572395849044
46908,3033908,2017-01-13 21:59:14,0,0.21244222,0.057507422486374256,0.50394756,0.03874762541205462
46909,3033909,2017-01-13 21:59:39,0,0.03220607,0.018829602826991983,0.30727562,0.017909723084427263
46910,3033910,2017-01-13 21:59:39,0,0.25629884,0.06530181583493759,0.7316045,0.09393838790254598
46911,3033911,2017-01-13 21:59:51,0,0.101503134,0.036343587992520014,0.2797032,0.015802068580448175
46912,3033912,2017-01-13 22:00:08,0,0.02292287,0.015572683551795568,0.48272812,0.03583162019133798
46913,3033913,2017-01-13 22:01:04,0,0.43009618,0.09727014009466035,0.5132755,0.04010038575029905
46914,3033914,2017-01-13 22:01:09,0,0.04856481,0.02373345174203441,0.65497935,0.06832257335254872
46915,3033915,2017-01-13 22:01:30,0,0.04232523,0.021956810779515976,0.5610799,0.04782245573475071
46916,3033916,2017-01-13 22:01:32,0,0.2833081,0.07008566971820267,0.85224974,0.17522973223710184
46917,3033917,2017-01-13 22:01:48,0,0.0659105,0.028253765480520648,0.28734136,0.01637168732548712
46918,3033918,2017-01-13 22:01:55,0,0.07860157,0.031280841153817816,0.3315587,0.019891244222074392
46919,3033919,2017-01-13 22:02:49,0,0.07841205,0.031236990705718445,0.313257,0.018386405809047775
46920,3033920,2017-01-13 22:03:11,0,0.15774088,0.04750283724799604,0.47112644,0.03432509905124106
46921,3033921,2017-01-13 22:03:16,0,0.17051782,0.04988816401893115,0.2865359,0.01631111876672938
46922,3033922,2017-01-13 22:03:17,0,0.07894298,0.031359740858953475,0.44687563,0.03135741724113864
46923,3033923,2017-01-13 22:03:30,0,0.14847541,0.04574684728892355,0.2926067,0.016770583358338337
46924,3033924,2017-01-13 22:03:43,0,0.16393857,0.048664686782501444,0.84359854,0.1661396266367937
46925,3033925,2017-01-13 22:03:44,0,0.1199945,0.040166954562833,0.4058461,0.02682800638467038
46926,3033926,2017-01-13 22:03:57,0,0.021752032,0.015124731839940874,0.20796488,0.010919532065084316
46927,3033927,2017-01-13 22:04:06,0,0.107620396,0.037630156872658894,0.81516963,0.1411336969138257
46928,3033928,2017-01-13 22:04:33,0,0.07527419,0.030505414727142213,0.32081,0.01899882394303313
46929,3033929,2017-01-13 22:04:39,0,0.032707814,0.018993465880110853,0.40731284,0.026980343135354006
46930,3033930,2017-01-13 22:05:00,0,0.050863393,0.024364754924293724,0.1915069,0.009904416950989807
46931,3033931,2017-01-13 22:05:03,0,0.20894893,0.05688131301230701,0.6697115,0.07244743306730925
46932,3033932,2017-01-13 22:05:07,0,0.08004537,0.03161369092745298,0.33082306,0.019829365616408377
46933,3033933,2017-01-13 22:05:58,0,0.104024366,0.03687669872438299,0.35608235,0.022024957909169824
46934,3033934,2017-01-13 22:06:03,0,0.040879928,0.02153058235109199,0.30925843,0.018066941294063357
46935,3033935,2017-01-13 22:06:36,0,0.21770127,0.05844792553893363,0.34195423,0.0207786417220889
46936,3033936,2017-01-13 22:06:52,0,0.056237634,0.0257987510676878,0.30725208,0.017907861006950136
46937,3033937,2017-01-13 22:06:55,0,0.15924333,0.04778537805486681,0.34408557,0.0209636315131169
46938,3033938,2017-01-13 22:07:46,0,0.010609634,0.010157892566258478,0.3055908,0.01777675020759416
46939,3033939,2017-01-13 22:07:48,0,0.04646178,0.023145422483789174,0.47870386,0.0353023362534444
46940,3033940,2017-01-13 22:07:49,0,0.03981623,0.0212129740888686,0.18594262,0.009569033905832407
46941,3033941,2017-01-13 22:07:58,0,0.028571647,0.017609070051895766,0.17382593,0.008851775019439397
46942,3033942,2017-01-13 22:08:00,0,0.014559142,0.012102591291161247,0.35254702,0.02170859919461656
46943,3033943,2017-01-13 22:08:13,0,0.028358143,0.017535398080191392,0.40665027,0.026911446674987287
46944,3033944,2017-01-13 22:08:43,0,0.03417963,0.01946820941913113,0.42239213,0.028586061515165677
46945,3033945,2017-01-13 22:08:58,0,0.056613103,0.025896905562534597,0.27722332,0.01561938368844146
46946,3033946,2017-01-13 22:09:05,0,0.011937555,0.010842639625662714,0.36265343,0.022621174293060743
46947,3033947,2017-01-13 22:09:17,0,0.23781283,0.062026774233055186,0.30799624,0.017966770392481783
46948,3033948,2017-01-13 22:09:30,0,0.012712573,0.011226774790605049,0.80181473,0.1314165969520342
46949,3033949,2017-01-13 22:09:49,0,0.09306075,0.03452666380842164,0.21263517,0.011214112040216878
46950,3033950,2017-01-13 22:09:50,0,0.03844036,0.02079697896623742,0.52589005,0.04200436340281813
46951,3033951,2017-01-13 22:10:03,0,0.11342929,0.03883124147970929,0.3606732,0.02244036360845875
46952,3033952,2017-01-13 22:10:30,0,0.13394219,0.04293841329393502,0.44399574,0.03102024191545425
46953,3033953,2017-01-13 22:10:44,0,0.026499214,0.01688374867221371,0.21523447,0.011379351343428545
46954,3033954,2017-01-13 22:10:44,0,0.158462,0.04763851987065416,0.2725303,0.015276626245369834
46955,3033955,2017-01-13 22:11:06,0,0.019543953,0.01425067269716159,0.18402418,0.00945428900637193
46956,3033956,2017-01-13 22:11:11,0,0.08461644,0.032653964825440564,0.5248715,0.041847321994382514
46957,3033957,2017-01-13 22:11:16,0,0.062397916,0.027379084238751416,0.7050015,0.08375554660060998
46958,3033958,2017-01-13 22:12:02,0,0.07969433,0.03153295820618645,0.5134116,0.04012045890715474
46959,3033959,2017-01-13 22:12:03,0,0.04572243,0.02293618792939088,0.3455233,0.021089016908678145
46960,3033960,2017-01-13 22:12:19,0,0.08422741,0.03256620089149913,0.33521083,0.020200223295914616
46961,3033961,2017-01-13 22:12:22,0,0.014487586,0.01206959419594058,0.40029624,0.02625756502069934
46962,3033962,2017-01-13 22:12:34,0,0.11841035,0.039846640382601634,0.7127456,0.08655351804799838
46963,3033963,2017-01-13 22:12:42,0,0.1187903,0.039923577760891865,0.43583915,0.03008182536740683
46964,3033964,2017-01-13 22:13:10,0,0.36057255,0.08401405060785357,0.6220922,0.060131867178644056
46965,3033965,2017-01-13 22:13:15,0,0.06836708,0.02885521305992238,0.29733574,0.017133287359094418
46966,3033966,2017-01-13 22:13:27,0,0.26958457,0.0676535553847667,0.5898704,0.05323053405815398
46967,3033967,2017-01-13 22:13:32,0,0.0048958813,0.006626936947471477,0.6007511,0.055451798384556716
46968,3033968,2017-01-13 22:13:33,0,0.10803821,0.037717191937100075,0.36897412,0.023204983456209017
46969,3033969,2017-01-13 22:13:59,0,0.03687695,0.020316811836558073,0.35623574,0.022038753465802786
46970,3033970,2017-01-13 22:14:15,0,0.06608932,0.02829782145458989,0.5639892,0.04834036303343542
46971,3033971,2017-01-13 22:14:23,0,0.038989842,0.02096383225146676,0.41920236,0.02824025313368664
46972,3033972,2017-01-13 22:14:39,1,0.03365014,0.019298415884439264,0.6431713,0.06523071894119395
46973,3033973,2017-01-13 22:15:25,0,0.07124653,0.02955017818729898,0.27515307,0.015467707244524674
46974,3033974,2017-01-13 22:15:53,0,0.65523225,0.15220434699567933,0.3160744,0.018613462629623073
46975,3033975,2017-01-13 22:15:53,0,0.07851483,0.03126077632143601,0.42007193,0.02833419123975459
46976,3033976,2017-01-13 22:16:36,0,0.044447012,0.022572041613333663,0.3100835,0.01813259509252334
46977,3033977,2017-01-13 22:16:40,0,0.05261333,0.02483788873604655,0.3251199,0.019353663362071477
46978,3033978,2017-01-13 22:17:06,0,0.09272069,0.034452378485054766,0.4055379,0.02679608270067931
46979,3033979,2017-01-13 22:17:15,0,0.016117394,0.01280439118336345,0.22201443,0.011814772273603037
46980,3033980,2017-01-13 22:17:27,0,0.1573502,0.04742927303967525,0.32516918,0.01935774221390855
46981,3033981,2017-01-13 22:17:51,1,0.047820676,0.023526561457393107,0.6422483,0.06499651431129815
46982,3033982,2017-01-13 22:17:58,0,0.048841983,0.023810192424182176,0.27202183,0.015239721258652483
46983,3033983,2017-01-13 22:18:30,0,0.06475909,0.027969010182821587,0.61887455,0.059396957294710125
46984,3033984,2017-01-13 22:18:43,0,0.003844335,0.005799305132230611,0.7239718,0.09084618045563388
46985,3033985,2017-01-13 22:18:56,0,0.06401818,0.027784778656918446,0.3818116,0.024423056203021817
46986,3033986,2017-01-13 22:19:27,0,0.013996866,0.011841352822948332,0.6968754,0.08095165015275907
46987,3033987,2017-01-13 22:19:54,0,0.07925687,0.03143217596354951,0.33678156,0.020334029933819893
46988,3033988,2017-01-13 22:20:54,0,0.034548566,0.01958587271047542,0.35864243,0.02225596261162901
46989,3033989,2017-01-13 22:21:01,0,0.014949761,0.012281481946090668,0.84974504,0.17251395255829333
46990,3033990,2017-01-13 22:21:29,0,0.012424376,0.011085168154614723,0.6701783,0.0725833413138121
46991,3033991,2017-01-13 22:21:38,0,0.041855898,0.021819057546787736,0.20944943,0.011012850149268328
46992,3033992,2017-01-13 22:21:56,0,0.03539904,0.019855147816699562,0.47553614,0.034890766294159034
46993,3033993,2017-01-13 22:22:15,0,0.05160411,0.024565789555557764,0.35720086,0.022125685627712492
46994,3033994,2017-01-13 22:22:19,0,0.05134258,0.02449493886088336,0.3890306,0.02512783679984262
46995,3033995,2017-01-13 22:22:44,0,0.09687429,0.03535372552522089,0.39060247,0.025283248679038698
46996,3033996,2017-01-13 22:23:10,0,0.074563265,0.03033816708722556,0.45405337,0.032211465355184266
46997,3033997,2017-01-13 22:23:11,0,0.016181815,0.01283275157496384,0.41947815,0.028270019286995112
46998,3033998,2017-01-13 22:23:12,0,0.0478148,0.023524923047529456,0.33917034,0.020538594546283494
46999,3033999,2017-01-13 22:24:05,0,0.045831937,0.022967263329147388,0.336858,0.02034055612504713
47000,3034000,2017-01-13 22:24:10,0,0.0059828875,0.007402361485547969,0.3457685,0.021110450616276245
47001,3034001,2017-01-13 22:24:15,0,0.10500384,0.03708271256165788,0.33911046,0.020533451411882595
47002,3034002,2017-01-13 22:24:40,0,0.15815666,0.04758108557168517,0.27968088,0.015800419319227155
47003,3034003,2017-01-13 22:24:42,0,0.2806663,0.06961707025157095,0.37066087,0.023362526609684388
47004,3034004,2017-01-13 22:25:32,0,0.12733617,0.041636162685832825,0.4080648,0.027058701686436176
47005,3034005,2017-01-13 22:25:42,1,0.09926442,0.03586669360305932,0.62299097,0.06033910457493759
47006,3034006,2017-01-13 22:25:43,0,0.055332243,0.025561020694541997,0.48839885,0.03658993920813581
47007,3034007,2017-01-13 22:25:58,0,0.0728542,0.029933744246101034,0.2972046,0.01712317263248713
47008,3034008,2017-01-13 22:26:02,0,0.08957734,0.03376137640416729,0.3079336,0.01796180706972305
47009,3034009,2017-01-13 22:26:04,0,0.02213967,0.015274159599660973,0.2834545,0.01608050349474369
47010,3034010,2017-01-13 22:26:15,0,0.009076538,0.009318243471618073,0.6287542,0.06168875244257548
47011,3034011,2017-01-13 22:26:25,0,0.161181,0.04814891566606486,0.2257391,0.012056741054423526
47012,3034012,2017-01-13 22:27:50,0,0.3443627,0.08104141907701723,0.3039295,0.017646184345551215
47013,3034013,2017-01-13 22:27:53,0,0.05958096,0.026664171007195883,0.6077798,0.05694394163435867
47014,3034014,2017-01-13 22:28:00,0,0.10746686,0.03759814806596905,0.4323212,0.029684457008716966
47015,3034015,2017-01-13 22:28:23,0,0.06569366,0.028200280710779884,0.7789506,0.11704791109804807
47016,3034016,2017-01-13 22:28:51,0,0.03955077,0.021133174236688212,0.24108593,0.013075110917046887
47017,3034017,2017-01-13 22:29:10,0,0.029269308,0.01784820379104609,0.23271756,0.012515483746393639
47018,3034018,2017-01-13 22:30:14,0,0.010609959,0.010158064657907136,0.24341972,0.013233074904078487
47019,3034019,2017-01-13 22:30:15,0,0.028581291,0.017612392603367017,0.6902189,0.07874918482056507
47020,3034020,2017-01-13 22:30:33,0,0.10678941,0.037456744809361,0.30159035,0.017463264814599262
47021,3034021,2017-01-13 22:30:34,1,0.039319053,0.021063339414292035,0.45437163,0.03224979373011818
47022,3034022,2017-01-13 22:30:40,0,0.05013963,0.02416720890931832,0.4216404,0.0285042610201626
47023,3034023,2017-01-13 22:30:44,0,0.011323807,0.01053057514820247,0.17731422,0.009056466424538306
47024,3034024,2017-01-13 22:30:54,0,0.060553018,0.026912285799767056,0.3129888,0.01836487460683336
47025,3034025,2017-01-13 22:31:25,0,0.012736281,0.011238360956492612,0.20999247,0.011047059941412592
47026,3034026,2017-01-13 22:31:27,0,0.19815773,0.05493901578825888,0.28380352,0.016106537562096693
47027,3034027,2017-01-13 22:31:46,0,0.117216535,0.03960443473641357,0.30750692,0.017928022114773453
47028,3034028,2017-01-13 22:32:14,0,0.006703327,0.007881873920647382,0.61301637,0.05808640546874623
47029,3034029,2017-01-13 22:32:49,0,0.052844334,0.024899883483775434,0.6734541,0.07354647841965023
47030,3034030,2017-01-13 22:33:01,0,0.01733463,0.013332204377425277,0.69046926,0.07883054187251548
47031,3034031,2017-01-13 22:33:12,0,0.12809213,0.04178608989015616,0.7901501,0.12376412497178213
47032,3034032,2017-01-13 22:33:39,0,0.06053602,0.026907960024844448,0.25507048,0.014034387915216497
47033,3034033,2017-01-13 22:33:40,0,0.03861808,0.020851050445525626,0.2850125,0.01619689077224355
47034,3034034,2017-01-13 22:33:52,0,0.30474222,0.07389947333595379,0.49217972,0.03710385154152309
47035,3034035,2017-01-13 22:34:34,0,0.023419753,0.015759811795043967,0.44087982,0.030658895731864016
47036,3034036,2017-01-13 22:35:03,0,0.5039569,0.11268503257666089,0.3399524,0.020605850609196317
47037,3034037,2017-01-13 22:35:16,0,0.0025762783,0.004650364028763241,0.17260563,0.008780505983712874
47038,3034038,2017-01-13 22:35:32,0,0.016432978,0.01294285434278227,0.30466095,0.01770360276287679
47039,3034039,2017-01-13 22:35:38,0,0.008902106,0.00921885601718377,0.31786337,0.018758490390483138
47040,3034040,2017-01-13 22:35:43,0,0.031017754,0.018437206854681018,0.296767,0.0170894408590629
47041,3034041,2017-01-13 22:36:07,0,0.015191431,0.012391135643780934,0.24078183,0.013054589004726285
47042,3034042,2017-01-13 22:36:25,0,0.11878809,0.03992313139219565,0.40640056,0.02688551562465205
47043,3034043,2017-01-13 22:36:34,0,0.26225656,0.0663563133029631,0.25295848,0.013887530998045029
47044,3034044,2017-01-13 22:37:01,0,0.13689202,0.04351441032504107,0.3069618,0.01788491233264262
47045,3034045,2017-01-13 22:37:16,0,0.097612634,0.035512619565216175,0.25275904,0.013873700262160293
47046,3034046,2017-01-13 22:37:42,0,0.008850542,0.009189310511187378,0.25008163,0.013688639446376067
47047,3034047,2017-01-13 22:38:01,0,0.1494946,0.04594121141084519,0.26253223,0.01455904970453288
47048,3034048,2017-01-13 22:38:07,0,0.11318129,0.03878034696787018,0.30158725,0.017463023151646984
47049,3034049,2017-01-13 22:38:16,0,0.21990356,0.058841094403514524,0.6462437,0.06601793075734294
47050,3034050,2017-01-13 22:38:36,0,0.03386712,0.01936812857330297,0.33730033,0.020378344954412903
47051,3034051,2017-01-13 22:38:51,0,0.16867597,0.04954662165442275,0.21302924,0.011239103176930349
47052,3034052,2017-01-13 22:39:24,0,0.08335252,0.032368314174968986,0.39521757,0.025743668573753393
47053,3034053,2017-01-13 22:39:54,0,0.063566044,0.02767195998589448,0.72863126,0.09271629427654164
47054,3034054,2017-01-13 22:39:54,0,0.1103232,0.03819137881383934,0.3097371,0.01810501254819378
47055,3034055,2017-01-13 22:40:00,0,0.26839116,0.06744225288328527,0.4575849,0.032638999180530294
47056,3034056,2017-01-13 22:40:03,0,0.116306536,0.039419329045320965,0.2713934,0.015194169310098758
47057,3034057,2017-01-13 22:40:25,0,0.116120294,0.039381392940536025,0.5876458,0.052789072745011066
47058,3034058,2017-01-13 22:40:26,0,0.16838281,0.04949219085843431,0.3768125,0.02394345784558592
47059,3034059,2017-01-13 22:40:30,0,0.04550472,0.022874319734077348,0.4183453,0.028147910324410805
47060,3034060,2017-01-13 22:40:32,0,0.04136714,0.02167493622254241,0.22226179,0.011830780332445872
47061,3034061,2017-01-13 22:40:45,0,0.2753025,0.06866631623449095,0.38155094,0.024397881096952238
47062,3034062,2017-01-13 22:40:46,0,0.12949775,0.04206422953195431,0.3690194,0.02320920196276517
47063,3034063,2017-01-13 22:40:52,0,0.346526,0.08143614198000004,0.3725343,0.023538381143578535
47064,3034064,2017-01-13 22:40:58,0,0.04902596,0.02386103507539559,0.2705376,0.015132248921954963
47065,3034065,2017-01-13 22:41:05,0,0.09508604,0.0349672500799435,0.30135095,0.01744460419032555
47066,3034066,2017-01-13 22:41:09,0,0.06613631,0.02830939165828185,0.25427672,0.01397911035931053
47067,3034067,2017-01-13 22:41:31,0,0.029488135,0.017922714389081894,0.27867922,0.015726503085207563
47068,3034068,2017-01-13 22:41:40,0,0.11035071,0.03819707053589412,0.41126668,0.02739432975829344
47069,3034069,2017-01-13 22:41:53,0,0.037517935,0.02051466679942729,0.29762852,0.01715588268084605
47070,3034070,2017-01-13 22:42:14,0,0.098049045,0.03560635381462911,0.17930114,0.009173703443788837
47071,3034071,2017-01-13 22:42:18,0,0.011131693,0.010431368889631762,0.37237722,0.023523600120355315
47072,3034072,2017-01-13 22:42:34,0,0.006484017,0.007738449628567888,0.22674157,0.012122204291526066
47073,3034073,2017-01-13 22:42:35,0,0.018764235,0.013931930645908412,0.37794736,0.024051737052824387
47074,3034074,2017-01-13 22:42:42,0,0.14983694,0.046006426977450325,0.19924073,0.010377052874618686
47075,3034075,2017-01-13 22:42:50,0,0.055048186,0.02548612646723842,0.56718373,0.048916093573366314
47076,3034076,2017-01-13 22:44:00,0,0.029982975,0.0180903550695117,0.31928056,0.018873852468820087
47077,3034077,2017-01-13 22:44:20,0,0.19659021,0.05465572706845266,0.32586595,0.01941548941297977
47078,3034078,2017-01-13 22:44:30,0,0.07725556,0.030968591830241005,0.24922083,0.013629383654208576
47079,3034079,2017-01-13 22:44:38,0,0.010541941,0.010122000713077933,0.69183683,0.07927698870966207
47080,3034080,2017-01-13 22:45:19,0,0.67542005,0.15878593837009564,0.3227073,0.019154542717794276
47081,3034081,2017-01-13 22:45:34,0,0.026944745,0.017041648051382436,0.27029863,0.015114979431181263
47082,3034082,2017-01-13 22:45:49,0,0.50239044,0.11233917528067072,0.48320284,0.03589453761817491
47083,3034083,2017-01-13 22:45:51,0,0.032323938,0.01886819207561618,0.29227352,0.016745188069094325
47084,3034084,2017-01-13 22:45:52,0,0.05859861,0.026411861207128046,0.35232604,0.021688925437494747
47085,3034085,2017-01-13 22:46:19,0,0.117021516,0.03956480067826001,0.28870797,0.016474725663502384
47086,3034086,2017-01-13 22:46:23,0,0.016278682,0.012875302967913154,0.687789,0.07796533257659373
47087,3034087,2017-01-13 22:46:28,0,0.020618297,0.014680987125155417,0.20147818,0.010515226096864864
47088,3034088,2017-01-13 22:46:29,0,0.005695129,0.007203684075707416,0.43230665,0.029682823299612866
47089,3034089,2017-01-13 22:47:06,0,0.06129444,0.027100518029679315,0.3627521,0.02263020997478533
47090,3034090,2017-01-13 22:47:10,0,0.11792041,0.03974732635651672,0.20271765,0.010592050251270716
47091,3034091,2017-01-13 22:47:11,0,0.066009834,0.028278244040631447,0.19495806,0.010114383595381691
47092,3034092,2017-01-13 22:47:25,0,0.07532123,0.03051645999892425,0.1607468,0.008096833290603815
47093,3034093,2017-01-13 22:47:32,0,0.07450411,0.030324224412342986,0.20929503,0.011003131336372741
47094,3034094,2017-01-13 22:48:01,1,0.09259228,0.03442430399601535,0.82686687,0.1506269583693336
47095,3034095,2017-01-13 22:48:08,0,0.05367367,0.025121587471210478,0.31405437,0.018450500327714597
47096,3034096,2017-01-13 22:48:38,0,0.0863974,0.033054000330462706,0.7381357,0.0967052000226121
47097,3034097,2017-01-13 22:49:06,0,0.024811922,0.01627526716873993,0.23882101,0.012922604799551594
47098,3034098,2017-01-13 22:49:09,0,0.020060902,0.014458971431741534,0.2983373,0.017210652023839507
47099,3034099,2017-01-13 22:49:24,0,0.12093633,0.040356817421205726,0.27911907,0.0157589395830023
47100,3034100,2017-01-13 22:49:40,0,0.009185015,0.00937962508795893,0.24632353,0.013430794721069665
47101,3034101,2017-01-13 22:49:42,0,0.16331458,0.04854813722576861,0.25604153,0.014102150803012753
47102,3034102,2017-01-13 22:49:51,0,0.03475948,0.01965290547389414,0.43543622,0.030036090828187107
47103,3034103,2017-01-13 22:50:15,0,0.05258633,0.024830635597959377,0.21495219,0.011361361132825357
47104,3034104,2017-01-13 22:50:50,0,0.23351827,0.06126443535458451,0.31914198,0.01886255315384888
47105,3034105,2017-01-13 22:50:57,0,0.011719207,0.010732448361882738,0.25017312,0.013694944582211164
47106,3034106,2017-01-13 22:51:02,0,0.038045745,0.020676548665582398,0.22950995,0.012303742485994112
47107,3034107,2017-01-13 22:51:20,0,0.41894573,0.09507711515278873,0.21905285,0.011623782867822171
47108,3034108,2017-01-13 22:51:23,0,0.03490711,0.019699724864973463,0.17305493,0.00880672612304738
47109,3034109,2017-01-13 22:51:40,0,0.67626643,0.1590713937767193,0.84897083,0.17168874702623382
47110,3034110,2017-01-13 22:51:48,0,0.045973077,0.02300727113095168,0.69352,0.0798311629945329
47111,3034111,2017-01-13 22:51:55,0,0.02296557,0.015588832762418337,0.28802714,0.016423349927201503
47112,3034112,2017-01-13 22:52:19,0,0.063725494,0.027711780470472274,0.24062243,0.013043837937769892
47113,3034113,2017-01-13 22:52:20,0,0.038694765,0.020874350698680866,0.51400757,0.04020849157156245
47114,3034114,2017-01-13 22:52:23,0,0.061535552,0.027161545793355377,0.35047382,0.02152449011975049
47115,3034115,2017-01-13 22:53:18,0,0.07609697,0.03069827213303147,0.35472253,0.021902913309379955
47116,3034116,2017-01-13 22:53:28,0,0.18390076,0.052349646608096746,0.44045195,0.030609554573522595
47117,3034117,2017-01-13 22:53:31,0,0.0998533,0.03599246681633266,0.38387692,0.024623201672024777
47118,3034118,2017-01-13 22:53:43,0,0.091282696,0.034137248739860696,0.50314915,0.03863392637716701
47119,3034119,2017-01-13 22:53:58,0,0.0174688,0.013389380579301783,0.33921838,0.02054272193435043
47120,3034120,2017-01-13 22:54:01,0,0.15040667,0.046114883638828985,0.7904267,0.1239374449341057
47121,3034121,2017-01-13 22:54:06,0,0.030589385,0.01829421763158447,0.3312126,0.019862117512191083
47122,3034122,2017-01-13 22:54:07,0,0.16877419,0.04956485235791184,0.53710186,0.04377329261946581
47123,3034123,2017-01-13 22:54:15,0,0.06377127,0.027723205615820503,0.30902675,0.0180485302524027
47124,3034124,2017-01-13 22:54:16,0,0.027635267,0.01728420534748914,0.3020927,0.017502457581208577
47125,3034125,2017-01-13 22:54:28,1,0.26412266,0.0666866169586145,0.6330389,0.06271606981760959
47126,3034126,2017-01-13 22:54:57,0,0.115414776,0.039237522434582,0.9254282,0.3066782584378232
47127,3034127,2017-01-13 22:55:05,0,0.06728467,0.028591206422050767,0.24122176,0.013084281360559736
47128,3034128,2017-01-13 22:55:17,0,0.038183503,0.020718647796266882,0.25793925,0.01423502195686724
47129,3034129,2017-01-13 22:55:27,1,0.21362029,0.05771831230620483,0.9335941,0.33263776707762216
47130,3034130,2017-01-13 22:55:39,0,0.44468004,0.10018509427903989,0.52917075,0.04251427368449258
47131,3034131,2017-01-13 22:55:42,0,0.074846506,0.030404868519859456,0.28977972,0.016555773837542448
47132,3034132,2017-01-13 22:55:42,0,0.068770565,0.02895323224051333,0.24822506,0.01356098230925757
47133,3034133,2017-01-13 22:55:43,0,0.041469626,0.02170521355744229,0.73288,0.09446971019616437
47134,3034134,2017-01-13 22:56:05,0,0.028000498,0.017411462177775797,0.4550388,0.032330268660566555
47135,3034135,2017-01-13 22:56:19,0,0.74289167,0.18454601501554008,0.80071527,0.13066407701797084
47136,3034136,2017-01-13 22:56:21,0,0.14669871,0.04540726886683957,0.6845896,0.07694912143263602
47137,3034137,2017-01-13 22:56:28,0,0.06303887,0.027540038220187794,0.5487481,0.0456926161206505
47138,3034138,2017-01-13 22:56:42,0,0.18641976,0.05280937948350825,0.4081552,0.027068132587536903
47139,3034139,2017-01-13 22:56:44,0,0.029157078,0.017809898628717617,0.29825765,0.01720449161424969
47140,3034140,2017-01-13 22:56:54,0,0.040141497,0.021310457329209064,0.22676502,0.012123737661166954
47141,3034141,2017-01-13 22:56:58,0,0.120964184,0.04036242682458954,0.24514756,0.013350565324052056
47142,3034142,2017-01-13 22:57:03,0,0.060136206,0.026806082515839064,0.28641856,0.016302305732737974
47143,3034143,2017-01-13 22:57:15,0,0.065172434,0.02807144896431268,0.3117291,0.018263951040005773
47144,3034144,2017-01-13 22:57:26,0,0.04047563,0.021410263744492872,0.35888916,0.02227831204971169
47145,3034145,2017-01-13 22:57:28,0,0.02731027,0.017170368426932113,0.27774206,0.015657507366918205
47146,3034146,2017-01-13 22:57:31,0,0.036675,0.020254182519425543,0.40663925,0.02691030120413571
47147,3034147,2017-01-13 22:57:54,0,0.06854378,0.02889816449459614,0.46432737,0.03346909668731376
47148,3034148,2017-01-13 22:57:56,0,0.08499063,0.0327382516369583,0.30673215,0.017866767927704263
47149,3034149,2017-01-13 22:57:58,0,0.03756484,0.020529090462842403,0.25965092,0.01435537090732161
47150,3034150,2017-01-13 22:58:21,0,0.019094462,0.014067611038933444,0.35043126,0.021520721644962465
47151,3034151,2017-01-13 22:58:37,0,0.075743884,0.03061560149620535,0.3398944,0.020600858364834326
47152,3034152,2017-01-13 22:58:42,0,0.20579605,0.05631517092087957,0.37113628,0.02340706434618591
47153,3034153,2017-01-13 22:58:50,0,0.013310034,0.011515915766347256,0.6433104,0.06526610890708173
47154,3034154,2017-01-13 22:59:36,0,0.15288156,0.04658491883720734,0.40902293,0.02715879649309603
47155,3034155,2017-01-13 22:59:58,0,0.25908634,0.06579520079361544,0.32859838,0.019642960225758566
47156,3034156,2017-01-13 23:00:13,0,0.047954466,0.02356385240464032,0.23193899,0.012463949472673059
47157,3034157,2017-01-13 23:00:15,0,0.04884558,0.02381118764136263,0.5858247,0.0524307778155936
47158,3034158,2017-01-13 23:00:44,0,0.04073348,0.021487055512627265,0.42130584,0.028467915969503207
47159,3034159,2017-01-13 23:00:45,0,0.02256626,0.0154373101100912,0.2783519,0.01570238757077111
47160,3034160,2017-01-13 23:00:51,0,0.04055285,0.02143328235036427,0.3815535,0.024398128554260417
47161,3034161,2017-01-13 23:00:55,0,0.06308209,0.02755086948380492,0.45274687,0.03205453472607058
47162,3034162,2017-01-13 23:01:04,0,0.01953755,0.014248077539174071,0.62554646,0.0609330821107141
47163,3034163,2017-01-13 23:01:24,0,0.18000208,0.05163600343379511,0.36036387,0.022412209701955222
47164,3034164,2017-01-13 23:01:35,0,0.17292686,0.0503338061090532,0.811793,0.13857137084348975
47165,3034165,2017-01-13 23:01:46,0,0.03243612,0.01890486570593594,0.5349178,0.04342280127049956
47166,3034166,2017-01-13 23:01:59,0,0.03233778,0.018872720385826557,0.30346698,0.01760992966215561
47167,3034167,2017-01-13 23:02:05,0,0.06715521,0.02855952539476768,0.58733654,0.052728025728056065
47168,3034168,2017-01-13 23:02:22,0,0.027682953,0.017300860513778868,0.39642468,0.025865120550857358
47169,3034169,2017-01-13 23:02:42,0,0.0535085,0.025077540359843636,0.25772932,0.014220294773646608
47170,3034170,2017-01-13 23:02:46,0,0.15442249,0.046876696286011904,0.35689378,0.022098000469104956
47171,3034171,2017-01-13 23:02:52,0,0.05740838,0.026103984335811143,0.3140867,0.01845310231603311
47172,3034172,2017-01-13 23:02:58,0,0.09308726,0.034532452542298815,0.2780018,0.015676613370793575
47173,3034173,2017-01-13 23:03:13,0,0.0046150694,0.006414432985237808,0.17451382,0.008892026171435093
47174,3034174,2017-01-13 23:03:29,0,0.041563362,0.02173287916176832,0.478431,0.03526670920698329
47175,3034175,2017-01-13 23:04:06,0,0.07794552,0.031128888353697565,0.3121422,0.018297011381674277
47176,3034176,2017-01-13 23:04:08,0,0.057415724,0.026105891079607722,0.30902267,0.018048205894307827
47177,3034177,2017-01-13 23:04:23,0,0.29440686,0.07205747140257858,0.1592415,0.008011185271632708
47178,3034178,2017-01-13 23:04:26,0,0.0556296,0.02563926249636415,0.3033985,0.01760456511573617
47179,3034179,2017-01-13 23:04:27,0,0.03867964,0.020869756662006123,0.50766844,0.039281804175197915
47180,3034180,2017-01-13 23:04:33,0,0.027590208,0.01726845631269437,0.2792434,0.015768114807371354
47181,3034181,2017-01-13 23:04:58,0,0.027691036,0.01730368277203782,0.24423613,0.013288531746875379
47182,3034182,2017-01-13 23:05:05,0,0.012270403,0.011008920609873352,0.47685495,0.0350615789281095
47183,3034183,2017-01-13 23:05:09,0,0.20350583,0.05590326406413138,0.7858905,0.12114139409527146
47184,3034184,2017-01-13 23:05:34,0,0.019102354,0.014070841156688055,0.21115515,0.011120438783622781
47185,3034185,2017-01-13 23:06:11,0,0.038024817,0.0206701473357366,0.3081295,0.01797733010281647
47186,3034186,2017-01-13 23:06:16,0,0.0100406455,0.009852966197917916,0.42910606,0.0293250855845063
47187,3034187,2017-01-13 23:06:57,0,0.034508906,0.019573249273531913,0.406373,0.026882654147447053
47188,3034188,2017-01-13 23:07:14,0,0.015568307,0.012560626408946122,0.157359,0.007904427909644005
47189,3034189,2017-01-13 23:07:40,0,0.061198145,0.027076119500366785,0.31543106,0.018561470739980646
47190,3034190,2017-01-13 23:07:42,0,0.20670362,0.05647824388287729,0.57008475,0.04944544498223309
47191,3034191,2017-01-13 23:08:51,0,0.10557856,0.03720331451145993,0.252244,0.013838012016597165
47192,3034192,2017-01-13 23:09:06,0,0.018751627,0.013926729876940224,0.4280586,0.029208777786448842
47193,3034193,2017-01-13 23:09:12,0,0.31655812,0.07601431452128958,0.24655089,0.013446331131691653
47194,3034194,2017-01-13 23:09:15,0,0.042594172,0.02203547023939713,0.21219008,0.011185909721746708
47195,3034195,2017-01-13 23:10:10,0,0.0057891123,0.007269055696654331,0.29579368,0.017014548490166575
47196,3034196,2017-01-13 23:10:25,0,0.028545368,0.017600015014328688,0.3298376,0.0197466591661963
47197,3034197,2017-01-13 23:10:56,0,0.00933646,0.00946478475432234,0.22007118,0.011689314689363642
47198,3034198,2017-01-13 23:11:04,0,0.38930765,0.08938091843886081,0.36015427,0.022393145732477
47199,3034199,2017-01-13 23:11:10,0,0.01117293,0.010452726704545326,0.49922633,0.0380799447537854
47200,3034200,2017-01-13 23:11:32,0,0.007866176,0.008609816014353622,0.17043215,0.00865399799500865
47201,3034201,2017-01-13 23:11:37,0,0.010615712,0.010161110146709073,0.70202273,0.08271252548998428
47202,3034202,2017-01-13 23:11:39,0,0.09955717,0.03592924871055206,0.7370735,0.09624729671594263
47203,3034203,2017-01-13 23:11:50,0,0.023464466,0.015776567094762675,0.33138576,0.019876686336377836
47204,3034204,2017-01-13 23:12:01,0,0.14960873,0.045962956646858656,0.23451534,0.012634823357118507
47205,3034205,2017-01-13 23:12:14,0,0.18587284,0.05270965131512008,0.47016284,0.0342026002708368
47206,3034206,2017-01-13 23:12:32,0,0.047141973,0.02333674685974282,0.35882497,0.02227249579625289
47207,3034207,2017-01-13 23:12:37,0,0.0089401975,0.009240632769297314,0.10932562,0.005303590534284743
47208,3034208,2017-01-13 23:12:46,0,0.07425826,0.03026623895501484,0.22452626,0.011977732102768915
47209,3034209,2017-01-13 23:12:51,0,0.047914732,0.02355278177980055,0.22100437,0.011749495349539571
47210,3034210,2017-01-13 23:12:53,0,0.20660391,0.05646033332386902,0.74628013,0.10032337579242281
47211,3034211,2017-01-13 23:13:05,1,0.029563438,0.017948301218540606,0.30875692,0.018027101416383005
47212,3034212,2017-01-13 23:13:11,0,0.14658989,0.045386437849617996,0.22722328,0.012153712775490854
47213,3034213,2017-01-13 23:13:40,0,0.05604901,0.02574934640510197,0.5038835,0.038738488691979114
47214,3034214,2017-01-13 23:13:51,0,0.0358526,0.01999766032502693,0.15087599,0.007539725322256045
47215,3034215,2017-01-13 23:13:57,0,0.007540198,0.008410889722314623,0.26568136,0.014783240468422847
47216,3034216,2017-01-13 23:14:34,0,0.08783255,0.03337431888986226,0.24927434,0.013633063789028687
47217,3034217,2017-01-13 23:14:34,0,0.1171697,0.03959491825637566,0.34676376,0.021197588938960586
47218,3034218,2017-01-13 23:14:43,0,0.047533892,0.02344648721156804,0.2549375,0.014025120164080935
47219,3034219,2017-01-13 23:15:17,0,0.023257848,0.015699026090626823,0.2542353,0.013976228271675398
47220,3034220,2017-01-13 23:15:39,0,0.07785109,0.031106978035872285,0.2539137,0.013953863130430672
47221,3034221,2017-01-13 23:15:42,0,0.1547782,0.04694395618916898,0.2253066,0.012028541983730887
47222,3034222,2017-01-13 23:15:47,0,0.03103322,0.01844235371789556,0.2832335,0.01606402880988717
47223,3034223,2017-01-13 23:15:50,0,0.014111609,0.011895031892916994,0.6624219,0.07036744729185687
47224,3034224,2017-01-13 23:15:58,1,0.66414046,0.1550563799287313,0.8094881,0.1368646581567709
47225,3034225,2017-01-13 23:16:03,0,0.0051900353,0.0068437730583446495,0.113341615,0.005512561509414141
47226,3034226,2017-01-13 23:16:15,0,0.021077024,0.014861767777370541,0.2229446,0.011875014426572916
47227,3034227,2017-01-13 23:16:19,0,0.029452192,0.017910491657062197,0.39571375,0.02579353901172314
47228,3034228,2017-01-13 23:16:26,0,0.018054785,0.013636890344533912,0.2829696,0.016044368954058908
47229,3034229,2017-01-13 23:16:32,0,0.34506044,0.08116866671948345,0.40787524,0.0270389308698958
47230,3034230,2017-01-13 23:16:47,0,0.007241397,0.008225159980257768,0.33724716,0.020373800415128488
47231,3034231,2017-01-13 23:16:53,0,0.3291905,0.07828838724146586,0.67743224,0.07473878793225879
47232,3034232,2017-01-13 23:16:54,1,0.5124996,0.1145880277592373,0.8374176,0.1601147792558768
47233,3034233,2017-01-13 23:16:56,0,0.31044447,0.07491875128518252,0.7422507,0.0985091632634039
47234,3034234,2017-01-13 23:17:22,0,0.037811328,0.020604766087479943,0.24530345,0.01336118880056812
47235,3034235,2017-01-13 23:17:25,0,0.05550759,0.02560717804730013,0.4595724,0.03288178605713807
47236,3034236,2017-01-13 23:17:26,0,0.24206652,0.06278114148986436,0.3904549,0.02526862706729285
47237,3034237,2017-01-13 23:17:34,0,0.0051431456,0.0068095833096589965,0.3261908,0.019442447564260754
47238,3034238,2017-01-13 23:17:39,1,0.021277152,0.014940105196723293,0.49839565,0.0379636191002753
47239,3034239,2017-01-13 23:17:41,0,0.005934933,0.007369553420585736,0.38510156,0.024742438223500918
47240,3034240,2017-01-13 23:17:42,0,0.02531691,0.016459175778798164,0.2644685,0.01469669798758422
47241,3034241,2017-01-13 23:17:44,0,0.42945224,0.09714267934141452,0.364736,0.02281239800345411
47242,3034242,2017-01-13 23:17:47,0,0.046425924,0.02313530611957534,0.2696612,0.01506896462749824
47243,3034243,2017-01-13 23:17:58,0,0.051700063,0.02459174855639501,0.2037437,0.010655799335631566
47244,3034244,2017-01-13 23:18:24,0,0.19857037,0.05501353840806461,0.27487153,0.015447138178558998
47245,3034245,2017-01-13 23:18:27,0,0.015494509,0.012527579905110641,0.30838364,0.017997481596132837
47246,3034246,2017-01-13 23:18:29,0,0.16171575,0.04824907738104819,0.3529013,0.021740165566545924
47247,3034247,2017-01-13 23:18:57,0,0.12733786,0.041636496908454244,0.2309589,0.012399203235747959
47248,3034248,2017-01-13 23:19:00,0,0.18702227,0.05291919015284527,0.27168557,0.0152153393401773
47249,3034249,2017-01-13 23:19:01,0,0.04039171,0.021385228295132817,0.2643827,0.01469058513175022
47250,3034250,2017-01-13 23:19:09,1,0.046073474,0.023035699881967995,0.35974455,0.022355911538620005
47251,3034251,2017-01-13 23:19:10,0,0.10930489,0.037980429281014166,0.29750618,0.017146439130586975
47252,3034252,2017-01-13 23:19:53,0,0.04516681,0.022778058465768768,0.35226887,0.021683838451366177
47253,3034253,2017-01-13 23:20:49,0,0.021721648,0.015112971398089732,0.31427547,0.018468296460488278
47254,3034254,2017-01-13 23:21:32,0,0.023790436,0.0158983083522704,0.43629366,0.03013348484110653
47255,3034255,2017-01-13 23:21:34,0,0.014449298,0.012051909142495923,0.40112647,0.026342306049559675
47256,3034256,2017-01-13 23:22:42,0,0.024201045,0.01605064992736017,0.25290608,0.013883897022791174
47257,3034257,2017-01-13 23:22:45,0,0.037285145,0.020442972530328365,0.30996457,0.018123122132685576
47258,3034258,2017-01-13 23:23:03,1,0.030144127,0.01814469860366052,0.45791814,0.03267959763355643
47259,3034259,2017-01-13 23:23:09,0,0.09290262,0.034492133166710064,0.32767883,0.01956622775444778
47260,3034260,2017-01-13 23:23:17,0,0.08356275,0.0324159289352865,0.71169597,0.0861667636785459
47261,3034261,2017-01-13 23:23:24,0,0.023616148,0.015833305892034712,0.25964013,0.014354610855272084
47262,3034262,2017-01-13 23:23:33,0,0.010632604,0.01017004863704806,0.30879298,0.01802996437425791
47263,3034263,2017-01-13 23:23:38,0,0.025799818,0.016633587778008496,0.4253108,0.02890545122246878
47264,3034264,2017-01-13 23:23:52,0,0.4738917,0.10620251946311253,0.7178506,0.08846948136578892
47265,3034265,2017-01-13 23:24:35,1,0.24470033,0.06324793886457752,0.51112074,0.03978384640448736
47266,3034266,2017-01-13 23:24:40,0,0.043463487,0.02228836415226428,0.6571327,0.06890629895284217
47267,3034267,2017-01-13 23:24:48,0,0.3109602,0.07501105567002418,0.19566512,0.01015758755722073
47268,3034268,2017-01-13 23:24:50,0,0.012366463,0.01105653890136198,0.22574098,0.012056863527638472
47269,3034269,2017-01-13 23:25:32,0,0.46108028,0.10353219288395658,0.28593487,0.01626600125991203
47270,3034270,2017-01-13 23:25:37,1,0.024436262,0.01613742143942566,0.4248264,0.02885224731158654
47271,3034271,2017-01-13 23:25:44,0,0.010690858,0.01020082504564097,0.36552286,0.02288493767522607
47272,3034272,2017-01-13 23:26:17,1,0.0859494,0.03295363827373585,0.2738373,0.015371697806127387
47273,3034273,2017-01-13 23:26:24,0,0.021208515,0.014913274220963692,0.149555,0.007465966953793823
47274,3034274,2017-01-13 23:26:36,0,0.55090284,0.12353056614988502,0.3095713,0.01809182069543132
47275,3034275,2017-01-13 23:26:36,0,0.14480269,0.04504379622515242,0.82335883,0.14767404013480503
47276,3034276,2017-01-13 23:26:56,0,0.14002426,0.04412254917703523,0.8403945,0.16297053927664032
47277,3034277,2017-01-13 23:27:03,0,0.019053528,0.014050848142885137,0.41327542,0.02760654291361642
47278,3034278,2017-01-13 23:27:16,0,0.016728852,0.013071620542071158,0.34624365,0.021152021930545932
47279,3034279,2017-01-13 23:27:17,0,0.22272715,0.05934465121673629,0.68745095,0.07785710472232857
47280,3034280,2017-01-13 23:27:56,0,0.021290721,0.014945405233649277,0.3595704,0.022340099445750376
47281,3034281,2017-01-13 23:27:58,0,0.095702045,0.03510064593747383,0.35343778,0.021788021838552822
47282,3034282,2017-01-13 23:27:59,0,0.12797907,0.04176368311904886,0.34161967,0.02074969917356143
47283,3034283,2017-01-13 23:28:00,0,0.010861663,0.010290640609397154,0.36007842,0.022386249850914752
47284,3034284,2017-01-13 23:28:04,0,0.011407246,0.010573430888639698,0.4070237,0.02695026012147853
47285,3034285,2017-01-13 23:28:08,0,0.24228577,0.06282000863134808,0.43545577,0.030038308567150826
47286,3034286,2017-01-13 23:28:12,0,0.024711557,0.01623852663222438,0.67010957,0.07256331250094109
47287,3034287,2017-01-13 23:28:37,0,0.042501267,0.02200832051685262,0.3520487,0.021664251124543146
47288,3034288,2017-01-13 23:29:16,0,0.009374816,0.009486255240405835,0.26272404,0.014572657369535799
47289,3034289,2017-01-13 23:29:19,0,0.008457671,0.00896164373329865,0.2996632,0.01731336455594765
47290,3034290,2017-01-13 23:29:33,0,0.0051052016,0.006781814352004075,0.31428865,0.018469357013620215
47291,3034291,2017-01-13 23:29:37,0,0.011102452,0.010416203149596303,0.36173022,0.022536754963808827
47292,3034292,2017-01-13 23:29:41,0,0.0133032985,0.011512688380918864,0.21128193,0.011128451146427324
47293,3034293,2017-01-13 23:30:19,0,0.018185958,0.013691815349478413,0.32822034,0.01961139192556218
47294,3034294,2017-01-13 23:30:26,0,0.21152075,0.0573423782246412,0.41707554,0.02801154270903537
47295,3034295,2017-01-13 23:30:37,0,0.012409349,0.011077745201776758,0.3841253,0.02464735057489943
47296,3034296,2017-01-13 23:30:43,0,0.048297055,0.023659153799622884,0.5917531,0.053607455074067466
47297,3034297,2017-01-13 23:30:49,0,0.0137465475,0.011723575581087314,0.32020333,0.018949194258996067
47298,3034298,2017-01-13 23:30:52,0,0.015619943,0.012583708279284778,0.68476135,0.07700321327693782
47299,3034299,2017-01-13 23:30:54,0,0.025226979,0.016426539084054722,0.35792342,0.02219091996335265
47300,3034300,2017-01-13 23:31:26,0,0.051741738,0.024603017418507733,0.5269083,0.04216195539907043
47301,3034301,2017-01-13 23:31:42,0,0.0234514,0.01577167279191347,0.51921123,0.04098530318158615
47302,3034302,2017-01-13 23:31:59,0,0.044515546,0.022591714445467523,0.2450351,0.013342904183361216
47303,3034303,2017-01-13 23:32:01,0,0.0766861,0.03083590789700152,0.33133096,0.019872074248484042
47304,3034304,2017-01-13 23:32:07,0,0.003009133,0.005066317995101068,0.3015969,0.01746377603086469
47305,3034305,2017-01-13 23:32:07,0,0.010324166,0.010005836594975854,0.43010032,0.029435836326890483
47306,3034306,2017-01-13 23:32:18,0,0.06143991,0.02713734842475885,0.70815206,0.08487853818207448
47307,3034307,2017-01-13 23:32:39,0,0.102451086,0.03654451459009073,0.4479932,0.031489098251051055
47308,3034308,2017-01-13 23:32:44,0,0.02222533,0.015307027720609568,0.30706728,0.017893248720465733
47309,3034309,2017-01-13 23:33:23,0,0.18517402,0.0525821541052124,0.37020582,0.02331995134632682
47310,3034310,2017-01-13 23:33:25,0,0.01803466,0.013628447898032551,0.27828604,0.0156975373428455
47311,3034311,2017-01-13 23:33:40,0,0.030187827,0.01815941385472916,0.40394455,0.02663149959368633
47312,3034312,2017-01-13 23:33:46,0,0.0074316324,0.008343792498110736,0.22150232,0.01178165833595475
47313,3034313,2017-01-13 23:33:48,0,0.037149798,0.020401203967658932,0.2181311,0.011564591165021999
47314,3034314,2017-01-13 23:33:57,0,0.015590832,0.012570699378582344,0.2680843,0.0149554320879055
47315,3034315,2017-01-13 23:34:12,0,0.007666212,0.008488234023852907,0.26903135,0.015023566767655731
47316,3034316,2017-01-13 23:34:24,0,0.0074633947,0.008363467522459872,0.33366528,0.02006910296432897
47317,3034317,2017-01-13 23:34:25,0,0.06318219,0.027575943788546393,0.2665701,0.014846812399774043
47318,3034318,2017-01-13 23:34:53,0,0.011536988,0.010639795194166001,0.3526033,0.021713610395701865
47319,3034319,2017-01-13 23:35:22,0,0.015076728,0.012339186658280033,0.43628606,0.030132620477718742
47320,3034320,2017-01-13 23:35:52,0,0.012976957,0.011355443988549575,0.25412574,0.013968607621927732
47321,3034321,2017-01-13 23:35:59,0,0.011115114,0.010422772607696298,0.39749375,0.025973042333815713
47322,3034322,2017-01-13 23:36:03,0,0.049704943,0.024048025652880164,0.46518636,0.033576180482776746
47323,3034323,2017-01-13 23:36:13,0,0.043525856,0.022306429266673606,0.24318744,0.01321731541269803
47324,3034324,2017-01-13 23:36:26,0,0.017836237,0.013544993383280505,0.3426822,0.020841708201258507
47325,3034325,2017-01-13 23:36:35,0,0.033300977,0.019185840868266583,0.2705604,0.015133896917000754
47326,3034326,2017-01-13 23:36:45,0,0.046880666,0.02326337742936735,0.44005448,0.030563778667196236
47327,3034327,2017-01-13 23:37:21,0,0.026933717,0.017037752816117902,0.27801386,0.015677501547818357
47328,3034328,2017-01-13 23:38:04,0,0.008194635,0.008806583123775568,0.24818543,0.013558262792771985
47329,3034329,2017-01-13 23:38:06,0,0.009163581,0.009367522117666244,0.24980804,0.013669793561181578
47330,3034330,2017-01-13 23:39:29,0,0.004659102,0.006448129099537167,0.2281124,0.012211958239552638
47331,3034331,2017-01-13 23:39:32,0,0.13157278,0.042473347674948696,0.38266563,0.02450567599717219
47332,3034332,2017-01-13 23:39:33,0,0.026066797,0.016729416869326316,0.2179665,0.011554033784821225
47333,3034333,2017-01-13 23:40:10,0,0.009711361,0.009673001972806154,0.23864982,0.01291110892047162
47334,3034334,2017-01-13 23:40:24,0,0.021930523,0.015193678059826396,0.22305961,0.011882471330539185
47335,3034335,2017-01-13 23:40:35,0,0.0042435313,0.006124166957583975,0.32169127,0.019071059199896805
47336,3034336,2017-01-13 23:40:57,0,0.020607626,0.014676761212886776,0.2628339,0.014580453456320999
47337,3034337,2017-01-13 23:41:01,0,0.01424026,0.011954990098843215,0.30846733,0.018004119679130848
47338,3034338,2017-01-13 23:41:09,0,0.020833846,0.014766146873183833,0.30299103,0.017572667677508497
47339,3034339,2017-01-13 23:41:25,0,0.015067526,0.012335011858604632,0.40394735,0.0266317882798772
47340,3034340,2017-01-13 23:41:57,0,0.16483371,0.04883172341269325,0.47614962,0.03497012970250998
47341,3034341,2017-01-13 23:41:59,0,0.03715695,0.0204034128305647,0.2712441,0.015183358931259602
47342,3034342,2017-01-13 23:42:06,0,0.16335152,0.048555039534285964,0.31567723,0.018581354684547566
47343,3034343,2017-01-13 23:42:09,0,0.025103182,0.016381531632872117,0.26289785,0.014584993287073423
47344,3034344,2017-01-13 23:42:18,0,0.0069226227,0.008023213076091898,0.33946258,0.020563710127972867
47345,3034345,2017-01-13 23:42:22,0,0.011048736,0.01038829731746037,0.29914477,0.01727316401852811
47346,3034346,2017-01-13 23:42:43,0,0.33190054,0.07877827205296185,0.4951319,0.03750985464059656
47347,3034347,2017-01-13 23:42:49,0,0.018639786,0.013880530264830814,0.3391636,0.020538015934776624
47348,3034348,2017-01-13 23:42:52,0,0.0071225176,0.008150320466597869,0.32753816,0.019554505953773074
47349,3034349,2017-01-13 23:43:03,0,0.008514857,0.0089950702651734,0.21721509,0.011505886372574657
47350,3034350,2017-01-13 23:43:16,1,0.052928887,0.024922548484603416,0.2606497,0.014425819680283978
47351,3034351,2017-01-13 23:43:31,0,0.06398628,0.027776827843206002,0.4410538,0.030678978487256852
47352,3034352,2017-01-13 23:43:34,0,0.2961036,0.0723594382209357,0.72289896,0.09042317463798433
47353,3034353,2017-01-13 23:43:37,0,0.007937334,0.008652749087924072,0.20640533,0.010821817207747888
47354,3034354,2017-01-13 23:43:40,0,0.04561098,0.02290453122688174,0.25761706,0.014212421903933233
47355,3034355,2017-01-13 23:44:08,0,0.025313476,0.01645793021596971,0.23182075,0.012456130841678731
47356,3034356,2017-01-13 23:44:32,0,0.083878055,0.032487266991990324,0.31956413,0.018896986110216434
47357,3034357,2017-01-13 23:44:34,0,0.03490588,0.019699335327515846,0.33412984,0.020108458716201996
47358,3034358,2017-01-13 23:44:36,0,0.05792282,0.02623735129323302,0.7415613,0.09820356174814637
47359,3034359,2017-01-13 23:44:39,0,0.0071679177,0.008178966816691882,0.34895253,0.021390049653871198
47360,3034360,2017-01-13 23:44:56,0,0.039557733,0.021135270030510644,0.24719101,0.013490116372618391
47361,3034361,2017-01-13 23:44:59,0,0.03990578,0.021239844277898837,0.30293098,0.017567969340024206
47362,3034362,2017-01-13 23:45:34,0,0.04789979,0.02354861767712174,0.24094167,0.013065374118792258
47363,3034363,2017-01-13 23:45:34,0,0.0734034,0.030064073227488497,0.22341256,0.011905367807302732
47364,3034364,2017-01-13 23:45:36,0,0.71739566,0.1740181040511705,0.28181884,0.015958787367067073
47365,3034365,2017-01-13 23:45:38,0,0.009561278,0.009590082039667179,0.37443048,0.023717315808917474
47366,3034366,2017-01-13 23:45:43,0,0.056992993,0.025995961684303442,0.3002027,0.017355256532114855
47367,3034367,2017-01-13 23:45:47,0,0.071279615,0.029558103912770264,0.24079016,0.013055150936770824
47368,3034368,2017-01-13 23:47:06,0,0.240016,0.06241757319970823,0.63157797,0.06236345467852845
47369,3034369,2017-01-13 23:47:08,0,0.045650333,0.0229157130593757,0.42062458,0.028394022953333264
47370,3034370,2017-01-13 23:47:14,0,0.012730443,0.01123550864681376,0.35503295,0.02193073384000711
47371,3034371,2017-01-13 23:47:14,0,0.4867981,0.10894634738729086,0.6047342,0.05629167448181608
47372,3034372,2017-01-13 23:47:21,0,0.020546157,0.014652400118198195,0.51645994,0.04057274590627687
47373,3034373,2017-01-13 23:47:30,0,0.17047338,0.04987993269084569,0.30691794,0.017881445576287295
47374,3034374,2017-01-13 23:48:05,0,0.26272058,0.06643844453255396,0.7730154,0.1137123841181132
47375,3034375,2017-01-13 23:48:31,0,0.04005868,0.021285667461507073,0.30774018,0.017946487591274013
47376,3034376,2017-01-13 23:48:45,0,0.017575014,0.013434507962406425,0.22814064,0.012213809940196352
47377,3034377,2017-01-13 23:49:01,0,0.052271057,0.024745837784823803,0.20188434,0.010540378487729303
47378,3034378,2017-01-13 23:49:06,0,0.0019418567,0.00397888957595528,0.21034828,0.011069496334535358
47379,3034379,2017-01-13 23:49:13,0,0.023491759,0.015786788059536837,0.31977916,0.01891453907224356
47380,3034380,2017-01-13 23:49:13,0,0.025692005,0.016594769870691573,0.4027905,0.026512776813622727
47381,3034381,2017-01-13 23:49:18,0,0.025438448,0.016503203873496422,0.60233927,0.05578491412345861
47382,3034382,2017-01-13 23:49:37,0,0.02587833,0.016661812500502592,0.39678988,0.025901948998226985
47383,3034383,2017-01-13 23:49:43,0,0.0065073827,0.007753832309468852,0.31154305,0.01824907199088901
47384,3034384,2017-01-13 23:49:49,0,0.042025186,0.021868817022437134,0.31226414,0.0183067779952847
47385,3034385,2017-01-13 23:49:55,0,0.005915719,0.007356374850520524,0.31644067,0.01864310115503395
47386,3034386,2017-01-13 23:50:00,0,0.023983484,0.015970070651825076,0.19343229,0.010021370110772476
47387,3034387,2017-01-13 23:50:22,0,0.02065647,0.014696096507952193,0.33196622,0.019925574117287726
47388,3034388,2017-01-13 23:50:24,0,0.010652054,0.01018033259986524,0.31018117,0.018140375452753883
47389,3034389,2017-01-13 23:50:41,0,0.018116673,0.013662825798174261,0.49948198,0.03811581301100586
47390,3034390,2017-01-13 23:51:09,0,0.011167157,0.010449739151116326,0.4259954,0.02898078511552954
47391,3034391,2017-01-13 23:51:12,0,0.33810237,0.07990231782920411,0.2803419,0.015849296269959606
47392,3034392,2017-01-13 23:51:17,0,0.0052440977,0.006883021889741752,0.33996347,0.020606802455532824
47393,3034393,2017-01-13 23:51:27,0,0.19800407,0.05491125939932908,0.23102295,0.012403430809937789
47394,3034394,2017-01-13 23:51:30,0,0.02762913,0.01728206084699403,0.50164187,0.038420155624847296
47395,3034395,2017-01-13 23:51:33,0,0.012996558,0.011364937483563157,0.25798205,0.014238025145261327
47396,3034396,2017-01-13 23:51:35,0,0.03025784,0.018182971250156298,0.44317856,0.030925129358499566
47397,3034397,2017-01-13 23:51:43,0,0.008733661,0.009122055798373087,0.29936615,0.017290324067444254
47398,3034398,2017-01-13 23:51:50,0,0.018304203,0.013741179720988053,0.31375366,0.018426313317408315
47399,3034399,2017-01-13 23:52:11,0,0.0036155651,0.005606306740520327,0.28672203,0.01632510571188809
47400,3034400,2017-01-13 23:52:22,0,0.01302692,0.011379630130744217,0.31815308,0.01878203906002343
47401,3034401,2017-01-13 23:52:31,0,0.12649246,0.041468540793895954,0.6774158,0.07473380510978157
47402,3034402,2017-01-13 23:54:05,0,0.009437805,0.009521430654962212,0.3637718,0.022723726946061187
47403,3034403,2017-01-13 23:54:08,0,0.0029495389,0.005010723063700023,0.30287477,0.01756357243021566
47404,3034404,2017-01-13 23:54:23,0,0.048952576,0.023840764100577366,0.38475385,0.024708541520608748
47405,3034405,2017-01-13 23:54:40,0,0.024675073,0.01622515532788093,0.32849213,0.01963408510045562
47406,3034406,2017-01-13 23:54:49,0,0.007541843,0.008411903181900675,0.46733755,0.033845693015441394
47407,3034407,2017-01-13 23:54:53,0,0.019023255,0.014038440617069783,0.4960088,0.03763126170156574
47408,3034408,2017-01-13 23:54:59,0,0.025559044,0.016546802174691917,0.36744598,0.023062894151026584
47409,3034409,2017-01-13 23:55:20,0,0.06281096,0.027482876316986683,0.7133602,0.08678109236405976
47410,3034410,2017-01-13 23:55:26,0,0.018472975,0.013811399418625397,0.3062194,0.017826295260702976
47411,3034411,2017-01-13 23:55:36,0,0.004093898,0.0060040693610808465,0.30206016,0.017499917021887114
47412,3034412,2017-01-13 23:55:56,0,0.0069742594,0.008056202222562958,0.2330474,0.012537342975916367
47413,3034413,2017-01-13 23:56:00,0,0.14329284,0.04475352970766421,0.7207604,0.08958821760495714
47414,3034414,2017-01-13 23:56:13,0,0.003851679,0.005805414286684766,0.2670514,0.014881296454905282
47415,3034415,2017-01-13 23:56:57,0,0.053390566,0.025046057000743773,0.49168798,0.037036629952961045
47416,3034416,2017-01-13 23:57:02,0,0.0034064013,0.005425003592055114,0.22069281,0.01172938976270043
47417,3034417,2017-01-13 23:57:30,0,0.029725617,0.018003314219495335,0.28191182,0.01596569365230393
47418,3034418,2017-01-13 23:57:34,0,0.0028586236,0.004924929464684121,0.22322144,0.011892967131791946
47419,3034419,2017-01-13 23:57:34,0,0.025253797,0.01643627672886078,0.3090868,0.018053301308116686
47420,3034420,2017-01-13 23:58:02,0,0.021142894,0.014887587121706163,0.2635593,0.014631986500642923
47421,3034421,2017-01-13 23:58:08,0,0.076336965,0.03075438716466278,0.27226514,0.015257375385655539
47422,3034422,2017-01-13 23:58:54,0,0.02436085,0.016109641254216375,0.47360247,0.03464168763304901
47423,3034423,2017-01-13 23:58:59,0,0.023819601,0.01590916595270337,0.3350382,0.02018554999383486
47424,3034424,2017-01-13 23:59:03,1,0.0074063996,0.008328135467770798,0.2823193,0.015995977919190135
47425,3034425,2017-01-13 23:59:23,0,0.015404304,0.012487092812633507,0.32425952,0.019282509459250197
47426,3034426,2017-01-13 23:59:27,0,0.03516634,0.019781740222475884,0.26171076,0.014500840226501216
47427,3034427,2017-01-13 23:59:38,0,0.010212091,0.009945631854852355,0.27942094,0.015781220443507177
47428,3034428,2017-01-13 23:59:49,0,0.017010447,0.013193254293228823,0.2624146,0.01455070757351265
47429,3034429,2017-01-13 23:59:53,0,0.0030902296,0.005141185818751859,0.22925895,0.012287237384563669
47430,3034430,2017-01-14 00:00:16,0,0.031188386,0.01849393291873639,0.3725183,0.023536874980885993
47431,3034431,2017-01-14 00:00:19,0,0.0020499874,0.004099622707779175,0.2077398,0.010905409313475459
47432,3034432,2017-01-14 00:00:33,0,0.002334404,0.004404217841432628,0.5953045,0.054326799643389045
47433,3034433,2017-01-14 00:00:33,0,0.028379953,0.017542934477150468,0.36718768,0.02303893708472852
47434,3034434,2017-01-14 00:01:06,1,0.40733364,0.09282355860647917,0.73543227,0.09554591754362494
47435,3034435,2017-01-14 00:01:18,0,0.032268453,0.018850034155866037,0.38940242,0.02516453461811946
47436,3034436,2017-01-14 00:01:30,0,0.13704552,0.04354429448398745,0.33957192,0.020573112362856864
47437,3034437,2017-01-14 00:01:36,0,0.007924982,0.008645309286720335,0.27698207,0.015601669720626855
47438,3034438,2017-01-14 00:02:03,0,0.005543765,0.007097379711728956,0.57651716,0.050641885649250845
47439,3034439,2017-01-14 00:02:16,0,0.012057596,0.010902841132443707,0.27975383,0.015805810024451968
47440,3034440,2017-01-14 00:02:26,0,0.039332874,0.021067509435030017,0.30564255,0.017780825105203502
47441,3034441,2017-01-14 00:02:28,0,0.0028393487,0.004906584046150483,0.44658643,0.031323417458502
47442,3034442,2017-01-14 00:02:29,0,0.014437271,0.012046349586943771,0.18112779,0.009281900635068714
47443,3034443,2017-01-14 00:02:45,0,0.014287815,0.01197709320202573,0.20990227,0.011041375105964485
47444,3034444,2017-01-14 00:02:48,0,0.0047346363,0.0065056024281342105,0.50019133,0.03821550912969346
47445,3034445,2017-01-14 00:03:05,0,0.00394622,0.0058835990955975175,0.34718454,0.021234500252361427
47446,3034446,2017-01-14 00:03:47,0,0.0112289535,0.010481687243095365,0.44965374,0.03168563412025522
47447,3034447,2017-01-14 00:04:08,0,0.053419985,0.02505391296634532,0.36650318,0.022975532920279026
47448,3034448,2017-01-14 00:04:29,0,0.003996336,0.005924704467028949,0.2883568,0.016448216379508548
47449,3034449,2017-01-14 00:04:52,0,0.0077696955,0.008551327761500693,0.29091,0.016641479563414486
47450,3034450,2017-01-14 00:04:53,0,0.014988748,0.012299223827732514,0.27354947,0.015350735585843222
47451,3034451,2017-01-14 00:05:09,0,0.017151121,0.013253689663940985,0.26104257,0.014453574289662633
47452,3034452,2017-01-14 00:05:12,0,0.09113457,0.03410469445868449,0.511678,0.03986546992230011
47453,3034453,2017-01-14 00:05:12,0,0.047976732,0.023570054558088662,0.53760695,0.043854762397686105
47454,3034454,2017-01-14 00:05:20,0,0.47592926,0.10663200336393693,0.88156885,0.21333843600770022
47455,3034455,2017-01-14 00:05:24,0,0.002612414,0.004686231825933338,0.168535,0.008544020277643736
47456,3034456,2017-01-14 00:05:32,0,0.009946035,0.009801529827596151,0.40033314,0.026261326480111966
47457,3034457,2017-01-14 00:05:51,0,0.09819031,0.03563666612514942,0.43827194,0.03035919412895398
47458,3034458,2017-01-14 00:07:06,0,0.007495749,0.008383470908565404,0.30619317,0.01782422657399051
47459,3034459,2017-01-14 00:07:10,0,0.02650106,0.01688440517647903,0.36075386,0.022447710519407377
47460,3034460,2017-01-14 00:07:38,0,0.038178667,0.020717171128812793,0.36245883,0.022603361220837677
47461,3034461,2017-01-14 00:08:03,0,0.008771337,0.009143778234923362,0.31987146,0.018922076570533436
47462,3034462,2017-01-14 00:08:24,0,0.032319263,0.01886666255247323,0.3927016,0.02549189921129115
47463,3034463,2017-01-14 00:08:35,0,0.002276816,0.004343950214313623,0.41392073,0.02767498964521782
47464,3034464,2017-01-14 00:08:39,0,0.011927902,0.010837786928488741,0.4120169,0.027473436186969367
47465,3034465,2017-01-14 00:08:53,0,0.05095937,0.024390868356449727,0.29166886,0.01669915495676023
47466,3034466,2017-01-14 00:08:58,0,0.007363752,0.008301618435853761,0.2288869,0.01226278864405688
47467,3034467,2017-01-14 00:09:14,0,0.11555193,0.03926551204305452,0.36804977,0.023118963594242693
47468,3034468,2017-01-14 00:09:39,0,0.0018473371,0.0038708594794337197,0.29769245,0.01716081839448208
47469,3034469,2017-01-14 00:09:57,0,0.06927367,0.02907515752909561,0.33795786,0.020434600974123952
47470,3034470,2017-01-14 00:10:11,0,0.00441824,0.006262017606564374,0.1778382,0.009087338088083206
47471,3034471,2017-01-14 00:10:15,0,0.058000933,0.026257561828015263,0.29509476,0.01696088059492151
47472,3034472,2017-01-14 00:10:42,0,0.03930572,0.021059316070200007,0.2891372,0.01650716038808023
47473,3034473,2017-01-14 00:10:51,0,0.026992247,0.017058417283228638,0.28324512,0.01606489497680907
47474,3034474,2017-01-14 00:10:58,0,0.053911813,0.025185002922939417,0.27733955,0.015627921571522947
47475,3034475,2017-01-14 00:10:59,0,0.12341703,0.040854908045440216,0.27381718,0.015370232282572813
47476,3034476,2017-01-14 00:11:06,0,0.07610842,0.030700951099361322,0.6599113,0.06966897850929084
47477,3034477,2017-01-14 00:11:10,0,0.036693808,0.020260021548189722,0.26792753,0.014944168949753674
47478,3034478,2017-01-14 00:11:32,0,0.043124415,0.022189968765005785,0.3598564,0.022366071754179158
47479,3034479,2017-01-14 00:11:39,0,0.0020749469,0.00412708202658033,0.2914918,0.016685688563392545
47480,3034480,2017-01-14 00:11:44,0,0.058193907,0.026307446959962115,0.36883375,0.023191906423323097
47481,3034481,2017-01-14 00:11:47,0,0.023044173,0.01561852569388766,0.25456962,0.013999496058656614
47482,3034482,2017-01-14 00:12:45,0,0.096672334,0.03531019592964094,0.5745869,0.05027951887953504
47483,3034483,2017-01-14 00:12:46,0,0.011442926,0.010591714473229872,0.24941373,0.013642652094331837
47484,3034484,2017-01-14 00:12:49,0,0.035363033,0.01984380258950932,0.26896483,0.015018776177217672
47485,3034485,2017-01-14 00:13:11,0,0.004906928,0.006635183690727424,0.20021321,0.010437027935252596
47486,3034486,2017-01-14 00:13:13,0,0.020263147,0.014539831239823085,0.31995666,0.018929036414628817
47487,3034487,2017-01-14 00:13:32,0,0.39580482,0.09061438518579823,0.3260731,0.01943267816552799
47488,3034488,2017-01-14 00:13:37,0,0.059377756,0.02661211023431767,0.4911242,0.03695970280277035
47489,3034489,2017-01-14 00:13:50,0,0.046225686,0.02307875373296829,0.2179207,0.011551097391361096
47490,3034490,2017-01-14 00:13:50,0,0.02550334,0.016526674515564846,0.33678028,0.020333920539150185
47491,3034491,2017-01-14 00:13:58,0,0.0022172125,0.004280848917970841,0.34516928,0.021058097357797435
47492,3034492,2017-01-14 00:14:03,0,0.025969977,0.016694712659527187,0.2598519,0.01436953405377612
47493,3034493,2017-01-14 00:14:15,0,0.010493378,0.010096189216760035,0.25543535,0.014059831791365166
47494,3034494,2017-01-14 00:14:16,0,0.2936193,0.07191736290290208,0.67371,0.07362241482778291
47495,3034495,2017-01-14 00:14:46,0,0.13940151,0.044001916324382266,0.2803679,0.01585122165291213
47496,3034496,2017-01-14 00:14:58,0,0.023836143,0.015915321707633927,0.36638546,0.022964640944505954
47497,3034497,2017-01-14 00:15:28,0,0.010222511,0.009951241866575226,0.2881513,0.01643271239219666
47498,3034498,2017-01-14 00:15:38,0,0.6069665,0.13798410467099037,0.661109,0.07000106773624674
47499,3034499,2017-01-14 00:15:43,0,0.04885541,0.0238139052814753,0.29041767,0.016604118177126082
47500,3034500,2017-01-14 00:15:54,0,0.4285327,0.09696084070151767,0.7093454,0.08530932480293572
47501,3034501,2017-01-14 00:16:01,0,0.016651418,0.013038017318761197,0.33019373,0.019776523590423138
47502,3034502,2017-01-14 00:16:18,0,0.072709784,0.02989941516674494,0.27987137,0.015814497046787966
47503,3034503,2017-01-14 00:16:23,0,0.027246945,0.017148120476773557,0.24618052,0.013421026739219927
47504,3034504,2017-01-14 00:16:32,0,0.08829933,0.0334781191341653,0.34119418,0.020712927960997326
47505,3034505,2017-01-14 00:16:34,0,0.04234137,0.021961537511998783,0.44323617,0.030931826317485856
47506,3034506,2017-01-14 00:16:48,0,0.018110868,0.01366039437557244,0.23750378,0.012834267998262117
47507,3034507,2017-01-14 00:17:00,0,0.013187877,0.011457269485609876,0.19344713,0.010022273450344973
47508,3034508,2017-01-14 00:17:11,0,0.3036626,0.07370674802752711,0.41612265,0.027909549176856372
47509,3034509,2017-01-14 00:17:26,0,0.05516872,0.025517924936341235,0.31256557,0.018330930677704513
47510,3034510,2017-01-14 00:17:38,0,0.21720184,0.05835871076453638,0.26983568,0.01508155374105367
47511,3034511,2017-01-14 00:17:50,0,0.560107,0.12577887168956764,0.36648524,0.022973872697546208
47512,3034512,2017-01-14 00:18:37,0,0.038725015,0.020883536570723532,0.24633953,0.013431888054177447
47513,3034513,2017-01-14 00:18:54,0,0.023186063,0.015672017328038995,0.24306335,0.013208899201001075
47514,3034514,2017-01-14 00:19:00,0,0.027025377,0.017070105999934554,0.27962515,0.015796302058900386
47515,3034515,2017-01-14 00:19:23,0,0.122831106,0.04073751970945837,0.6284303,0.061611934676111896
47516,3034516,2017-01-14 00:19:43,0,0.18155754,0.05192104223979144,0.42870694,0.02928072453541862
47517,3034517,2017-01-14 00:19:55,0,0.05196803,0.02466414506749172,0.2894866,0.01653358511100662
47518,3034518,2017-01-14 00:19:56,0,0.05700802,0.02599987495623742,0.1669585,0.008452945324420705
47519,3034519,2017-01-14 00:20:22,0,0.011736854,0.01074138736632166,0.27987868,0.015815036763126296
47520,3034520,2017-01-14 00:20:28,0,0.010784939,0.01025037407712929,0.18518144,0.00952345236417944
47521,3034521,2017-01-14 00:20:45,0,0.16085978,0.048088713847404874,0.2562793,0.01411876594093781
47522,3034522,2017-01-14 00:21:20,0,0.02348209,0.015783167742191538,0.3370066,0.020353245908010596
47523,3034523,2017-01-14 00:21:47,0,0.070091404,0.02927264066463843,0.20048672,0.01045391813657864
47524,3034524,2017-01-14 00:22:09,0,0.010686078,0.010198302707980276,0.16901124,0.008571588922672003
47525,3034525,2017-01-14 00:22:35,0,0.065115206,0.028057280645389926,0.4609647,0.033052807640605114
47526,3034526,2017-01-14 00:22:39,0,0.039572455,0.021139701090943295,0.241018,0.01307052524421886
47527,3034527,2017-01-14 00:22:41,0,0.009842469,0.009744975699815838,0.2633022,0.014613711977367718
47528,3034528,2017-01-14 00:22:42,0,0.0046666064,0.006453857812174615,0.1810731,0.009278655523921531
47529,3034529,2017-01-14 00:22:48,0,0.068312325,0.02884189519977535,0.40477252,0.026716926254239878
47530,3034530,2017-01-14 00:22:57,0,0.17172544,0.050111708620214995,0.73286235,0.0944623313994576
47531,3034531,2017-01-14 00:22:58,0,0.025749827,0.01661559709752171,0.30421028,0.0176682123242935
47532,3034532,2017-01-14 00:23:38,0,0.06348839,0.02765255254016042,0.31418297,0.01846084959903133
47533,3034533,2017-01-14 00:23:54,0,0.25446564,0.06497731647328787,0.7926448,0.12534125233333335
47534,3034534,2017-01-14 00:24:22,0,0.00818676,0.008801907366146982,0.34866083,0.021364334031095517
47535,3034535,2017-01-14 00:24:33,0,0.030233786,0.018174880285668573,0.26082367,0.014438106295493074
47536,3034536,2017-01-14 00:24:48,0,0.0118224975,0.010784686524966452,0.2994676,0.01729819109882907
47537,3034537,2017-01-14 00:24:51,0,0.014694546,0.012164837095135694,0.2984011,0.017215584919231728
47538,3034538,2017-01-14 00:25:02,0,0.04476528,0.022663297938411795,0.2892203,0.016513442745790623
47539,3034539,2017-01-14 00:25:24,0,0.077630185,0.031055689314151338,0.800748,0.13068637595512952
47540,3034540,2017-01-14 00:25:28,0,0.019738125,0.014329187799111593,0.3098002,0.018110036537275366
47541,3034541,2017-01-14 00:25:31,0,0.0094571,0.009532184943318677,0.2390151,0.012935642968943365
47542,3034542,2017-01-14 00:25:40,0,0.1330471,0.04276298390826376,0.31587988,0.018597733438590662
47543,3034543,2017-01-14 00:26:04,0,0.018807864,0.01394991537049939,0.21546139,0.011393820623003795
47544,3034544,2017-01-14 00:26:11,0,0.031381167,0.018557866920674425,0.28370732,0.01609935937244523
47545,3034545,2017-01-14 00:26:17,0,0.009662904,0.009646292310678596,0.25451666,0.013995809097756296
47546,3034546,2017-01-14 00:26:51,0,0.005491706,0.00706051931887114,0.25929314,0.014330175522500679
47547,3034547,2017-01-14 00:27:04,0,0.03666324,0.020250532067099525,0.30014756,0.01735097287770122
47548,3034548,2017-01-14 00:27:10,0,0.015611989,0.012580155168839527,0.3677086,0.023087269712942966
47549,3034549,2017-01-14 00:27:16,0,0.06298388,0.027526252849988726,0.32610172,0.019435052826258643
47550,3034550,2017-01-14 00:27:31,0,0.019036345,0.014043806834297045,0.3060403,0.01781216979217542
47551,3034551,2017-01-14 00:27:33,0,0.0011821638,0.0030258903713675737,0.20813751,0.010930368321513506
47552,3034552,2017-01-14 00:28:02,0,0.0032210832,0.005260157200633479,0.16173278,0.008153069623962632
47553,3034553,2017-01-14 00:28:39,0,0.22134942,0.05909901982867428,0.34401885,0.020957823885047765
47554,3034554,2017-01-14 00:28:43,0,0.019335676,0.014166077919807786,0.19160381,0.009910291906141021
47555,3034555,2017-01-14 00:29:00,0,0.05345916,0.025064371711791402,0.3893486,0.02515921987475345
47556,3034556,2017-01-14 00:29:08,0,0.045598514,0.0229009887332731,0.2558894,0.014091523842051755
47557,3034557,2017-01-14 00:29:49,0,0.006760056,0.007918631728173475,0.29817584,0.01719816653831868
47558,3034558,2017-01-14 00:30:00,0,0.061952528,0.027266873790638413,0.4190491,0.028223724325850387
47559,3034559,2017-01-14 00:30:11,0,0.14006108,0.04412967750338756,0.71770287,0.08841319591790738
47560,3034560,2017-01-14 00:30:25,0,0.037813418,0.020605406850290164,0.25776345,0.014222688182727239
47561,3034561,2017-01-14 00:30:47,0,0.0008487963,0.002520376892798089,0.21419391,0.011313090561867687
47562,3034562,2017-01-14 00:30:50,0,0.036935754,0.020335021529118192,0.8366652,0.1594060626480043
47563,3034563,2017-01-14 00:30:57,0,0.014613878,0.012127783904724894,0.27878588,0.015734365651147515
47564,3034564,2017-01-14 00:31:17,0,0.07662137,0.03082080365896774,0.27689204,0.015595061617195503
47565,3034565,2017-01-14 00:31:23,0,0.073965795,0.030197168301495773,0.49139133,0.03699613259616291
47566,3034566,2017-01-14 00:32:00,0,0.020510826,0.014638383857346154,0.46891648,0.034044738197994244
47567,3034567,2017-01-14 00:32:18,0,0.12832634,0.04183249292457018,0.72686005,0.09199902106804526
47568,3034568,2017-01-14 00:32:35,0,0.0061145606,0.007491847911383282,0.38796642,0.025023020341866244
47569,3034569,2017-01-14 00:33:40,0,0.028920785,0.01772904598215735,0.40677837,0.02692475547039757
47570,3034570,2017-01-14 00:33:58,0,0.012131839,0.010939942588046953,0.29724804,0.01712652162143141
47571,3034571,2017-01-14 00:34:08,0,0.036975406,0.020347293799831117,0.19701098,0.010240001172456777
47572,3034572,2017-01-14 00:34:10,0,0.01808455,0.013649368774001263,0.28569794,0.01624823372843238
47573,3034573,2017-01-14 00:34:11,0,0.027426086,0.01721100069816849,0.28358257,0.01609005335087902
47574,3034574,2017-01-14 00:34:24,0,0.05201534,0.024676911905254152,0.32932484,0.019703710791019374
47575,3034575,2017-01-14 00:34:38,0,0.01976743,0.014341008510853672,0.20911773,0.010991973817128065
47576,3034576,2017-01-14 00:34:50,0,0.027753703,0.017325549324402882,0.21412326,0.01130859735727601
47577,3034577,2017-01-14 00:35:01,0,0.0061388863,0.00750828547431787,0.66338134,0.07063675653132435
47578,3034578,2017-01-14 00:35:15,0,0.023709932,0.015868309093543417,0.33103612,0.019847274657252483
47579,3034579,2017-01-14 00:35:33,0,0.020855954,0.01477485974655786,0.29277286,0.0167832547261619
47580,3034580,2017-01-14 00:35:39,0,0.114314646,0.039012664797309936,0.6182298,0.059250999457339124
47581,3034581,2017-01-14 00:36:01,0,0.02276847,0.015514182822780054,0.1943114,0.010074925760021747
47582,3034582,2017-01-14 00:36:21,0,0.31232983,0.07525628850071378,0.28151897,0.0159365251899921
47583,3034583,2017-01-14 00:36:49,0,0.006247748,0.0075814933154189365,0.2996088,0.01730914446847502
47584,3034584,2017-01-14 00:37:15,0,0.009299301,0.00944394634492192,0.19614805,0.01018713317962458
47585,3034585,2017-01-14 00:37:30,0,0.01990834,0.014397742138360366,0.25686046,0.014159417755160345
47586,3034586,2017-01-14 00:37:34,0,0.048569415,0.02373472798858927,0.3369752,0.020350562974156848
47587,3034587,2017-01-14 00:37:54,0,0.007201005,0.008199793107460357,0.35330635,0.02177629123872304
47588,3034588,2017-01-14 00:38:00,0,0.012115386,0.010931729321377438,0.15449342,0.007742663592559741
47589,3034589,2017-01-14 00:38:08,0,0.06309023,0.027552908086302664,0.29727945,0.01712894451945484
47590,3034590,2017-01-14 00:38:14,0,0.011617515,0.010680819794247818,0.3618234,0.02254526670408401
47591,3034591,2017-01-14 00:38:22,0,0.14720349,0.0455038454240673,0.2308171,0.012389847483006785
47592,3034592,2017-01-14 00:38:23,0,0.27228463,0.06813170956203314,0.769854,0.11199425616998122
47593,3034593,2017-01-14 00:38:36,0,0.0282079,0.017483414718177697,0.5745178,0.05026659246279503
47594,3034594,2017-01-14 00:39:37,0,0.021065358,0.014857191526088153,0.2899098,0.016565625819119745
47595,3034595,2017-01-14 00:39:42,0,0.016961148,0.01317202359948903,0.2309386,0.01239786399045672
47596,3034596,2017-01-14 00:39:43,0,0.0759651,0.03066741270643242,0.28990299,0.016565108878674545
47597,3034597,2017-01-14 00:40:32,0,0.034471028,0.019561187011571883,0.38848472,0.02507402924856444
47598,3034598,2017-01-14 00:40:33,0,0.06326223,0.027595983181776362,0.43288365,0.02974769623854466
47599,3034599,2017-01-14 00:40:56,0,0.015715845,0.012626489110686192,0.2608621,0.01444082236071765
47600,3034600,2017-01-14 00:41:16,0,0.012056909,0.010902497191436515,0.6026898,0.05585875252146669
47601,3034601,2017-01-14 00:41:38,0,0.006078263,0.007467266088524909,0.43200743,0.029649228170803482
47602,3034602,2017-01-14 00:41:43,0,0.019172303,0.014099445603034666,0.31355855,0.018410629252788836
47603,3034603,2017-01-14 00:42:15,0,0.05671858,0.025924434387861947,0.45146394,0.03190107954376011
47604,3034604,2017-01-14 00:42:27,0,0.03825305,0.02073987808987461,0.37285978,0.023569026771337587
47605,3034605,2017-01-14 00:42:33,0,0.026593471,0.016917247376670184,0.36894652,0.023202412067564522
47606,3034606,2017-01-14 00:42:55,0,0.106217064,0.0373370646407776,0.39122447,0.02534494261095595
47607,3034607,2017-01-14 00:42:57,0,0.076825365,0.030868388919859244,0.32207057,0.019102199051394052
47608,3034608,2017-01-14 00:43:07,0,0.5866114,0.1325151617237539,0.60333496,0.05599495102563477
47609,3034609,2017-01-14 00:43:20,0,0.025520848,0.016533003018240514,0.23990345,0.012995392207381072
47610,3034610,2017-01-14 00:43:49,0,0.33418038,0.0791909915085525,0.51538604,0.040412837761491814
47611,3034611,2017-01-14 00:43:52,0,0.070733115,0.029427026260448772,0.18053703,0.009246864570054457
47612,3034612,2017-01-14 00:43:59,0,0.13604939,0.043350205507362,0.5019926,0.03846979358519727
47613,3034613,2017-01-14 00:44:02,0,0.0706921,0.02941717389880623,0.3589945,0.02228785951785713
47614,3034614,2017-01-14 00:44:50,0,0.018519703,0.013830791981839412,0.23930405,0.012955064156874248
47615,3034615,2017-01-14 00:44:51,0,0.02576413,0.01662074598885463,0.51838434,0.04086087231638405
47616,3034616,2017-01-14 00:44:53,0,0.11013776,0.03815300821546111,0.30230033,0.01751867131730397
47617,3034617,2017-01-14 00:44:57,0,0.084618084,0.03265433599862891,0.71690905,0.08811166951427936
47618,3034618,2017-01-14 00:45:22,0,0.026787583,0.016986075840704783,0.2747139,0.015435628430341273
47619,3034619,2017-01-14 00:45:28,0,0.04472014,0.02265037103049332,0.2525488,0.013859128253964336
47620,3034620,2017-01-14 00:45:34,0,0.034012873,0.0194148527429716,0.691496,0.07916540901141905
47621,3034621,2017-01-14 00:46:02,0,0.02184931,0.015162337748429355,0.383043,0.024542245587466233
47622,3034622,2017-01-14 00:46:51,0,0.17862915,0.05138405226029366,0.483142,0.03588646627760785
47623,3034623,2017-01-14 00:47:07,0,0.034983452,0.01972390403526976,0.40235493,0.02646807446007743
47624,3034624,2017-01-14 00:47:34,0,0.050354384,0.02422594105747037,0.4331272,0.029775113238383256
47625,3034625,2017-01-14 00:47:55,0,0.01645174,0.012951049717153561,0.44153655,0.030734757680975236
47626,3034626,2017-01-14 00:48:20,0,0.011748049,0.010747055382717833,0.3836707,0.024603163084432885
47627,3034627,2017-01-14 00:48:38,0,0.0316734,0.018654470903636363,0.31943604,0.01888653437119564
47628,3034628,2017-01-14 00:48:52,0,0.021548249,0.015045718443419849,0.330471,0.01979979466463428
47629,3034629,2017-01-14 00:49:41,0,0.017144041,0.013250653216452085,0.30188453,0.017486210413926177
47630,3034630,2017-01-14 00:50:10,0,0.012253544,0.011000546588653928,0.31019202,0.01814123979236587
47631,3034631,2017-01-14 00:50:22,0,0.028724974,0.017661834310920065,0.4427084,0.030870518554632777
47632,3034632,2017-01-14 00:50:41,0,0.059581865,0.02666440278015089,0.26036376,0.014405633510268773
47633,3034633,2017-01-14 00:50:59,0,0.009009242,0.00928000103273308,0.37487808,0.023759693905568955
47634,3034634,2017-01-14 00:50:59,0,0.041849587,0.021817201067134345,0.51566976,0.040455023793963096
47635,3034635,2017-01-14 00:51:17,0,0.010459725,0.010078271255598872,0.33553365,0.020227678035953944
47636,3034636,2017-01-14 00:51:30,0,0.02062487,0.014683589770600523,0.27178442,0.015222505160337933
47637,3034637,2017-01-14 00:51:32,0,0.022051325,0.015240203619565634,0.38105905,0.0243504229245183
47638,3034638,2017-01-14 00:51:35,0,0.21117258,0.05727999786326139,0.25037137,0.013708610945929012
47639,3034639,2017-01-14 00:51:35,0,0.020500463,0.014634270406842478,0.19913852,0.010370756658151816
47640,3034640,2017-01-14 00:53:08,0,0.11959814,0.040086926086315575,0.7376969,0.09651565622586755
47641,3034641,2017-01-14 00:53:25,0,0.012009364,0.010878684139548157,0.52783775,0.04230633497031058
47642,3034642,2017-01-14 00:53:57,0,0.09406964,0.034746529443426065,0.3524383,0.02169891870656606
47643,3034643,2017-01-14 00:54:11,0,0.036298156,0.020136935181100286,0.23193824,0.012463900199484373
47644,3034644,2017-01-14 00:54:43,0,0.048563674,0.02373313680328085,0.33825192,0.020459791541449234
47645,3034645,2017-01-14 00:54:51,0,0.071393214,0.029585304633452828,0.5031173,0.03862940038935099
47646,3034646,2017-01-14 00:55:08,0,0.08206186,0.03207507153218677,0.32515493,0.019356562673728758
47647,3034647,2017-01-14 00:55:26,0,0.011429755,0.010584968261526303,0.47512814,0.03483807675497296
47648,3034648,2017-01-14 00:55:40,0,0.10239855,0.03653339494815013,0.20347503,0.010639093423029194
47649,3034649,2017-01-14 00:55:41,0,0.035149053,0.019776278128174847,0.6184022,0.059289980098388845
47650,3034650,2017-01-14 00:56:14,0,0.14253993,0.04460850363622008,0.42527714,0.028901752896937673
47651,3034651,2017-01-14 00:56:36,0,0.6182882,0.14115098598251377,0.5627738,0.04812326295759474
47652,3034652,2017-01-14 00:56:41,0,0.23603828,0.061711865706742135,0.29458618,0.016921887126404314
47653,3034653,2017-01-14 00:56:46,0,0.010080756,0.009874707972061086,0.22265396,0.011856177658893697
47654,3034654,2017-01-14 00:56:49,0,0.07180695,0.029684239703880313,0.69625396,0.0807425260780497
47655,3034655,2017-01-14 00:57:07,0,0.016857056,0.0131271074220073,0.26263118,0.014566068431121753
47656,3034656,2017-01-14 00:57:29,0,0.15662532,0.04729267242274583,0.4003541,0.026263462612089422
47657,3034657,2017-01-14 00:58:25,0,0.03249558,0.01892428199900273,0.2900212,0.01657406513692532
47658,3034658,2017-01-14 00:59:15,0,0.033749044,0.019330215111569703,0.30831978,0.017992416511537164
47659,3034659,2017-01-14 00:59:21,0,0.0120267635,0.010887403749351448,0.3098347,0.0181127813316832
47660,3034660,2017-01-14 00:59:35,0,0.058393713,0.026359031689953627,0.45761752,0.03264297284374083
47661,3034661,2017-01-14 00:59:38,0,0.23322584,0.061212494198731884,0.36612138,0.022940220045784467
47662,3034662,2017-01-14 00:59:52,0,0.01810504,0.013657953252098478,0.28783545,0.01640890054865671
47663,3034663,2017-01-14 01:00:28,0,0.040824518,0.02151412109058592,0.43394384,0.029867199067329916
47664,3034664,2017-01-14 01:00:43,0,0.07953355,0.031495939512459256,0.5699014,0.049411804175188
47665,3034665,2017-01-14 01:00:48,0,0.019102117,0.014070744345413815,0.3022893,0.017517810034224143
47666,3034666,2017-01-14 01:00:54,0,0.045885593,0.02298247835284211,0.27224627,0.015256006197430574
47667,3034667,2017-01-14 01:02:47,1,0.056017242,0.02574101899460005,0.25393185,0.013955124884648359
47668,3034668,2017-01-14 01:02:50,0,0.03768321,0.020565457615419305,0.54817164,0.0455955680602132
47669,3034669,2017-01-14 01:02:51,0,0.07568457,0.03060170027197648,0.46584764,0.033658825087499365
47670,3034670,2017-01-14 01:03:01,0,0.060644258,0.026935496633397286,0.80188644,0.13146591116799022
47671,3034671,2017-01-14 01:03:04,0,0.023253093,0.01569723801104964,0.45950273,0.03287324777852336
47672,3034672,2017-01-14 01:03:09,0,0.04044044,0.02139976847498175,0.4221642,0.0285612394494768
47673,3034673,2017-01-14 01:03:24,0,0.015909534,0.012712545581982957,0.25393432,0.013955296851969286
47674,3034674,2017-01-14 01:03:29,0,0.024579518,0.01619009406493717,0.29514882,0.016965028465173313
47675,3034675,2017-01-14 01:03:34,0,0.15464543,0.04691885507480241,0.4290536,0.029319252446600965
47676,3034676,2017-01-14 01:03:35,0,0.0055141123,0.007076403072391249,0.24867153,0.01359163176955478
47677,3034677,2017-01-14 01:03:36,0,0.01791253,0.013577128613391793,0.56712127,0.048904764059826134
47678,3034678,2017-01-14 01:03:54,0,0.11217241,0.03857296068397679,0.29243752,0.016757685487814297
47679,3034679,2017-01-14 01:04:00,0,0.017267277,0.013303429440219132,0.41494557,0.027783966998981387
47680,3034680,2017-01-14 01:04:24,0,0.17837323,0.05133705093123057,0.38791013,0.025017484378030704
47681,3034681,2017-01-14 01:04:27,0,0.04233938,0.021960955027639825,0.4284379,0.02925085018175853
47682,3034682,2017-01-14 01:04:34,0,0.005960712,0.007387204851434293,0.57127064,0.04966364940279917
47683,3034683,2017-01-14 01:04:35,0,0.22135255,0.05909957788503235,0.39404395,0.025625996881167325
47684,3034684,2017-01-14 01:05:20,0,0.02082365,0.014762127141105719,0.24421832,0.013287321059232334
47685,3034685,2017-01-14 01:05:24,0,0.08602613,0.03297084080638347,0.47880706,0.035315819785080395
47686,3034686,2017-01-14 01:05:25,0,0.089437634,0.03373047862294709,0.84721655,0.16984313272714438
47687,3034687,2017-01-14 01:05:42,0,0.06513463,0.028062090018793673,0.42404032,0.028766071163194785
47688,3034688,2017-01-14 01:05:59,0,0.05261138,0.024837365413897514,0.34793425,0.021300369449445654
47689,3034689,2017-01-14 01:06:25,1,0.10393189,0.03685721685584497,0.22105846,0.011752987432632409
47690,3034690,2017-01-14 01:06:45,0,0.020841343,0.01476910201778156,0.3304034,0.01979411790408549
47691,3034691,2017-01-14 01:07:26,0,0.027503578,0.017238147033129703,0.43042836,0.029472450943674892
47692,3034692,2017-01-14 01:07:30,0,0.036078826,0.020068464069131046,0.25491366,0.014023458834251797
47693,3034693,2017-01-14 01:07:49,0,0.20939438,0.05696121864225694,0.7914527,0.12458374896059153
47694,3034694,2017-01-14 01:07:52,0,0.015883038,0.01270080040093948,0.3994805,0.026174504058374858
47695,3034695,2017-01-14 01:07:55,0,0.0007511034,0.002355917353883739,0.24902375,0.013615833259477945
47696,3034696,2017-01-14 01:07:57,0,0.042784754,0.02209108955704976,0.30823386,0.017985603691524903
47697,3034697,2017-01-14 01:08:21,0,0.01223259,0.010990130969509968,0.35088766,0.021561157781175372
47698,3034698,2017-01-14 01:08:25,0,0.2785208,0.06923667242785149,0.6296524,0.061902388232296206
47699,3034699,2017-01-14 01:08:32,0,0.45171842,0.10161218085560016,0.33320835,0.020030440532501213
47700,3034700,2017-01-14 01:08:58,0,0.05149039,0.024534998669049804,0.2290568,0.012273951013060263
47701,3034701,2017-01-14 01:09:11,0,0.10609302,0.037311100111614474,0.24246342,0.013168246196715187
47702,3034702,2017-01-14 01:09:14,0,0.018223222,0.013707387243863174,0.247541,0.01351408278255638
47703,3034703,2017-01-14 01:09:20,0,0.115216345,0.03919701150556435,0.2895011,0.016534683343762777
47704,3034704,2017-01-14 01:09:37,0,0.09933937,0.035882715312542224,0.29989785,0.01733157877422472
47705,3034705,2017-01-14 01:09:48,0,0.030514156,0.018269020047092712,0.24955949,0.013652682403671125
47706,3034706,2017-01-14 01:10:07,0,0.19977385,0.05523076266026632,0.35998124,0.022377416014539624
47707,3034707,2017-01-14 01:10:28,0,0.01672748,0.013071025405364603,0.25571814,0.014079567014342214
47708,3034708,2017-01-14 01:10:46,0,0.013692447,0.01169799743332416,0.19197462,0.009932784483897611
47709,3034709,2017-01-14 01:10:49,0,0.008486455,0.008978481368838637,0.19207393,0.00993881075262454
47710,3034710,2017-01-14 01:11:05,0,0.0028214334,0.004889482445635068,0.36114505,0.022483358212793243
47711,3034711,2017-01-14 01:11:10,0,0.07934878,0.0314533664470726,0.36919162,0.023225256051527608
47712,3034712,2017-01-14 01:11:26,0,0.0120764915,0.01091229333411796,0.3092139,0.018063402238815356
47713,3034713,2017-01-14 01:11:36,0,0.021768216,0.015130993454973252,0.24506737,0.013345102740956082
47714,3034714,2017-01-14 01:11:39,0,0.10592002,0.03727487226778179,0.33553502,0.020227794677322105
47715,3034715,2017-01-14 01:12:17,0,0.06695487,0.028510455161971395,0.33543643,0.020219407719441827
47716,3034716,2017-01-14 01:12:30,0,0.0075737746,0.008431553982140036,0.22929691,0.01228973254927078
47717,3034717,2017-01-14 01:12:44,0,0.06126801,0.027093822595897165,0.28701067,0.016346806337953153
47718,3034718,2017-01-14 01:13:26,0,0.058018442,0.026262090612764643,0.19398177,0.010054833163045495
47719,3034719,2017-01-14 01:13:27,0,0.08211994,0.03208830272204865,0.38987428,0.025211163830165785
47720,3034720,2017-01-14 01:13:44,0,0.043902393,0.022415272894877138,0.24779604,0.01353156024702181
47721,3034721,2017-01-14 01:14:03,0,0.10693043,0.03748620174868979,0.4352815,0.030018543028685063
47722,3034722,2017-01-14 01:14:13,0,0.098406605,0.035683052271704895,0.37622905,0.023887926622939135
47723,3034723,2017-01-14 01:14:15,0,0.016007598,0.012755941474981047,0.19318728,0.010006461784704615
47724,3034724,2017-01-14 01:14:32,0,0.06942285,0.029111246932554815,0.22007968,0.011689861888176873
47725,3034725,2017-01-14 01:14:41,0,0.13161561,0.042481773097277936,0.29249185,0.016761826669737512
47726,3034726,2017-01-14 01:14:44,0,0.26813096,0.06739618415691116,0.2722184,0.015253983891478523
47727,3034727,2017-01-14 01:14:46,0,0.0026431093,0.004716525041872785,0.32555532,0.019389732298180466
47728,3034728,2017-01-14 01:14:50,0,0.03513183,0.019770836114307567,0.3081516,0.017979082919620373
47729,3034729,2017-01-14 01:14:50,0,0.07086212,0.02945800156620933,0.2324648,0.01249874395888695
47730,3034730,2017-01-14 01:14:59,0,0.035590123,0.019915279530505287,0.26040575,0.01440859694956461
47731,3034731,2017-01-14 01:15:37,0,0.03677748,0.02028598216701078,0.2370374,0.012803054420756828
47732,3034732,2017-01-14 01:16:37,0,0.11513458,0.03918031320617989,0.2958076,0.0170156181235225
47733,3034733,2017-01-14 01:16:46,0,0.20831776,0.056768060152848014,0.32541472,0.019378080109737305
47734,3034734,2017-01-14 01:16:56,0,0.0071665132,0.00817808186597047,0.234906,0.012660819811120074
47735,3034735,2017-01-14 01:17:07,0,0.067121275,0.0285512166995922,0.3524691,0.021701659628905388
47736,3034736,2017-01-14 01:17:50,0,0.5121545,0.11451059935670281,0.32071367,0.018990938859427445
47737,3034737,2017-01-14 01:18:06,0,0.03244985,0.018909349763712138,0.25900173,0.01430966957699784
47738,3034738,2017-01-14 01:18:23,0,0.027925959,0.017385547802129996,0.15084572,0.007538033414582069
47739,3034739,2017-01-14 01:19:14,0,0.013292036,0.011507290099596845,0.3492643,0.02141755584878276
47740,3034740,2017-01-14 01:19:49,0,0.0205105,0.01463825449396283,0.2231356,0.01188739983346007
47741,3034741,2017-01-14 01:19:49,0,0.009729684,0.009683086773427507,0.19539976,0.010141365613903951
47742,3034742,2017-01-14 01:19:57,0,0.0048081004,0.006561108530643179,0.29236612,0.016752243504991327
47743,3034743,2017-01-14 01:19:59,0,0.13439335,0.043026721110170286,0.30983138,0.018112517991822345
47744,3034744,2017-01-14 01:20:07,0,0.08000523,0.03160446494177239,0.1784388,0.009122763437561477
47745,3034745,2017-01-14 01:20:31,0,0.009251871,0.009417295218710618,0.35428935,0.02186413053694117
47746,3034746,2017-01-14 01:20:43,0,0.029003082,0.017757237147682788,0.3160961,0.01861521749736454
47747,3034747,2017-01-14 01:21:00,0,0.23764403,0.06199682470739614,0.3230127,0.019179680671372587
47748,3034748,2017-01-14 01:21:34,0,0.006652431,0.007848777713934406,0.41347983,0.027628210307052325
47749,3034749,2017-01-14 01:21:35,0,0.115311965,0.03921653560610705,0.22735533,0.012162356253324154
47750,3034750,2017-01-14 01:21:48,0,0.15343823,0.046690400344771205,0.57754844,0.050836681849633136
47751,3034751,2017-01-14 01:22:12,0,0.043573983,0.022320362132091705,0.32790485,0.01958507112178128
47752,3034752,2017-01-14 01:22:21,0,0.04912892,0.023889455376685808,0.28637627,0.016299129898456187
47753,3034753,2017-01-14 01:22:30,0,0.06824212,0.028824813092998745,0.30941862,0.018079677140686194
47754,3034754,2017-01-14 01:22:49,0,0.120783925,0.04032612347061738,0.30473283,0.01770925134187198
47755,3034755,2017-01-14 01:23:50,0,0.018886475,0.013982275030165194,0.21420428,0.011313750242161438
47756,3034756,2017-01-14 01:24:08,0,0.070706226,0.029420567426662426,0.18895808,0.009750310145480362
47757,3034757,2017-01-14 01:24:27,0,0.18539341,0.05262218954376882,0.615355,0.0586054070333494
47758,3034758,2017-01-14 01:24:55,0,0.0827352,0.0322282553072259,0.1989433,0.010358734362450302
47759,3034759,2017-01-14 01:25:16,0,0.023416644,0.01575864633764874,0.30424184,0.01767068942666323
47760,3034760,2017-01-14 01:25:16,0,0.03861109,0.020848926052733512,0.2372564,0.01281770670147152
47761,3034761,2017-01-14 01:25:28,0,0.03727498,0.02043983733970078,0.22648232,0.012105260686029186
47762,3034762,2017-01-14 01:25:49,0,0.06113055,0.027058984007865623,0.20674083,0.01084281067954175
47763,3034763,2017-01-14 01:25:52,0,0.082821645,0.03224788913191115,0.2973365,0.017133344838545717
47764,3034764,2017-01-14 01:25:54,0,0.18425733,0.052414786207583275,0.28197885,0.015970672897848304
47765,3034765,2017-01-14 01:26:17,0,0.051382776,0.02450583743050507,0.35663253,0.022074465989152862
47766,3034766,2017-01-14 01:26:22,0,0.44972014,0.10120561690621828,0.69985956,0.0819662092962459
47767,3034767,2017-01-14 01:27:15,0,0.20916688,0.05692041294713216,0.30020952,0.01735578682006591
47768,3034768,2017-01-14 01:27:45,0,0.020610616,0.014677945212551329,0.7418418,0.09832773930534625
47769,3034769,2017-01-14 01:28:25,0,0.081232876,0.03188588069410597,0.3042511,0.01767141692274344
47770,3034770,2017-01-14 01:28:40,0,0.06068796,0.026946609305012494,0.70139956,0.08249657661659343
47771,3034771,2017-01-14 01:29:08,0,0.045431625,0.02285352157523899,0.2049151,0.01072874967777562
47772,3034772,2017-01-14 01:29:13,0,0.020382531,0.014587399197461243,0.21576491,0.011413185883223974
47773,3034773,2017-01-14 01:29:30,0,0.024895342,0.016305756670307016,0.31343704,0.01840086629053796
47774,3034774,2017-01-14 01:29:39,0,0.028064199,0.01743358527655074,0.1716828,0.00872672553452557
47775,3034775,2017-01-14 01:30:08,0,0.05121496,0.024460313977963773,0.3935785,0.025579440055270516
47776,3034776,2017-01-14 01:30:11,0,0.29121727,0.07149022929857525,0.6341848,0.0629943684816491
47777,3034777,2017-01-14 01:30:18,1,0.11875847,0.03991713534345266,0.28121403,0.01591390345566162
47778,3034778,2017-01-14 01:30:23,0,0.058988735,0.026512253407151055,0.19184889,0.00992515576584848
47779,3034779,2017-01-14 01:31:01,0,0.021200955,0.01491031644518677,0.1482816,0.007395041308469618
47780,3034780,2017-01-14 01:31:04,0,0.029382108,0.01788664127011336,0.12702544,0.006235671768726761
47781,3034781,2017-01-14 01:31:05,0,0.18323484,0.052227937051481425,0.4283795,0.029244370983584244
47782,3034782,2017-01-14 01:31:07,0,0.103764325,0.036821902750438326,0.23755676,0.012837815481169773
47783,3034783,2017-01-14 01:31:08,0,0.012840312,0.011289087810569243,0.22664382,0.01211581448341957
47784,3034784,2017-01-14 01:31:12,0,0.39066446,0.08963784566457061,0.84831715,0.17099713009845233
47785,3034785,2017-01-14 01:31:19,0,0.045231365,0.022796470773473135,0.16166027,0.008148930309058562
47786,3034786,2017-01-14 01:31:38,0,0.30059698,0.07315991327435489,0.28020787,0.01583938014935005
47787,3034787,2017-01-14 01:32:13,0,0.40016747,0.09144720117705556,0.5537877,0.046550482432936274
47788,3034788,2017-01-14 01:32:19,0,0.038317397,0.02075950679223481,0.2984122,0.017216444798412136
47789,3034789,2017-01-14 01:32:28,0,0.067467175,0.028635829076268625,0.55418724,0.046619222633630164
47790,3034790,2017-01-14 01:32:28,0,0.0031226256,0.005170847095152283,0.45654598,0.03251271591999449
47791,3034791,2017-01-14 01:32:29,0,0.20812157,0.056732849084527893,0.53365165,0.04322094762980313
47792,3034792,2017-01-14 01:32:35,0,0.11287858,0.038718179982983034,0.29123098,0.016665861194359352
47793,3034793,2017-01-14 01:32:48,0,0.0055252886,0.007084315194728856,0.2085682,0.010957420759667725
47794,3034794,2017-01-14 01:33:13,0,0.5710884,0.12852077838565681,0.32002252,0.018934417404589215
47795,3034795,2017-01-14 01:33:54,0,0.021660268,0.015089191723064728,0.31869146,0.018825847279987734
47796,3034796,2017-01-14 01:34:15,0,0.18622266,0.052773445047519976,0.43321526,0.029785032373334654
47797,3034797,2017-01-14 01:34:28,0,0.20261872,0.0557435548976589,0.23184688,0.012457858941353137
47798,3034798,2017-01-14 01:34:31,0,0.0147785125,0.01220331061105906,0.26814583,0.014959854976297
47799,3034799,2017-01-14 01:34:36,0,0.093728274,0.03467222406055487,0.21264623,0.011214812957839264
47800,3034800,2017-01-14 01:34:37,0,0.0630104,0.027532902366136976,0.330679,0.019817261580594877
47801,3034801,2017-01-14 01:34:56,0,0.030750606,0.018348130946445947,0.2452616,0.013358336073985141
47802,3034802,2017-01-14 01:35:25,0,0.029675424,0.01798630174504203,0.33139613,0.019877559171587247
47803,3034803,2017-01-14 01:35:37,0,0.03341243,0.019221827898683812,0.29097936,0.01664674590556288
47804,3034804,2017-01-14 01:35:53,0,0.259904,0.06593992114434857,0.5141389,0.040227912755200664
47805,3034805,2017-01-14 01:36:09,0,0.07404364,0.030215561982550945,0.26185215,0.014510850588929357
47806,3034806,2017-01-14 01:36:14,0,0.015341804,0.012458980287993351,0.24064037,0.01304504782961211
47807,3034807,2017-01-14 01:36:19,0,0.025465367,0.01651294339028164,0.22748713,0.012170985668320351
47808,3034808,2017-01-14 01:36:32,0,0.10412731,0.03689837951628178,0.2198699,0.011676350007774674
47809,3034809,2017-01-14 01:36:45,0,0.09486199,0.03491866302048812,0.18870178,0.009734858675282025
47810,3034810,2017-01-14 01:36:57,0,0.051174946,0.02444945098782319,0.34849578,0.02134979323993551
47811,3034811,2017-01-14 01:37:25,0,0.0034869416,0.005495390648678357,0.25085402,0.013741909226301747
47812,3034812,2017-01-14 01:37:54,0,0.05825025,0.026321999665557625,0.25870267,0.01428863915449579
47813,3034813,2017-01-14 01:38:00,0,0.020746263,0.014731590166220812,0.22326407,0.011895732806729079
47814,3034814,2017-01-14 01:38:08,0,0.056782275,0.025941048716979335,0.25433552,0.013983201739593974
47815,3034815,2017-01-14 01:38:42,0,0.10079172,0.03619240810855963,0.21711057,0.01149919554202283
47816,3034816,2017-01-14 01:39:09,0,0.05951277,0.026646708834404297,0.34009737,0.02061833202780448
47817,3034817,2017-01-14 01:39:20,0,0.09542139,0.03503990491552328,0.20853224,0.010955161301985487
47818,3034818,2017-01-14 01:39:36,0,0.32226768,0.07704030963586923,0.5944736,0.05415750962931054
47819,3034819,2017-01-14 01:40:00,0,0.015779028,0.012654611988308112,0.37981787,0.024230967315714884
47820,3034820,2017-01-14 01:40:19,0,0.084389225,0.03260272248027848,0.27863762,0.015723436814936313
47821,3034821,2017-01-14 01:40:59,0,0.05262846,0.024841952980828887,0.24514408,0.013350328770779614
47822,3034822,2017-01-14 01:41:20,0,0.14693509,0.045452503637598285,0.25354937,0.013928546013728275
47823,3034823,2017-01-14 01:41:28,0,0.03494536,0.019711842548302144,0.20757475,0.010895057880545757
47824,3034824,2017-01-14 01:41:51,0,0.0024660702,0.004539555770987288,0.523161,0.041584916005047455
47825,3034825,2017-01-14 01:41:52,0,0.14722128,0.045507248038000554,0.23653287,0.01276932359617408
47826,3034826,2017-01-14 01:42:34,0,0.10400341,0.03687228391559915,0.41954058,0.028276761477082323
47827,3034827,2017-01-14 01:42:48,0,0.025684228,0.0165919672794127,0.5626587,0.04810275892601361
47828,3034828,2017-01-14 01:43:21,0,0.07913824,0.03140481276820052,0.2556242,0.014073010048320038
47829,3034829,2017-01-14 01:43:21,0,0.07104638,0.02950220801296466,0.25844398,0.014270460241593426
47830,3034830,2017-01-14 01:43:44,0,0.020563334,0.014659210890649432,0.4443134,0.031057281909304964
47831,3034831,2017-01-14 01:43:48,0,0.04356061,0.022316491015269103,0.26553878,0.014773054418395345
47832,3034832,2017-01-14 01:44:13,0,0.029458856,0.017912758438018397,0.51592064,0.040492362915587735
47833,3034833,2017-01-14 01:44:22,0,0.030127723,0.01813917235035953,0.5591174,0.047476488706241625
47834,3034834,2017-01-14 01:44:29,0,0.11081854,0.038293779773588485,0.24206038,0.013140965236303525
47835,3034835,2017-01-14 01:44:35,0,0.0051397355,0.006807091454005174,0.19341683,0.010020429615195673
47836,3034836,2017-01-14 01:44:37,0,0.023450326,0.01577127011485347,0.5359999,0.04359609054270954
47837,3034837,2017-01-14 01:44:56,0,0.052113183,0.02470329974049885,0.3153636,0.018556022896253223
47838,3034838,2017-01-14 01:44:57,0,0.067002885,0.028522219873516833,0.17106308,0.00869066491803572
47839,3034839,2017-01-14 01:45:00,1,0.06808381,0.028786270774242496,0.28357834,0.01608973771589626
47840,3034840,2017-01-14 01:45:01,0,0.17396262,0.05052504477349542,0.6301951,0.062031909794297894
47841,3034841,2017-01-14 01:45:30,0,0.027268097,0.017155554160803728,0.68197507,0.07613175952255273
47842,3034842,2017-01-14 01:46:29,0,0.029640619,0.017974497594685394,0.24774177,0.01352784047854855
47843,3034843,2017-01-14 01:46:30,0,0.095759735,0.03511312427778513,0.32787076,0.01958222800289919
47844,3034844,2017-01-14 01:46:31,0,0.10620617,0.03733478499081607,0.47433114,0.03473535811306773
47845,3034845,2017-01-14 01:46:36,0,0.028330086,0.01752569931287029,0.22985178,0.01232623573622221
47846,3034846,2017-01-14 01:47:12,0,0.017682746,0.013480159416666514,0.22845884,0.012234684026364101
47847,3034847,2017-01-14 01:47:16,0,0.040760007,0.021494944697139612,0.33235326,0.019958213299922162
47848,3034848,2017-01-14 01:47:19,0,0.005744821,0.007238307652041089,0.2349543,0.012664035127294568
47849,3034849,2017-01-14 01:47:29,0,0.06928523,0.029077954203148713,0.3749635,0.023767786787419184
47850,3034850,2017-01-14 01:47:52,0,0.19110344,0.05366152550756558,0.34049666,0.020652737320172008
47851,3034851,2017-01-14 01:48:14,1,0.1415022,0.04440830491323768,0.21873628,0.011603440197300514
47852,3034852,2017-01-14 01:48:20,0,0.23079154,0.06077995972399529,0.76211697,0.10795065608227634
47853,3034853,2017-01-14 01:48:42,0,0.033300333,0.01918563262881779,0.22891168,0.012264416431467098
47854,3034854,2017-01-14 01:49:20,0,0.055160914,0.025515865866725326,0.25586262,0.014089654884245802
47855,3034855,2017-01-14 01:49:29,0,0.10822015,0.03775506044461175,0.20754328,0.010893084457234956
47856,3034856,2017-01-14 01:49:54,0,0.090184174,0.03389539892292037,0.26498988,0.014733870930279664
47857,3034857,2017-01-14 01:50:12,0,0.033928107,0.019387689410215656,0.25195056,0.01381769846147865
47858,3034858,2017-01-14 01:50:30,0,0.042067613,0.02188127511320234,0.2840127,0.016122151692519956
47859,3034859,2017-01-14 01:50:45,0,0.013411809,0.011564596565149432,0.4106992,0.02733460838342923
47860,3034860,2017-01-14 01:51:09,0,0.025892256,0.01666681470212591,0.25437093,0.013985665545892579
47861,3034861,2017-01-14 01:51:37,0,0.0062355213,0.007573299454865092,0.21829861,0.01157533976009048
47862,3034862,2017-01-14 01:51:57,0,0.05557329,0.02562445796821546,0.35630938,0.02204537856946675
47863,3034863,2017-01-14 01:52:05,0,0.25065067,0.06430190574262117,0.6095136,0.057319232410871765
47864,3034864,2017-01-14 01:52:11,0,0.10980341,0.038083774847280656,0.41612777,0.027910097050230044
47865,3034865,2017-01-14 01:52:24,0,0.13430645,0.043009717163448216,0.41205826,0.027477803184258104
47866,3034866,2017-01-14 01:52:48,0,0.10346883,0.03675958298403343,0.21371758,0.01128280858923581
47867,3034867,2017-01-14 01:53:07,0,0.0030026054,0.00506025262634785,0.45824805,0.03271983298208214
47868,3034868,2017-01-14 01:53:14,0,0.050673377,0.024312999014638997,0.28020546,0.015839201569541623
47869,3034869,2017-01-14 01:53:24,0,0.029662536,0.017981931615847,0.1979245,0.010296072868878701
47870,3034870,2017-01-14 01:53:50,0,0.04576462,0.02294816450219861,0.37708625,0.023969546068054768
47871,3034871,2017-01-14 01:54:06,0,0.03345803,0.019236537668026844,0.4126855,0.027544088992303813
47872,3034872,2017-01-14 01:54:21,0,0.095203236,0.034992650836154306,0.23188072,0.01246009655635991
47873,3034873,2017-01-14 01:54:31,0,0.013504761,0.011608915905674956,0.32093048,0.019008690377002202
47874,3034874,2017-01-14 01:54:53,0,0.020013394,0.014439925904280183,0.5211174,0.04127358607351506
47875,3034875,2017-01-14 01:55:02,0,0.023896303,0.015937693288939885,0.21066993,0.01108979386198207
47876,3034876,2017-01-14 01:55:05,0,0.059216544,0.026570759450481356,0.2947982,0.016938136629500472
47877,3034877,2017-01-14 01:55:08,0,0.0030712732,0.005123765046205665,0.27274406,0.015292155673338852
47878,3034878,2017-01-14 01:55:08,0,0.05077674,0.024341161825616422,0.7551337,0.10448535353220917
47879,3034879,2017-01-14 01:55:26,0,0.034289654,0.019503353538228504,0.18267752,0.009374011409430958
47880,3034880,2017-01-14 01:55:26,0,0.036104437,0.020076468325599246,0.24818222,0.01355804299301839
47881,3034881,2017-01-14 01:55:28,0,0.05212451,0.02470635382795098,0.30774522,0.0179468864164948
47882,3034882,2017-01-14 01:55:53,0,0.037273243,0.02043930194409796,0.26212,0.014529825358747585
47883,3034883,2017-01-14 01:55:55,0,0.0024523735,0.004525630656783992,0.2548653,0.014020088693341344
47884,3034884,2017-01-14 01:56:05,0,0.078263804,0.031202664525762636,0.16572765,0.008382035615878585
47885,3034885,2017-01-14 01:56:10,0,0.07988382,0.03157655279906151,0.74013567,0.09757593722944732
47886,3034886,2017-01-14 01:56:15,0,0.0063442793,0.0076459345066810175,0.31985724,0.01892091552809711
47887,3034887,2017-01-14 01:56:39,0,0.10904105,0.03792567590754976,0.4932957,0.03725683583760912
47888,3034888,2017-01-14 01:56:53,0,0.20744869,0.0566120542065912,0.20690097,0.010852836712934907
47889,3034889,2017-01-14 01:57:02,0,0.026116878,0.01674734636908193,0.3363344,0.020295881358368774
47890,3034890,2017-01-14 01:57:08,0,0.0099898875,0.009825397599564046,0.28341025,0.016077203851037298
47891,3034891,2017-01-14 01:57:16,0,0.05141628,0.02451491937692379,0.29033044,0.016597503229240945
47892,3034892,2017-01-14 01:57:48,0,0.004229008,0.00611259451778625,0.213914,0.011295292360847592
47893,3034893,2017-01-14 01:58:01,0,0.0052405763,0.0068804709514929605,0.25399458,0.01395948652857854
47894,3034894,2017-01-14 01:58:02,0,0.071944304,0.029717038112553232,0.31434435,0.01847384196415913
47895,3034895,2017-01-14 01:58:05,0,0.063370205,0.027623000696064413,0.4260496,0.028986753814676698
47896,3034896,2017-01-14 01:58:11,0,0.050257433,0.024199438844147526,0.26382026,0.014650545581006534
47897,3034897,2017-01-14 01:58:14,0,0.15242895,0.04649909010013579,0.35596377,0.02201429692115688
47898,3034898,2017-01-14 01:58:27,0,0.029826777,0.018037565168604268,0.5645651,0.04844360529520951
47899,3034899,2017-01-14 01:59:20,0,0.026676664,0.01694677212945257,0.35561144,0.021982642463101006
47900,3034900,2017-01-14 01:59:42,0,0.19183654,0.05379460618176163,0.26416326,0.014674957207922654
47901,3034901,2017-01-14 01:59:48,0,0.01976802,0.014341246605353113,0.31513184,0.018537318733644503
47902,3034902,2017-01-14 01:59:57,0,0.004905827,0.006634361926726619,0.45726585,0.03260017390842728
47903,3034903,2017-01-14 02:00:20,0,0.0048211827,0.006570953029373562,0.2871814,0.016359650184605154
47904,3034904,2017-01-14 02:00:25,0,0.565494,0.127115617206812,0.68442667,0.07689783645053556
47905,3034905,2017-01-14 02:01:17,0,0.010374915,0.010033002712540115,0.32059315,0.018981075506294586
47906,3034906,2017-01-14 02:02:02,0,0.07513446,0.03047258803299927,0.28010425,0.01583171538272591
47907,3034907,2017-01-14 02:02:48,0,0.07929756,0.031441557801933286,0.45372483,0.03217194018762935
47908,3034908,2017-01-14 02:02:52,0,0.0501258,0.024163423713052627,0.21806654,0.011560450340214775
47909,3034909,2017-01-14 02:03:08,0,0.021905927,0.015184191604242748,0.2897835,0.016556060437259643
47910,3034910,2017-01-14 02:03:16,0,0.0053693536,0.006973268253702814,0.29819003,0.017199263253402392
47911,3034911,2017-01-14 02:03:19,0,0.14457184,0.04499946365843557,0.4537431,0.03217413691742793
47912,3034912,2017-01-14 02:03:21,0,0.21837868,0.05856890161544663,0.25352716,0.013927003860476725
47913,3034913,2017-01-14 02:03:35,0,0.05050394,0.02426678390243792,0.30744871,0.017923416288528428
47914,3034914,2017-01-14 02:03:35,0,0.22409166,0.05958779629137922,0.382248,0.024465250511348378
47915,3034915,2017-01-14 02:03:44,0,0.06064049,0.02693453878021039,0.71115434,0.08596813237706824
47916,3034916,2017-01-14 02:04:01,0,0.11215767,0.03856992717500465,0.4854359,0.03619187428729616
47917,3034917,2017-01-14 02:04:15,0,0.106306136,0.03735570298262276,0.27587968,0.015520856459190772
47918,3034918,2017-01-14 02:04:20,0,0.03306895,0.019110761198330453,0.328797,0.019659559465356923
47919,3034919,2017-01-14 02:04:47,0,0.04829334,0.0236581220454809,0.25722033,0.014184616863508782
47920,3034920,2017-01-14 02:05:58,0,0.18348083,0.05227290493532557,0.24672733,0.013458393756966862
47921,3034921,2017-01-14 02:06:04,0,0.03845106,0.020800237069688685,0.25437352,0.013985845984088412
47922,3034922,2017-01-14 02:06:07,0,0.05204115,0.02468387445286264,0.5174134,0.04071524356510045
47923,3034923,2017-01-14 02:06:14,0,0.0066499547,0.007847164512869995,0.2274262,0.012166996019468098
47924,3034924,2017-01-14 02:06:20,0,0.021457115,0.015010278939028716,0.4102619,0.027288658820007777
47925,3034925,2017-01-14 02:06:42,0,0.029685458,0.01798970369116853,0.40635055,0.02688032492378488
47926,3034926,2017-01-14 02:07:08,0,0.08872502,0.0335726222930103,0.60060793,0.05542188263318156
47927,3034927,2017-01-14 02:07:13,0,0.0154036395,0.012486794388737451,0.19751161,0.010270716855270342
47928,3034928,2017-01-14 02:07:34,0,0.0019313323,0.003966979350676753,0.58426267,0.05212564471819906
47929,3034929,2017-01-14 02:08:06,0,0.17042919,0.049871745113957346,0.75208044,0.10302183221423261
47930,3034930,2017-01-14 02:08:18,0,0.12241588,0.040654234105421704,0.22143921,0.011777580319191001
47931,3034931,2017-01-14 02:08:26,0,0.043279108,0.02223489754363318,0.19080375,0.009861821606627725
47932,3034932,2017-01-14 02:08:34,0,0.03980748,0.021210347007247346,0.6634387,0.07065289327065893
47933,3034933,2017-01-14 02:08:56,0,0.1604429,0.04801054761519932,0.30469227,0.017706063937760485
47934,3034934,2017-01-14 02:09:28,0,0.039137907,0.021008628641167627,0.25837472,0.014265594844478244
47935,3034935,2017-01-14 02:09:41,0,0.09700187,0.03538120984677477,0.23175824,0.012451998195183342
47936,3034936,2017-01-14 02:09:45,0,0.040602483,0.02144806753076496,0.38166612,0.024409004076646222
47937,3034937,2017-01-14 02:09:46,0,0.012370267,0.011058420996231605,0.23268983,0.012513646665343863
47938,3034938,2017-01-14 02:10:15,0,0.1936371,0.05412114273039278,0.67125744,0.07289879288545073
47939,3034939,2017-01-14 02:10:44,0,0.053219542,0.02500035316146512,0.28668365,0.016322220916043573
47940,3034940,2017-01-14 02:11:12,0,0.08517301,0.03277928744304063,0.29926968,0.017282844837066266
47941,3034941,2017-01-14 02:11:27,0,0.25471982,0.06502231187666452,0.46249896,0.03324217294489369
47942,3034942,2017-01-14 02:11:28,0,0.023248507,0.015695513518130883,0.2755223,0.01549470300093382
47943,3034943,2017-01-14 02:13:33,0,0.022699248,0.015487900304521905,0.38351625,0.024588165059947514
47944,3034944,2017-01-14 02:13:36,0,0.039188363,0.02102387782147339,0.4374202,0.03026184251014173
47945,3034945,2017-01-14 02:13:38,0,0.007915326,0.00863948938997576,0.4755723,0.0348954383392903
47946,3034946,2017-01-14 02:13:44,0,0.091478184,0.034180185439351654,0.45766112,0.032648282608487095
47947,3034947,2017-01-14 02:13:48,0,0.056876257,0.025965549994140327,0.58965313,0.053187234351834665
47948,3034948,2017-01-14 02:13:48,0,0.12592056,0.04135474821284592,0.23475622,0.012650849682563442
47949,3034949,2017-01-14 02:14:02,0,0.042024046,0.021868482227936976,0.15169774,0.007585702461064361
47950,3034950,2017-01-14 02:14:03,0,0.21444619,0.05786608434250021,0.74899954,0.10157544445092552
47951,3034951,2017-01-14 02:14:05,0,0.08523776,0.032793847841809706,0.43532714,0.030023719961313058
47952,3034952,2017-01-14 02:14:37,0,0.014638349,0.012139033743913325,0.21277466,0.011222955973422334
47953,3034953,2017-01-14 02:15:14,0,0.0072622104,0.008238206312993332,0.23513944,0.012676364888391783
47954,3034954,2017-01-14 02:15:26,0,0.031047318,0.018447044653897668,0.20478104,0.010720391440233382
47955,3034955,2017-01-14 02:16:24,0,0.2224048,0.059287191248590776,0.64489347,0.0656705150781394
47956,3034956,2017-01-14 02:16:58,0,0.41405743,0.09412481657526607,0.1930349,0.00999719347720847
47957,3034957,2017-01-14 02:17:05,0,0.17120418,0.05001525514304626,0.207754,0.01090630014095247
47958,3034958,2017-01-14 02:17:15,0,0.22099683,0.05903613561437352,0.29540762,0.016984892885433256
47959,3034959,2017-01-14 02:17:28,0,0.013106924,0.01141827306473429,0.21732771,0.011513097839884376
47960,3034960,2017-01-14 02:17:52,0,0.052713197,0.02486470313650981,0.7345994,0.09519280358049978
47961,3034961,2017-01-14 02:18:25,0,0.044354495,0.022545464994259367,0.27473643,0.015437273346656228
47962,3034962,2017-01-14 02:18:27,0,0.04255932,0.02202528767936398,0.230325,0.012357402484552759
47963,3034963,2017-01-14 02:18:37,0,0.016353032,0.01290788808895812,0.29567504,0.017005431764004725
47964,3034964,2017-01-14 02:18:45,0,0.12252027,0.0406751799197755,0.33503512,0.020185289161915997
47965,3034965,2017-01-14 02:18:52,0,0.007934506,0.008651046387717026,0.43375087,0.029845418293682677
47966,3034966,2017-01-14 02:19:15,0,0.20714895,0.056558230365005825,0.16389719,0.008276899866380211
47967,3034967,2017-01-14 02:19:28,0,0.051952448,0.02465993905864731,0.21105975,0.011114411174937007
47968,3034968,2017-01-14 02:19:29,0,0.070238225,0.029308008835961966,0.22613949,0.012082869466717208
47969,3034969,2017-01-14 02:19:38,0,0.03885836,0.020923995297325883,0.3905271,0.025275780600372062
47970,3034970,2017-01-14 02:20:37,0,0.08469364,0.0326713653126108,0.27850163,0.015713416472442857
47971,3034971,2017-01-14 02:20:40,0,0.025633784,0.01657377892451993,0.35888556,0.022277985297039744
47972,3034972,2017-01-14 02:20:43,0,0.37911192,0.08746089646369944,0.3271941,0.01952585285327667
47973,3034973,2017-01-14 02:21:09,0,0.11338682,0.038822526961949905,0.22115296,0.011759089468932681
47974,3034974,2017-01-14 02:21:36,0,0.070673116,0.02941261300937922,0.20617019,0.010807112544134077
47975,3034975,2017-01-14 02:22:12,0,0.039197996,0.021026788485888355,0.2507539,0.013734999800231351
47976,3034976,2017-01-14 02:22:41,0,0.05925993,0.02658189182244188,0.24054687,0.013038742661536432
47977,3034977,2017-01-14 02:23:34,0,0.04142667,0.021692526766561117,0.21522781,0.011378926722212832
47978,3034978,2017-01-14 02:24:13,0,0.07270396,0.02989802965628304,0.22565784,0.012051440199963456
47979,3034979,2017-01-14 02:24:25,0,0.16529937,0.04891854357097545,0.24714091,0.013486687318390431
47980,3034980,2017-01-14 02:24:51,0,0.1467427,0.04541568807844537,0.21600981,0.01142882029335416
47981,3034981,2017-01-14 02:25:12,0,0.09402502,0.034736823226698146,0.24975021,0.013665811369854534
47982,3034982,2017-01-14 02:25:26,0,0.04687047,0.023260511281305244,0.5372241,0.04379299672364285
47983,3034983,2017-01-14 02:25:45,0,0.27116677,0.06793373275698582,0.48359326,0.03594635754329529
47984,3034984,2017-01-14 02:26:02,0,0.008932457,0.009236211006154328,0.1695605,0.008603417541720327
47985,3034985,2017-01-14 02:26:02,0,0.6224728,0.14234584697697777,0.78088987,0.11817017964357301
47986,3034986,2017-01-14 02:26:28,0,0.12077672,0.04032467215658326,0.64659786,0.0661094415855776
47987,3034987,2017-01-14 02:26:40,0,0.05079355,0.02434574049278282,0.17217869,0.008755612060313852
47988,3034988,2017-01-14 02:26:57,0,0.4732351,0.10606440455105047,0.7707244,0.11246336541333803
47989,3034989,2017-01-14 02:27:02,0,0.050194092,0.024182113206234673,0.237935,0.01286315810576
47990,3034990,2017-01-14 02:27:06,0,0.014075679,0.011878243656429699,0.20162961,0.010524600928287635
47991,3034991,2017-01-14 02:27:25,0,0.104333594,0.03694180413380632,0.47859553,0.035288188102756746
47992,3034992,2017-01-14 02:27:31,0,0.04784769,0.02353409379113597,0.41768008,0.028076402645390342
47993,3034993,2017-01-14 02:27:34,1,0.0731168,0.029996105304523617,0.37576643,0.023843959898401712
47994,3034994,2017-01-14 02:27:35,0,0.42033386,0.09534853044178807,0.60011286,0.05531858006561812
47995,3034995,2017-01-14 02:28:01,1,0.0068562673,0.00798065931273404,0.41889182,0.028206766368772115
47996,3034996,2017-01-14 02:28:10,0,0.5441587,0.12191054109723913,0.6847348,0.07699485492337364
47997,3034997,2017-01-14 02:28:11,0,0.011671769,0.010708389074670897,0.20956787,0.011020308641702451
47998,3034998,2017-01-14 02:29:12,0,0.11537598,0.03922960378036524,0.32568797,0.019400728976094617
47999,3034999,2017-01-14 02:29:23,0,0.047892287,0.02354652660711803,0.19968128,0.010404207563975533
48000,3035000,2017-01-14 02:29:34,0,0.06965239,0.029166724387665387,0.30827364,0.017988758247251723
48001,3035001,2017-01-14 02:29:53,0,0.1881089,0.05311709004784325,0.46881682,0.034032143878220344
48002,3035002,2017-01-14 02:30:13,0,0.056814652,0.02594949111979379,0.22366352,0.011921659218070669
48003,3035003,2017-01-14 02:30:34,0,0.36777076,0.08534594798860679,0.5796914,0.05124414663311793
48004,3035004,2017-01-14 02:30:43,0,0.019758081,0.014337238396862672,0.24466401,0.013317638476041437
48005,3035005,2017-01-14 02:30:50,0,0.06986711,0.02921855798501699,0.5025674,0.038551285045442904
48006,3035006,2017-01-14 02:31:12,0,0.043855224,0.022401658449115347,0.43754485,0.030276074701306947
48007,3035007,2017-01-14 02:31:31,0,0.015417783,0.01249314922640557,0.34068486,0.02066896657771011
48008,3035008,2017-01-14 02:31:37,0,0.1688974,0.04958772144026668,0.26391184,0.014657061763879342
48009,3035009,2017-01-14 02:32:11,0,0.15154845,0.04633195030166153,0.21733013,0.011513252431545943
48010,3035010,2017-01-14 02:32:26,0,0.019985003,0.014428535265369087,0.27777275,0.01565976482661708
48011,3035011,2017-01-14 02:32:31,0,0.04565437,0.022916860238891463,0.3538172,0.02182190986624965
48012,3035012,2017-01-14 02:32:36,0,0.070966646,0.029483083405888594,0.324478,0.019300562611704392
48013,3035013,2017-01-14 02:32:42,0,0.2827951,0.06999465738000266,0.658587,0.06930413786783127
48014,3035014,2017-01-14 02:32:48,0,0.09517394,0.03498630241256455,0.298421,0.01721712488056211
48015,3035015,2017-01-14 02:33:01,1,0.31094438,0.0750082230286997,0.76907325,0.11157596919408885
48016,3035016,2017-01-14 02:33:11,0,0.07328398,0.030035762986823842,0.52055377,0.041188134423678045
48017,3035017,2017-01-14 02:33:18,0,0.08979347,0.03380914542867573,0.43490872,0.029976303701624903
48018,3035018,2017-01-14 02:33:21,0,0.034594495,0.01960048425938676,0.54906297,0.04574572313151019
48019,3035019,2017-01-14 02:33:49,1,0.020531552,0.014646607331438731,0.4622171,0.03320731139258293
48020,3035020,2017-01-14 02:34:24,0,0.080813944,0.031790016324981074,0.20962787,0.01102408693274678
48021,3035021,2017-01-14 02:35:04,0,0.087656364,0.03333509144403495,0.24420896,0.013286684834686103
48022,3035022,2017-01-14 02:35:29,0,0.085277244,0.03280272631903168,0.41059577,0.027323736384669065
48023,3035023,2017-01-14 02:35:32,0,0.003519319,0.005523480911304254,0.24044697,0.013032007904474233
48024,3035024,2017-01-14 02:35:34,0,0.15932754,0.04780119616727655,0.31323302,0.018384479363083916
48025,3035025,2017-01-14 02:35:42,0,0.0042608497,0.006137943696226631,0.3065181,0.01784986678453579
48026,3035026,2017-01-14 02:36:02,0,0.100822926,0.03619904605622046,0.35007763,0.021489424214629026
48027,3035027,2017-01-14 02:36:03,0,0.0013813226,0.0032973038014504465,0.41549504,0.02784253394612734
48028,3035028,2017-01-14 02:36:04,0,0.102205016,0.03649241448059351,0.36724302,0.02304406869797045
48029,3035029,2017-01-14 02:36:36,0,0.067109,0.028548212054012242,0.36612013,0.02294010433657812
48030,3035030,2017-01-14 02:36:46,0,0.008163087,0.008787838184545883,0.46795237,0.033923075386457495
48031,3035031,2017-01-14 02:36:53,0,0.034182608,0.019469160809473203,0.4755967,0.034898593158660625
48032,3035032,2017-01-14 02:36:59,0,0.017128775,0.013244103944624875,0.3498766,0.021471647148900895
48033,3035033,2017-01-14 02:37:00,0,0.04053816,0.021428904091818288,0.23486501,0.012658090884873985
48034,3035034,2017-01-14 02:37:27,0,0.39302707,0.09008605611661796,0.59711003,0.05469678078573141
48035,3035035,2017-01-14 02:37:34,0,0.2369553,0.06187461418215396,0.33026293,0.019782329770280466
48036,3035036,2017-01-14 02:37:57,0,0.010329493,0.010008691031801149,0.37212425,0.0234998116448006
48037,3035037,2017-01-14 02:38:26,0,0.17987166,0.05161208524625867,0.76647496,0.11020077050071216
48038,3035038,2017-01-14 02:38:46,0,0.15744638,0.04744738861977187,0.30627185,0.01783043304438607
48039,3035039,2017-01-14 02:38:55,0,0.031308677,0.018533845591201765,0.51226604,0.039951785914822506
48040,3035040,2017-01-14 02:39:12,0,0.025023388,0.016352471792314072,0.6214087,0.059974846271000914
48041,3035041,2017-01-14 02:39:31,0,0.039350137,0.02107271718754344,0.31537795,0.018557182649915006
48042,3035042,2017-01-14 02:39:37,0,0.08520419,0.032786300029512154,0.28559667,0.016240642635467976
48043,3035043,2017-01-14 02:39:39,0,0.04647603,0.023149441889456276,0.24470036,0.013320112056020954
48044,3035044,2017-01-14 02:40:00,0,0.042302333,0.021950105053566378,0.27017987,0.01510640109662901
48045,3035045,2017-01-14 02:40:33,0,0.02059725,0.01467265094211769,0.2568307,0.01415733390362136
48046,3035046,2017-01-14 02:40:43,0,0.076282114,0.030741567707154444,0.41040975,0.027304187808158444
48047,3035047,2017-01-14 02:40:44,0,0.05244007,0.024791321489120284,0.22637267,0.012098097778598618
48048,3035048,2017-01-14 02:40:47,0,0.031718295,0.01866927830154889,0.5061782,0.03906700820262851
48049,3035049,2017-01-14 02:40:53,1,0.22871107,0.060410047183208845,0.24540561,0.013368152668726886
48050,3035050,2017-01-14 02:41:00,0,0.11810676,0.039785114394031706,0.6694313,0.07236603357298199
48051,3035051,2017-01-14 02:41:14,0,0.28326613,0.07007822467363667,0.7545231,0.1041902333998902
48052,3035052,2017-01-14 02:41:37,0,0.0604827,0.02689438815434939,0.57319915,0.05002077043109705
48053,3035053,2017-01-14 02:41:51,0,0.02744857,0.017218880472407133,0.46160716,0.033131985674315356
48054,3035054,2017-01-14 02:41:57,0,0.037473947,0.020501133380373404,0.7003696,0.08214134498581198
48055,3035055,2017-01-14 02:42:08,0,0.053640135,0.025112648595424378,0.29939345,0.01729244085205547
48056,3035056,2017-01-14 02:42:13,0,0.06849402,0.02888607426012794,0.25251347,0.013856678933914677
48057,3035057,2017-01-14 02:42:25,0,0.1545139,0.04689398301471974,0.79843646,0.12912577208888806
48058,3035058,2017-01-14 02:43:12,0,0.038005926,0.020664368035916033,0.269313,0.015043860035215798
48059,3035059,2017-01-14 02:43:36,0,0.032920547,0.019062625130288086,0.30545554,0.017766098360547374
48060,3035060,2017-01-14 02:43:44,0,0.013095363,0.01141269557301315,0.22195387,0.011810854514617955
48061,3035061,2017-01-14 02:43:47,0,0.021404086,0.01498962734151836,0.37273,0.023556802759655927
48062,3035062,2017-01-14 02:43:51,0,0.4181263,0.09491710620045887,0.3494385,0.02143293481675555
48063,3035063,2017-01-14 02:44:29,0,0.013738586,0.011719814066804762,0.33356488,0.02006060342565226
48064,3035064,2017-01-14 02:44:41,0,0.26106602,0.066145592072367,0.6241539,0.06060853642866368
48065,3035065,2017-01-14 02:44:58,0,0.15030445,0.04609543123598116,0.2943979,0.016907462955368584
48066,3035066,2017-01-14 02:45:13,0,0.026490923,0.016880799794750392,0.5116239,0.03985754394902058
48067,3035067,2017-01-14 02:45:16,0,0.034541648,0.0195836712150249,0.6680206,0.07195793237096268
48068,3035068,2017-01-14 02:45:19,0,0.12884319,0.04193480949251283,0.293898,0.016869200001522068
48069,3035069,2017-01-14 02:45:54,0,0.49776638,0.11132367578223129,0.27074125,0.015146972022532542
48070,3035070,2017-01-14 02:46:13,0,0.017339319,0.013334205511573678,0.17877589,0.00914266549794835
48071,3035071,2017-01-14 02:46:17,0,0.10856868,0.03782754716321987,0.19280463,0.00998319326592203
48072,3035072,2017-01-14 02:46:33,0,0.038018025,0.020668069840808576,0.18232706,0.009353155834624007
48073,3035073,2017-01-14 02:47:14,0,0.17038512,0.04986358196984126,0.34891602,0.021386830150146825
48074,3035074,2017-01-14 02:47:17,0,0.063343264,0.027616260984357172,0.26821762,0.01496501547058727
48075,3035075,2017-01-14 02:47:53,0,0.062396742,0.027378788994253805,0.28019863,0.015838696701396295
48076,3035076,2017-01-14 02:48:07,0,0.095045924,0.034958553663485284,0.28503412,0.01619850795374786
48077,3035077,2017-01-14 02:48:23,0,0.15366818,0.04673394889286847,0.17981401,0.009204041559606756
48078,3035078,2017-01-14 02:48:52,0,0.052719496,0.024866393875832362,0.23349278,0.012566885170855795
48079,3035079,2017-01-14 02:49:03,0,0.016307412,0.012887901908617834,0.23202921,0.01246991706101181
48080,3035080,2017-01-14 02:49:41,0,0.6586348,0.1532843348270091,0.57907856,0.05112724591815108
48081,3035081,2017-01-14 02:50:12,1,0.26545817,0.0669230168610057,0.23245232,0.012497917181955443
48082,3035082,2017-01-14 02:50:17,0,0.007396577,0.008322034058402922,0.26364204,0.014637869234038264
48083,3035083,2017-01-14 02:50:19,0,0.030665709,0.018319755534934715,0.6756554,0.07420312877394956
48084,3035084,2017-01-14 02:50:20,0,0.054332856,0.02529685787382883,0.19536157,0.010139031626162913
48085,3035085,2017-01-14 02:50:20,0,0.014636122,0.012138009970896015,0.26329386,0.014613119039996564
48086,3035086,2017-01-14 02:50:24,0,0.063210666,0.027583074224651442,0.15978566,0.008042117750546638
48087,3035087,2017-01-14 02:50:30,0,0.013701296,0.011702184376689444,0.5603545,0.04769425326276174
48088,3035088,2017-01-14 02:50:39,0,0.11191804,0.03852058446218651,0.24303582,0.01320703295871912
48089,3035089,2017-01-14 02:50:39,0,0.014316855,0.011990574606825486,0.253468,0.013922895288241505
48090,3035090,2017-01-14 02:51:18,0,0.11155762,0.03844631053828614,0.18944429,0.009779644603573445
48091,3035091,2017-01-14 02:51:31,0,0.007315257,0.008271382545043409,0.33603317,0.020270206610054416
48092,3035092,2017-01-14 02:51:45,0,0.009502937,0.009557693570666045,0.23440377,0.012627403514630061
48093,3035093,2017-01-14 02:51:53,0,0.024035582,0.015989394904008667,0.40748194,0.0269979485478171
48094,3035094,2017-01-14 02:52:00,0,0.004134449,0.006036807583484491,0.23652367,0.012768709286668407
48095,3035095,2017-01-14 02:52:55,0,0.05251025,0.024810191304105122,0.2137866,0.011287194636275465
48096,3035096,2017-01-14 02:53:28,0,0.09839726,0.035681049290690894,0.2271916,0.01215163957453516
48097,3035097,2017-01-14 02:53:48,0,0.1855181,0.05264494069127806,0.36474928,0.022813622029741867
48098,3035098,2017-01-14 02:53:56,0,0.061987437,0.02727567983553533,0.17291446,0.008798525883817439
48099,3035099,2017-01-14 02:54:11,0,0.057616606,0.026158020923704436,0.23160405,0.012441807451619467
48100,3035100,2017-01-14 02:54:11,0,0.010132836,0.009902881221366022,0.21062876,0.01108719500327737
48101,3035101,2017-01-14 02:54:17,0,0.021204052,0.014911528321000388,0.20877899,0.010970670130163928
48102,3035102,2017-01-14 02:54:20,0,0.007882932,0.008619941466429791,0.35868183,0.022259530378614216
48103,3035103,2017-01-14 02:55:05,0,0.008431244,0.008946162529342404,0.20003873,0.010426258445401036
48104,3035104,2017-01-14 02:55:32,0,0.009950656,0.009804047244983197,0.2476959,0.013524696092511966
48105,3035105,2017-01-14 02:55:52,0,0.009644454,0.009636107238298714,0.27666932,0.015578721396030745
48106,3035106,2017-01-14 02:55:58,0,0.2081655,0.05674073353804383,0.3741809,0.023693710681125465
48107,3035107,2017-01-14 02:55:59,0,0.00916152,0.009366357699324689,0.29325616,0.01682014373412837
48108,3035108,2017-01-14 02:56:03,0,0.019008301,0.014032308895016343,0.2704367,0.015124955731622954
48109,3035109,2017-01-14 02:56:09,0,0.29369372,0.07193060040578407,0.20820025,0.01093430721858056
48110,3035110,2017-01-14 02:56:37,0,0.07165604,0.029648177033703836,0.29879335,0.017245941755901877
48111,3035111,2017-01-14 02:56:42,0,0.16620709,0.049087639741062415,0.71410847,0.08705929894865334
48112,3035112,2017-01-14 02:57:04,0,0.008634654,0.009064772896970184,0.4316474,0.029608845081560427
48113,3035113,2017-01-14 02:57:12,0,0.062454257,0.027393257267298,0.38476604,0.02470972923608516
48114,3035114,2017-01-14 02:57:43,0,0.06488327,0.027999810923485892,0.4105605,0.02732002751767264
48115,3035115,2017-01-14 02:57:52,0,0.013284803,0.011503822319577407,0.2899504,0.01656870055211931
48116,3035116,2017-01-14 02:58:28,0,0.13139509,0.04243838052803873,0.34185165,0.020769764907297213
48117,3035117,2017-01-14 02:58:43,0,0.015192252,0.012391506625252515,0.35037738,0.021515950978147926
48118,3035118,2017-01-14 02:58:48,0,0.059334856,0.02660111046831625,0.42249653,0.028597436508932407
48119,3035119,2017-01-14 02:58:55,0,0.030017404,0.01810197548641087,0.36076084,0.022448345681892034
48120,3035120,2017-01-14 02:58:58,0,0.004767474,0.006530460170876786,0.24168575,0.01311563005447913
48121,3035121,2017-01-14 02:59:21,0,0.031347428,0.018546689319127427,0.33642158,0.020303314802779707
48122,3035122,2017-01-14 02:59:31,0,0.102636054,0.036583651665958866,0.24618551,0.01342136765390058
48123,3035123,2017-01-14 02:59:36,0,0.051220994,0.024461952088266715,0.25581092,0.014086044253368814
48124,3035124,2017-01-14 03:00:37,0,0.038480304,0.020809140509697767,0.21638057,0.011452505086805157
48125,3035125,2017-01-14 03:02:01,0,0.02342384,0.01576134375758114,0.16580604,0.00838654684414542
48126,3035126,2017-01-14 03:02:34,0,0.017568232,0.013431630063399851,0.3160408,0.01861074615169415
48127,3035127,2017-01-14 03:03:12,0,0.008365658,0.008907648764121525,0.17847045,0.009124631482567615
48128,3035128,2017-01-14 03:05:09,0,0.11320094,0.03878438016638997,0.39584863,0.025807108708728047
48129,3035129,2017-01-14 03:05:10,0,0.18573742,0.052684950274214826,0.32099944,0.019014338784611864
48130,3035130,2017-01-14 03:05:11,0,0.08365406,0.03243659817828736,0.17720713,0.009050160733295143
48131,3035131,2017-01-14 03:05:45,0,0.02663222,0.01693100388552538,0.5807515,0.051447060925308666
48132,3035132,2017-01-14 03:05:50,0,0.013382419,0.011550555624829395,0.39260605,0.025482374367363357
48133,3035133,2017-01-14 03:06:00,0,0.10239268,0.03653215213648056,0.20646292,0.010825419949282487
48134,3035134,2017-01-14 03:06:33,0,0.0072378297,0.008222922133425308,0.25645334,0.014130934256072685
48135,3035135,2017-01-14 03:06:40,0,0.011461529,0.010601237390154129,0.2755284,0.015495149898969392
48136,3035136,2017-01-14 03:07:23,0,0.028165894,0.017468859808766283,0.17174503,0.00873034888681155
48137,3035137,2017-01-14 03:07:28,0,0.0094752535,0.009542293968206913,0.3406809,0.02066862468991113
48138,3035138,2017-01-14 03:07:29,0,0.18837492,0.05316550919557517,0.38690963,0.024919249899595267
48139,3035139,2017-01-14 03:07:58,0,0.06891685,0.02898871711025273,0.31130564,0.018230096703135214
48140,3035140,2017-01-14 03:08:32,0,0.05318098,0.024990040527872705,0.430465,0.029476544837609163
48141,3035141,2017-01-14 03:08:40,0,0.055075336,0.025493291233042222,0.23507524,0.012672088337769505
48142,3035142,2017-01-14 03:08:51,0,0.21055871,0.0571699838465821,0.27508944,0.015463057470154428
48143,3035143,2017-01-14 03:09:15,0,0.06637987,0.028369312767769585,0.20934206,0.011006091383111476
48144,3035144,2017-01-14 03:09:17,0,0.049655657,0.024034486534465486,0.6349363,0.06317770641669666
48145,3035145,2017-01-14 03:09:21,0,0.037332103,0.020457449135420986,0.22133592,0.011770906490842427
48146,3035146,2017-01-14 03:09:30,0,0.59426,0.13453793798012986,0.3616571,0.0225300793942581
48147,3035147,2017-01-14 03:09:38,0,0.3680917,0.08540551521652086,0.4097338,0.02723324760256307
48148,3035148,2017-01-14 03:10:19,0,0.10023465,0.036073789595396775,0.57991743,0.05128733521943717
48149,3035149,2017-01-14 03:10:25,0,0.02665513,0.016939133578965482,0.27691725,0.015596912004529829
48150,3035150,2017-01-14 03:10:31,0,0.012163648,0.01095580801345298,0.34242135,0.02081909528652982
48151,3035151,2017-01-14 03:10:48,0,0.022327513,0.01534616500353335,0.1886934,0.009734353945359549
48152,3035152,2017-01-14 03:11:14,0,0.011333084,0.010535346794785313,0.6226511,0.060260638131558415
48153,3035153,2017-01-14 03:11:34,0,0.7568191,0.19080392569008653,0.75401014,0.10394325343970835
48154,3035154,2017-01-14 03:11:43,0,0.010731335,0.0102221663335152,0.22208117,0.01181909070142183
48155,3035155,2017-01-14 03:11:53,0,0.05830166,0.02633527465366598,0.634056,0.06296301037944511
48156,3035156,2017-01-14 03:12:00,0,0.035775784,0.019973576871278237,0.33600408,0.02026772861220874
48157,3035157,2017-01-14 03:12:00,0,0.04065503,0.021463713644548323,0.2723299,0.01526207608500607
48158,3035158,2017-01-14 03:12:32,0,0.012378811,0.011062647868472969,0.534563,0.043366144254328984
48159,3035159,2017-01-14 03:12:40,0,0.04676299,0.02323028381191513,0.1834366,0.009419234726388686
48160,3035160,2017-01-14 03:13:29,0,0.061795473,0.027227233299587213,0.3651097,0.02284683067108367
48161,3035161,2017-01-14 03:13:41,0,0.08402037,0.03251943494604395,0.36370152,0.022717273549376932
48162,3035162,2017-01-14 03:14:05,0,0.038903262,0.020937605910489362,0.30969965,0.018102033640681945
48163,3035163,2017-01-14 03:14:29,0,0.035473846,0.01987870460351683,0.38281325,0.02451997623902606
48164,3035164,2017-01-14 03:14:32,0,0.06905817,0.02902297208290501,0.29301465,0.016801703968850532
48165,3035165,2017-01-14 03:14:52,0,0.0125661325,0.011154999363491994,0.29994512,0.017335248816021005
48166,3035166,2017-01-14 03:14:52,0,0.04616271,0.023060947503185023,0.23336315,0.012558284072542709
48167,3035167,2017-01-14 03:15:03,0,0.17802973,0.05127394384453514,0.39309388,0.02553103350146838
48168,3035168,2017-01-14 03:15:18,0,0.028075999,0.017437681016040475,0.20481709,0.010722638463670959
48169,3035169,2017-01-14 03:16:26,0,0.115283266,0.039210676137608584,0.70938796,0.08532474359029925
48170,3035170,2017-01-14 03:16:30,0,0.026091838,0.0167383837793336,0.19733544,0.01025990413190896
48171,3035171,2017-01-14 03:16:38,0,0.022418423,0.01538092012842381,0.19844541,0.010328094844710027
48172,3035172,2017-01-14 03:17:32,0,0.055119712,0.025504998872002586,0.21147172,0.011140450231563348
48173,3035173,2017-01-14 03:18:42,0,0.0052860454,0.006913351200295149,0.44873777,0.03157709394833257
48174,3035174,2017-01-14 03:18:54,0,0.09216669,0.03433116602342746,0.24233715,0.013159696527562709
48175,3035175,2017-01-14 03:18:57,0,0.03300345,0.019089526313097932,0.23945187,0.012965004499364897
48176,3035176,2017-01-14 03:19:21,0,0.08147812,0.03194191997789787,0.64590305,0.0659300659934067
48177,3035177,2017-01-14 03:19:24,0,0.12154129,0.040478550171380114,0.33395672,0.020093786826402768
48178,3035178,2017-01-14 03:19:37,0,0.09249154,0.034402270312974916,0.44252428,0.03084915476509052
48179,3035179,2017-01-14 03:20:43,0,0.3626912,0.0844052648326338,0.7491098,0.10162669617228522
48180,3035180,2017-01-14 03:20:46,0,0.014697873,0.012166363218000274,0.596079,0.05448515095286359
48181,3035181,2017-01-14 03:21:20,0,0.012715942,0.011228422018772813,0.13407864,0.006615349517766892
48182,3035182,2017-01-14 03:22:47,0,0.054566123,0.02535868307416439,0.24024236,0.013018218657710422
48183,3035183,2017-01-14 03:23:29,0,0.34651712,0.081434520307394,0.58567137,0.05240073048530294
48184,3035184,2017-01-14 03:23:37,0,0.030209549,0.018166725189546405,0.2037843,0.010658325045510196
48185,3035185,2017-01-14 03:24:29,0,0.037928786,0.020640756529364063,0.340192,0.020626481935658487
48186,3035186,2017-01-14 03:24:59,0,0.31323376,0.07541821937447081,0.26226205,0.0145398918056831
48187,3035187,2017-01-14 03:25:00,0,0.030484455,0.018259064361808876,0.19192941,0.009930041243156905
48188,3035188,2017-01-14 03:25:12,0,0.101375096,0.03631640381843237,0.27705204,0.015606806698496647
48189,3035189,2017-01-14 03:25:13,0,0.003261566,0.00529652322643352,0.24794997,0.013542113341544452
48190,3035190,2017-01-14 03:25:25,0,0.15241687,0.04649679763566849,0.36979023,0.023281115228443724
48191,3035191,2017-01-14 03:25:51,0,0.02818278,0.017474712044852195,0.25204313,0.013824105051717566
48192,3035192,2017-01-14 03:26:25,0,0.015067115,0.012334825487810957,0.1797825,0.009202176360163938
48193,3035193,2017-01-14 03:26:51,0,0.03649065,0.020196887967249937,0.1540258,0.007716350316374985
48194,3035194,2017-01-14 03:28:40,0,0.006714916,0.007889394213339788,0.15961319,0.008032310478353172
48195,3035195,2017-01-14 03:29:22,0,0.019102523,0.014070910525077232,0.37599966,0.02386611875876388
48196,3035196,2017-01-14 03:29:46,0,0.10512469,0.03710808914631813,0.34983158,0.021467666096214484
48197,3035197,2017-01-14 03:30:32,0,0.072621,0.029878298611470455,0.17057116,0.008662072867425924
48198,3035198,2017-01-14 03:30:39,0,0.037661362,0.0205587485298478,0.1463599,0.007288329956799455
48199,3035199,2017-01-14 03:30:54,0,0.08573563,0.03290568605643701,0.21624179,0.011443637597849715
48200,3035200,2017-01-14 03:31:20,0,0.04931637,0.023941137346191774,0.13813592,0.0068359823524010216
48201,3035201,2017-01-14 03:32:17,0,0.0011819943,0.003025650987802959,0.18489057,0.009506053035791235
48202,3035202,2017-01-14 03:33:30,0,0.22872016,0.060411663878964864,0.36019218,0.022396592858333186
48203,3035203,2017-01-14 03:33:33,0,0.031849466,0.018712492961193306,0.28677198,0.016328859934921024
48204,3035204,2017-01-14 03:33:49,0,0.0637287,0.02771258018182129,0.2210312,0.011751227871338471
48205,3035205,2017-01-14 03:34:13,0,0.17119053,0.050012728686324996,0.22730108,0.012158804728776843
48206,3035206,2017-01-14 03:34:38,0,0.078030415,0.031148576299677315,0.2457138,0.013389169901550119
48207,3035207,2017-01-14 03:34:38,0,0.118157715,0.03979544413997734,0.4103259,0.027295381673025268
48208,3035208,2017-01-14 03:34:57,0,0.1813048,0.05187475672321123,0.5057192,0.03900107837787637
48209,3035209,2017-01-14 03:35:41,0,0.23818573,0.06209293260344941,0.44378683,0.030995902593837086
48210,3035210,2017-01-14 03:36:16,0,0.07401955,0.030209871035616842,0.2015482,0.010519560730137358
48211,3035211,2017-01-14 03:36:44,0,0.0019485905,0.003986494882170873,0.2538698,0.013950811520293422
48212,3035212,2017-01-14 03:37:59,0,0.58169717,0.13123496459969122,0.26318756,0.01460556645870206
48213,3035213,2017-01-14 03:37:59,0,0.017976442,0.013604003866567198,0.24837954,0.013571583624866568
48214,3035214,2017-01-14 03:38:00,0,0.0076761106,0.008494285479015007,0.26193273,0.014516557811216559
48215,3035215,2017-01-14 03:38:06,0,0.04324405,0.022224720805733136,0.35655522,0.022067504986250822
48216,3035216,2017-01-14 03:38:08,0,0.33391106,0.0791422068974537,0.22674905,0.012122693324546437
48217,3035217,2017-01-14 03:38:43,0,0.05963024,0.026676786856416182,0.22619015,0.012086177398763219
48218,3035218,2017-01-14 03:38:44,0,0.028596135,0.017617505123902498,0.13902032,0.0068842951442718596
48219,3035219,2017-01-14 03:39:01,0,0.08797282,0.03340553152753882,0.21830225,0.01157557309454327
48220,3035220,2017-01-14 03:39:03,0,0.1268802,0.04154561180360846,0.35302284,0.021751000947181263
48221,3035221,2017-01-14 03:39:31,0,0.06272602,0.02746155382916519,0.22168466,0.011793444901525953
48222,3035222,2017-01-14 03:39:39,0,0.08569794,0.032897228519163914,0.26450303,0.01469915919062366
48223,3035223,2017-01-14 03:39:41,0,0.15673052,0.0473125059147403,0.8470408,0.169660034948326
48224,3035224,2017-01-14 03:39:55,0,0.03184937,0.018712461078695123,0.34860936,0.021359798856126593
48225,3035225,2017-01-14 03:41:27,0,0.0074184015,0.008335585675452865,0.17553505,0.008951886007476621
48226,3035226,2017-01-14 03:42:55,0,0.026526293,0.01689337766579882,0.31271335,0.018342779765389543
48227,3035227,2017-01-14 03:43:25,0,0.06161405,0.027181395239818686,0.37399322,0.023675968444578064
48228,3035228,2017-01-14 03:43:39,0,0.0026844991,0.004757124185904374,0.286459,0.0163053431127218
48229,3035229,2017-01-14 03:43:51,0,0.11643501,0.03944548864672732,0.14062335,0.006972067168777239
48230,3035230,2017-01-14 03:45:14,0,0.008423171,0.008941429200657857,0.23290096,0.012527636418955096
48231,3035231,2017-01-14 03:45:41,0,0.016547488,0.012992808645134572,0.24268879,0.013183511338162895
48232,3035232,2017-01-14 03:45:58,0,0.03902673,0.02097499895196313,0.37024108,0.02332324802118319
48233,3035233,2017-01-14 03:46:09,0,0.04487522,0.02269476070711417,0.18058218,0.009249540832714545
48234,3035234,2017-01-14 03:46:13,0,0.003431464,0.0054469860187031675,0.182152,0.009342743824151746
48235,3035235,2017-01-14 03:46:21,0,0.009998578,0.009830121950691467,0.25888535,0.01430148409638322
48236,3035236,2017-01-14 03:47:28,0,0.028187718,0.01747642302456901,0.26047805,0.014413700047199026
48237,3035237,2017-01-14 03:47:59,0,0.028100563,0.017446205064607458,0.31923294,0.018869968937764072
48238,3035238,2017-01-14 03:48:02,0,0.004040226,0.005960514194654569,0.17506312,0.008924208254294396
48239,3035239,2017-01-14 03:48:12,0,0.03847645,0.020807966775089816,0.22893353,0.01226585146438237
48240,3035240,2017-01-14 03:48:48,0,0.030658267,0.01831726686180002,0.16565719,0.008377982021858361
48241,3035241,2017-01-14 03:48:49,0,0.045745958,0.02294286726868832,0.20368257,0.010651997741583387
48242,3035242,2017-01-14 03:49:58,0,0.08713397,0.03321862206096354,0.29024002,0.016590647959703886
48243,3035243,2017-01-14 03:50:47,0,0.08594744,0.03295319891338171,0.49607873,0.03764095766776291
48244,3035244,2017-01-14 03:51:12,0,0.004044718,0.00596416955372241,0.14907226,0.007439059151740114
48245,3035245,2017-01-14 03:51:19,0,0.019987056,0.01442935904535052,0.5002172,0.03821914952823045
48246,3035246,2017-01-14 03:52:06,0,0.033935703,0.019390124680775264,0.19561774,0.010154690121650772
48247,3035247,2017-01-14 03:52:28,0,0.008075598,0.008735684724270188,0.13885508,0.006875262480610334
48248,3035248,2017-01-14 03:52:33,0,0.015625296,0.012586099319054925,0.29821965,0.017201553577351307
48249,3035249,2017-01-14 03:52:53,0,0.040924698,0.021543876223421753,0.2572432,0.01418621821501921
48250,3035250,2017-01-14 03:54:11,0,0.006654079,0.007849851111831658,0.1582089,0.00795257813335822
48251,3035251,2017-01-14 03:54:20,0,0.039374776,0.021080148477205334,0.21715465,0.01150201706711339
48252,3035252,2017-01-14 03:55:12,0,0.067005396,0.028522835043489844,0.19231616,0.00995351630132355
48253,3035253,2017-01-14 03:55:52,0,0.027407665,0.01720454261234982,0.21872683,0.011602833340572034
48254,3035254,2017-01-14 03:56:04,0,0.015244678,0.01241519256850304,0.191715,0.009917034698838176
48255,3035255,2017-01-14 03:56:29,0,0.019113248,0.01407529924920415,0.40775368,0.027026258694734295
48256,3035256,2017-01-14 03:58:36,0,0.053847276,0.025167828045926665,0.32750228,0.01955151659001278
48257,3035257,2017-01-14 03:58:50,0,0.023078796,0.015631591201485016,0.22906241,0.012274319182488348
48258,3035258,2017-01-14 03:59:21,0,0.055265296,0.02554338286742219,0.25071904,0.013732593496869144
48259,3035259,2017-01-14 03:59:38,0,0.12115587,0.04040101509087652,0.19092503,0.009869164034005734
48260,3035260,2017-01-14 03:59:50,0,0.25029472,0.06423887547970238,0.21913864,0.01162929777155255
48261,3035261,2017-01-14 03:59:56,0,0.44010583,0.09926486734188314,0.21339811,0.011262516485742252
48262,3035262,2017-01-14 04:01:07,0,0.020469213,0.014621861782826859,0.3479067,0.0212979476638802
48263,3035263,2017-01-14 04:01:13,0,0.03673243,0.020272007994832017,0.19747841,0.010268678932551225
48264,3035264,2017-01-14 04:01:19,1,0.08098995,0.03183031275853265,0.27345806,0.015344081827226902
48265,3035265,2017-01-14 04:01:30,0,0.07439172,0.03029772590546267,0.20735852,0.010881501680233826
48266,3035266,2017-01-14 04:01:46,0,0.023272654,0.01570459243874207,0.30247498,0.017532315351252513
48267,3035267,2017-01-14 04:01:46,0,0.45146734,0.10156103408117448,0.54973036,0.045858496592088634
48268,3035268,2017-01-14 04:02:35,0,0.036500573,0.020199975357390588,0.3513281,0.02160022874858002
48269,3035269,2017-01-14 04:02:40,0,0.06705268,0.028534417633565148,0.43293637,0.029753629453509498
48270,3035270,2017-01-14 04:03:21,0,0.39217454,0.08992420198117186,0.73082805,0.09361702802058794
48271,3035271,2017-01-14 04:03:29,0,0.1116843,0.03847242476387583,0.5887116,0.05300005434500186
48272,3035272,2017-01-14 04:03:30,0,0.042297926,0.021948814147627147,0.5935296,0.05396590652246941
48273,3035273,2017-01-14 04:04:19,0,0.012215938,0.010981848884311389,0.22131741,0.011769710906635655
48274,3035274,2017-01-14 04:04:24,0,0.014963811,0.012287877998994234,0.65633047,0.06868809243704081
48275,3035275,2017-01-14 04:04:56,0,0.29606378,0.07235235041061128,0.6858634,0.0773515626109279
48276,3035276,2017-01-14 04:05:26,0,0.0053226138,0.00693970352040946,0.24625605,0.013426185651857698
48277,3035277,2017-01-14 04:05:28,0,0.03223421,0.01883882129376944,0.19318877,0.010006552433945526
48278,3035278,2017-01-14 04:06:15,0,0.1291328,0.04199209472355457,0.44339177,0.03094992082018542
48279,3035279,2017-01-14 04:06:19,0,0.089751914,0.03379996315058994,0.30878496,0.01802932787591063
48280,3035280,2017-01-14 04:06:39,0,0.09156023,0.0341981967349165,0.17349483,0.008832420397792204
48281,3035281,2017-01-14 04:07:01,0,0.0122250905,0.010986401658123273,0.22113888,0.011758180145103155
48282,3035282,2017-01-14 04:07:54,0,0.013968366,0.011827990424966411,0.19277017,0.00998109829571919
48283,3035283,2017-01-14 04:08:26,0,0.025860349,0.01665535130380615,0.3039718,0.017649501227183374
48284,3035284,2017-01-14 04:08:55,0,0.076955006,0.03089860605889895,0.4209663,0.028431068226639836
48285,3035285,2017-01-14 04:08:55,0,0.058110323,0.026285847571875954,0.18570444,0.009554763394769303
48286,3035286,2017-01-14 04:09:32,0,0.019406537,0.014194902997625925,0.2808271,0.01588522360355918
48287,3035287,2017-01-14 04:10:12,0,0.018632436,0.013877489896041453,0.37848687,0.024103334678424335
48288,3035288,2017-01-14 04:10:48,0,0.01037471,0.010032893151324145,0.36371765,0.022718754052236997
48289,3035289,2017-01-14 04:11:57,0,0.0029496509,0.005010828009432802,0.18893278,0.009748784398267716
48290,3035290,2017-01-14 04:12:25,0,0.325237,0.07757506478679424,0.2384377,0.012896871551804797
48291,3035291,2017-01-14 04:12:27,0,0.086784996,0.03314068658850816,0.33738896,0.02038592230932652
48292,3035292,2017-01-14 04:12:28,0,0.02075539,0.014735194208221928,0.23996055,0.012999236874143501
48293,3035293,2017-01-14 04:13:35,0,0.11227005,0.03859305582156791,0.30122378,0.017434696509992766
48294,3035294,2017-01-14 04:13:50,0,0.11802267,0.03976806500232234,0.46794397,0.03392201654811313
48295,3035295,2017-01-14 04:14:33,0,0.045455743,0.022860385459552292,0.17358309,0.008837578342669754
48296,3035296,2017-01-14 04:15:19,0,0.55427235,0.1243485367458402,0.5883454,0.05292745192101569
48297,3035297,2017-01-14 04:15:42,0,0.18850562,0.05318929437757207,0.17732513,0.009057108739229571
48298,3035298,2017-01-14 04:15:51,0,0.025268631,0.016441661044779437,0.1892898,0.009770320264254248
48299,3035299,2017-01-14 04:16:14,0,0.023524426,0.015799014733870447,0.16692019,0.008450735622339793
48300,3035300,2017-01-14 04:17:39,0,0.0020910585,0.004144728730670487,0.15689166,0.007877984782033614
48301,3035301,2017-01-14 04:18:57,0,0.043576326,0.022321040337051436,0.2169769,0.011490640094512382
48302,3035302,2017-01-14 04:19:12,0,0.18996118,0.05345400980315439,0.23715726,0.012811072599436441
48303,3035303,2017-01-14 04:19:27,0,0.014451336,0.012052850888978065,0.32769808,0.019567832386589806
48304,3035304,2017-01-14 04:19:52,0,0.0028646595,0.004930662896614404,0.1841405,0.009461233383213462
48305,3035305,2017-01-14 04:20:06,0,0.034963496,0.0197175855554956,0.21800064,0.011556223131567584
48306,3035306,2017-01-14 04:20:41,0,0.030539857,0.01827763137758873,0.33177617,0.01990955946940948
48307,3035307,2017-01-14 04:20:48,0,0.013038334,0.011385149782257907,0.18978043,0.009799942165273553
48308,3035308,2017-01-14 04:21:36,0,0.027765479,0.01732965590974351,0.45025626,0.03175720462509551
48309,3035309,2017-01-14 04:21:57,0,0.023580886,0.015820129735520317,0.2843043,0.016143929961364437
48310,3035310,2017-01-14 04:22:27,0,0.02581343,0.01663848389921749,0.22392374,0.011938560820095057
48311,3035311,2017-01-14 04:22:39,0,0.058138423,0.026293110302963926,0.24195576,0.013133887842128695
48312,3035312,2017-01-14 04:22:52,0,0.0777006,0.03107204385078751,0.2549519,0.014026123236404934
48313,3035313,2017-01-14 04:22:56,0,0.045521487,0.022879088887300638,0.61676055,0.05891999131393528
48314,3035314,2017-01-14 04:23:48,0,0.081546605,0.031957558809692095,0.25359386,0.013931636768552172
48315,3035315,2017-01-14 04:23:50,0,0.036105268,0.02007672791538445,0.27203882,0.015240953514649129
48316,3035316,2017-01-14 04:24:23,0,0.0009738244,0.0027189184155520002,0.19748321,0.01026897345300314
48317,3035317,2017-01-14 04:24:33,0,0.035407204,0.019857720225251504,0.36153966,0.022519357217029797
48318,3035318,2017-01-14 04:25:11,0,0.120105445,0.040189342300169816,0.5419674,0.04456467487401575
48319,3035319,2017-01-14 04:25:41,0,0.017448444,0.013380717881635213,0.20137323,0.010508730421427321
48320,3035320,2017-01-14 04:25:44,0,0.024561495,0.016183474568196812,0.26317826,0.014604905935746369
48321,3035321,2017-01-14 04:26:22,0,0.088413745,0.03350353473677068,0.38118747,0.02436280652019779
48322,3035322,2017-01-14 04:27:02,0,0.04378808,0.022382268513107328,0.44081217,0.030651089903959837
48323,3035323,2017-01-14 04:28:14,0,0.044188417,0.022497701761249298,0.4363137,0.03013576279163506
48324,3035324,2017-01-14 04:29:32,0,0.0026975076,0.004769826098709539,0.2962831,0.017052184195811573
48325,3035325,2017-01-14 04:29:56,0,0.028051713,0.01742925082385726,0.28147814,0.01593349531477833
48326,3035326,2017-01-14 04:30:35,0,0.020960929,0.014816177209064255,0.14899802,0.007434923341240136
48327,3035327,2017-01-14 04:31:11,0,0.028871648,0.017712197992963065,0.23575081,0.012717114780191947
48328,3035328,2017-01-14 04:32:27,0,0.008278336,0.008856162173096786,0.27119392,0.015179725400436958
48329,3035329,2017-01-14 04:34:29,0,0.022063058,0.01524471654521199,0.1518306,0.0075931426877817775
48330,3035330,2017-01-14 04:34:44,0,0.039758872,0.021195750061821582,0.24811094,0.013553152610298679
48331,3035331,2017-01-14 04:35:53,0,0.12750784,0.04167022943488281,0.4143296,0.027718425432191836
48332,3035332,2017-01-14 04:36:06,0,0.004710518,0.006487295805585997,0.15594016,0.007824221267540225
48333,3035333,2017-01-14 04:36:26,0,0.19464211,0.05430320610710765,0.33972386,0.020586181118337904
48334,3035334,2017-01-14 04:36:39,0,0.010123347,0.009897752739267922,0.23292369,0.012529142519956956
48335,3035335,2017-01-14 04:37:03,0,0.019175868,0.014100902263876666,0.14112926,0.006999822164788827
48336,3035336,2017-01-14 04:38:16,0,0.019734412,0.01432768985271852,0.26767153,0.014925784330861596
48337,3035337,2017-01-14 04:38:31,0,0.020899378,0.014791961930955014,0.24906512,0.013618676838383274
48338,3035338,2017-01-14 04:39:08,1,0.22611491,0.05994809612228432,0.7830503,0.1194399402078517
48339,3035339,2017-01-14 04:39:53,0,0.118519366,0.03986872287207805,0.7149417,0.0873705506053799
48340,3035340,2017-01-14 04:39:54,0,0.0804041,0.031696064006644015,0.7805038,0.11794545883716713
48341,3035341,2017-01-14 04:39:58,0,0.009027861,0.009290594407349122,0.21351409,0.011269881509415868
48342,3035342,2017-01-14 04:40:17,0,0.022131702,0.015271099293514652,0.5221568,0.041431635908369506
48343,3035343,2017-01-14 04:41:14,0,0.09343487,0.03460828695563171,0.7375617,0.09645737178197551
48344,3035344,2017-01-14 04:41:50,1,0.2744892,0.06852222165935572,0.8630595,0.18782253860301668
48345,3035345,2017-01-14 04:41:51,0,0.01976337,0.01433937105849889,0.39924377,0.026150438159929085
48346,3035346,2017-01-14 04:41:52,0,0.011035822,0.010381579613492495,0.7593702,0.10656753995028069
48347,3035347,2017-01-14 04:41:55,0,0.019412357,0.014197268776592628,0.2650829,0.014740507154122397
48348,3035348,2017-01-14 04:41:55,0,0.021630261,0.01507755581854026,0.20437361,0.010695005260525189
48349,3035349,2017-01-14 04:42:04,0,0.0039374996,0.005876422718229867,0.6045734,0.0562574909937166
48350,3035350,2017-01-14 04:43:36,0,0.014259584,0.01196397557120175,0.19157149,0.009908332251912833
48351,3035351,2017-01-14 04:43:37,0,0.28999084,0.07127225357161238,0.26928428,0.015041789505062589
48352,3035352,2017-01-14 04:44:13,0,0.05676156,0.02593564581350135,0.7901001,0.12373282556535566
48353,3035353,2017-01-14 04:44:24,0,0.012149018,0.01094851325834428,0.25683203,0.014157427767705717
48354,3035354,2017-01-14 04:44:45,0,0.0127721615,0.011255877152192888,0.18321797,0.009406202343860049
48355,3035355,2017-01-14 04:45:56,0,0.05675586,0.025934159177772028,0.29740542,0.017138663297688515
48356,3035356,2017-01-14 04:46:02,0,0.01110429,0.010417157172822355,0.21306406,0.011241312717727657
48357,3035357,2017-01-14 04:47:27,0,0.02048153,0.014626753872321444,0.21132307,0.011131051772741506
48358,3035358,2017-01-14 04:48:02,0,0.0121026775,0.010925381667490805,0.27906322,0.015754819104802583
48359,3035359,2017-01-14 04:48:02,0,0.14121838,0.0443534866864102,0.3294602,0.019715043261606977
48360,3035360,2017-01-14 04:48:25,0,0.003630494,0.0056190650692309755,0.21622476,0.011442549460122887
48361,3035361,2017-01-14 04:48:42,0,0.025877148,0.016661387568460577,0.17882717,0.009145693961792553
48362,3035362,2017-01-14 04:49:31,0,0.017760755,0.013513140640721339,0.21702859,0.011493948109669723
48363,3035363,2017-01-14 04:49:36,0,0.029945888,0.01807783126453971,0.1652086,0.008352184420530904
48364,3035364,2017-01-14 04:49:43,0,0.048774198,0.023791440659100778,0.16001551,0.008055193301126955
48365,3035365,2017-01-14 04:51:36,0,0.18365131,0.05230406430004499,0.6947133,0.08022722183377207
48366,3035366,2017-01-14 04:51:52,0,0.007956833,0.008664483993796962,0.22189121,0.011806801376722891
48367,3035367,2017-01-14 04:52:01,0,0.003087042,0.005138259715761553,0.18873264,0.009736718707287284
48368,3035368,2017-01-14 04:53:21,0,0.007838025,0.008592783396857201,0.38994226,0.02521788677278663
48369,3035369,2017-01-14 04:53:45,0,0.007845916,0.008597560588286653,0.21052466,0.01108062504519055
48370,3035370,2017-01-14 04:53:55,0,0.031973626,0.018753329423370397,0.16518171,0.00835063925918536
48371,3035371,2017-01-14 04:54:06,0,0.0010574285,0.0028453362772683033,0.13911086,0.006889245589223501
48372,3035372,2017-01-14 04:55:27,0,0.06034285,0.02685876947313788,0.20570458,0.010778017549301872
48373,3035373,2017-01-14 04:55:27,0,0.15565972,0.04711049321368726,0.22285052,0.011868915425954054
48374,3035374,2017-01-14 04:56:00,0,0.22229336,0.05926732705049487,0.7009413,0.08233827249633452
48375,3035375,2017-01-14 04:56:07,0,0.046635337,0.023194345998349027,0.2746913,0.015433979251476633
48376,3035376,2017-01-14 04:56:19,0,0.27901822,0.06932485448633872,0.70121485,0.08243271484212117
48377,3035377,2017-01-14 04:57:28,0,0.11506589,0.03916628113839507,0.60505074,0.05635906067980147
48378,3035378,2017-01-14 04:57:49,0,0.29567653,0.07228341859788656,0.82416415,0.14834356962434064
48379,3035379,2017-01-14 04:57:53,0,0.024686694,0.016229415371528985,0.21653251,0.011462217350872269
48380,3035380,2017-01-14 04:58:06,0,0.006604387,0.00781743222230094,0.15777178,0.007927803398346984
48381,3035381,2017-01-14 04:58:51,0,0.02663154,0.016930762593234196,0.18307869,0.00939790291837326
48382,3035382,2017-01-14 05:00:31,0,0.015242343,0.012414138458322772,0.2682247,0.014965523212960113
48383,3035383,2017-01-14 05:00:43,0,0.24302724,0.06295143647116067,0.82955515,0.15295542931723394
48384,3035384,2017-01-14 05:02:40,0,0.03051395,0.01826895075967817,0.5311733,0.04282861665241519
48385,3035385,2017-01-14 05:03:22,0,0.06534148,0.028113273924029535,0.14983009,0.00748131153593937
48386,3035386,2017-01-14 05:03:30,0,0.029773403,0.018019499801878187,0.20658922,0.010833322362053071
48387,3035387,2017-01-14 05:04:19,0,0.06636077,0.028364617708901783,0.2002931,0.0104419601000048
48388,3035388,2017-01-14 05:04:24,0,0.034080405,0.019436473545478013,0.85263747,0.1756565500179553
48389,3035389,2017-01-14 05:05:14,0,0.007386393,0.008315704384349061,0.19212377,0.009941836111398124
48390,3035390,2017-01-14 05:09:05,0,0.16939512,0.04968006311423271,0.23670624,0.01278091023717705
48391,3035391,2017-01-14 05:10:30,0,0.053595155,0.0251006558509697,0.2576424,0.014214198188015299
48392,3035392,2017-01-14 05:12:01,0,0.06309967,0.027555273264309503,0.74365175,0.09913452003728095
48393,3035393,2017-01-14 05:12:45,0,0.0062984736,0.007615410948293442,0.19253294,0.00996668303116842
48394,3035394,2017-01-14 05:13:29,0,0.0722284,0.029784806544312554,0.6097603,0.05737287047349723
48395,3035395,2017-01-14 05:15:24,0,0.030019563,0.018102703933513584,0.5170534,0.04066138776128989
48396,3035396,2017-01-14 05:16:05,0,0.07478134,0.030389531137424586,0.58566165,0.0523988276393121
48397,3035397,2017-01-14 05:17:23,0,0.028433017,0.017561260979832818,0.28919876,0.016511813446198637
48398,3035398,2017-01-14 05:18:26,0,0.016225941,0.012852148879110088,0.14935243,0.007454672902158029
48399,3035399,2017-01-14 05:18:30,0,0.060076635,0.026790881069487436,0.33364728,0.02006757898721436
48400,3035400,2017-01-14 05:18:45,0,0.015307936,0.012443725127750044,0.17555502,0.008953057632438127
48401,3035401,2017-01-14 05:19:15,0,0.007952931,0.00866213713953669,0.2863323,0.01629582907911942
48402,3035402,2017-01-14 05:19:24,0,0.042466685,0.021998208505876783,0.7496848,0.10189456863971293
48403,3035403,2017-01-14 05:19:25,0,0.0020680085,0.004119463686228658,0.18821344,0.009705440841169213
48404,3035404,2017-01-14 05:20:40,0,0.02564095,0.016576363508327717,0.1713448,0.008707052237259861
48405,3035405,2017-01-14 05:21:39,0,0.016475273,0.012961322960163817,0.15119052,0.0075573149535204855
48406,3035406,2017-01-14 05:21:39,0,0.015966214,0.01273764214798917,0.09652128,0.004646676173846846
48407,3035407,2017-01-14 05:23:10,0,0.003129317,0.005176956342513075,0.2550877,0.014035588653151498
48408,3035408,2017-01-14 05:24:13,0,0.02524155,0.016431830476051377,0.29711947,0.01711660672039056
48409,3035409,2017-01-14 05:24:52,0,0.0034058415,0.0054245118356988364,0.14909017,0.007440057080179428
48410,3035410,2017-01-14 05:25:02,0,0.07255139,0.029861735191730042,0.6448646,0.06566311731563257
48411,3035411,2017-01-14 05:26:27,0,0.020383796,0.014587902479186994,0.2442797,0.013291494339335637
48412,3035412,2017-01-14 05:26:29,0,0.0069431737,0.008036355595498585,0.20712538,0.010866892173500505
48413,3035413,2017-01-14 05:27:53,0,0.01803088,0.013626862090459246,0.13500826,0.00666575656822014
48414,3035414,2017-01-14 05:28:15,0,0.008837484,0.009181816373754993,0.28707242,0.016351450936893195
48415,3035415,2017-01-14 05:29:25,0,0.016376412,0.012918121463219608,0.13854043,0.00685806986603507
48416,3035416,2017-01-14 05:30:44,0,0.03483459,0.019676735979626162,0.20371048,0.010653733513097084
48417,3035417,2017-01-14 05:31:18,0,0.00470755,0.006485040372126529,0.08442528,0.004038501474572989
48418,3035418,2017-01-14 05:32:15,0,0.0016133516,0.0035922034272210033,0.14835262,0.007398992416446402
48419,3035419,2017-01-14 05:32:30,0,0.08126654,0.03189357604505318,0.2872183,0.016362426361220848
48420,3035420,2017-01-14 05:32:36,0,0.0082926685,0.008864629157616015,0.14202037,0.007048774134236471
48421,3035421,2017-01-14 05:32:41,0,0.018180663,0.01368960134552489,0.18218686,0.009344816535518885
48422,3035422,2017-01-14 05:33:31,0,0.016568065,0.013001769109116575,0.17541674,0.00894494465770944
48423,3035423,2017-01-14 05:33:38,0,0.31611738,0.07593523113118276,0.42267358,0.028616736531081512
48424,3035424,2017-01-14 05:33:56,0,0.1507303,0.0461764475596055,0.67879754,0.07515386015993462
48425,3035425,2017-01-14 05:34:59,0,0.20530365,0.056226660166966126,0.5750167,0.05035994613785305
48426,3035426,2017-01-14 05:35:24,0,0.14069949,0.04425319618285672,0.65732425,0.06895853752836882
48427,3035427,2017-01-14 05:35:33,0,0.17826262,0.05131673213190066,0.18294993,0.00939023246613753
48428,3035428,2017-01-14 05:36:54,0,0.13714743,0.04356413031743455,0.8022781,0.131735789348367
48429,3035429,2017-01-14 05:39:33,0,0.11904276,0.03997466066719795,0.31915113,0.018863299027357106
48430,3035430,2017-01-14 05:39:35,0,0.014959363,0.012285853389447012,0.1736339,0.008840548297500684
48431,3035431,2017-01-14 05:40:12,0,0.046841968,0.023252497945003746,0.5972537,0.0547263409412827
48432,3035432,2017-01-14 05:41:09,1,0.062871024,0.027497948893593166,0.80157,0.13124850011775643
48433,3035433,2017-01-14 05:41:44,0,0.041253086,0.021641205908193517,0.57442415,0.05024909196866796
48434,3035434,2017-01-14 05:45:07,0,0.044064064,0.02246189079644572,0.34379005,0.020937918792259896
48435,3035435,2017-01-14 05:45:30,0,0.015730634,0.012633076343524762,0.28686228,0.01633564826657452
48436,3035436,2017-01-14 05:46:14,0,0.01039938,0.010046077950295385,0.25109282,0.013758398310053464
48437,3035437,2017-01-14 05:46:28,0,0.06914007,0.02904281115902278,0.35542527,0.021965927870280556
48438,3035438,2017-01-14 05:46:51,0,0.028512707,0.01758875550045599,0.34104854,0.02070035080992195
48439,3035439,2017-01-14 05:47:12,0,0.02213937,0.015274044435413907,0.456472,0.032503740960062574
48440,3035440,2017-01-14 05:48:34,0,0.008857924,0.009193544738856101,0.26693606,0.014873029518942456
48441,3035441,2017-01-14 05:49:21,0,0.14938502,0.045920328466702236,0.66610783,0.07140936242327169
48442,3035442,2017-01-14 05:49:50,0,0.003035296,0.005090569180349905,0.5657131,0.04865012457446303
48443,3035443,2017-01-14 05:50:01,0,0.010243162,0.009962351638113681,0.21221538,0.011187512195135385
48444,3035444,2017-01-14 05:50:13,0,0.0056451596,0.007168731202249361,0.18376455,0.00943879421795235
48445,3035445,2017-01-14 05:50:46,0,0.005933476,0.007368554724545684,0.21577778,0.01141400758889564
48446,3035446,2017-01-14 05:51:14,0,0.011450075,0.010595374750407,0.40868086,0.02712302722133387
48447,3035447,2017-01-14 05:51:44,0,0.0061665545,0.007526946400474375,0.5598531,0.047605863432211015
48448,3035448,2017-01-14 05:51:59,0,0.033626426,0.019290785203267366,0.34614784,0.021143634551893466
48449,3035449,2017-01-14 05:53:08,0,0.009269244,0.009427064245729512,0.60149497,0.05560753377847394
48450,3035450,2017-01-14 05:55:08,0,0.013322252,0.011521768481165049,0.32403538,0.0192639990536952
48451,3035451,2017-01-14 05:57:05,1,0.030974558,0.01842282552560416,0.61138374,0.05772732506055752
48452,3035452,2017-01-14 05:57:14,0,0.05875879,0.026453111779989394,0.70450515,0.0835805052911942
48453,3035453,2017-01-14 05:59:07,0,0.12998652,0.04216075449303005,0.23590083,0.012727123077631027
48454,3035454,2017-01-14 06:01:14,0,0.006254176,0.007585798177062911,0.218053,0.011559581529083195
48455,3035455,2017-01-14 06:01:33,0,0.004897914,0.006628454960978954,0.29403332,0.01687955375201298
48456,3035456,2017-01-14 06:02:21,0,0.036633167,0.020241192073410103,0.16829996,0.008530424106399533
48457,3035457,2017-01-14 06:02:58,0,0.013363374,0.01154144983613298,0.15481259,0.007760636658345577
48458,3035458,2017-01-14 06:03:21,0,0.043095212,0.022181479926671008,0.18350993,0.009423607100999131
48459,3035459,2017-01-14 06:04:39,0,0.032087304,0.01879066002146659,0.29811245,0.01719326635361665
48460,3035460,2017-01-14 06:05:04,0,0.0076219277,0.008461118248877459,0.25362083,0.01393351042175474
48461,3035461,2017-01-14 06:07:41,0,0.0086809825,0.009091613530701332,0.41060096,0.027324281470847814
48462,3035462,2017-01-14 06:10:45,0,0.06824316,0.028825066933645435,0.5695587,0.04934898664622677
48463,3035463,2017-01-14 06:11:32,0,0.0009753528,0.0027212722770454806,0.1600602,0.008057736189875141
48464,3035464,2017-01-14 06:11:42,0,0.0022835254,0.004351006792050787,0.49149957,0.03701090436675276
48465,3035465,2017-01-14 06:12:08,0,0.07262901,0.02988020402060116,0.24655591,0.013446674371996403
48466,3035466,2017-01-14 06:13:09,0,0.006865283,0.007986451806696396,0.4348647,0.02997131914965892
48467,3035467,2017-01-14 06:15:03,0,0.0077974955,0.008568213595590688,0.43542957,0.030035336963117894
48468,3035468,2017-01-14 06:15:17,0,0.033899464,0.019378504051762772,0.28757656,0.016389396101907396
48469,3035469,2017-01-14 06:15:51,0,0.16246296,0.04838892045454661,0.21189848,0.011167447942308012
48470,3035470,2017-01-14 06:16:11,0,0.0027241353,0.004795740907380421,0.16805646,0.008516345002821998
48471,3035471,2017-01-14 06:16:41,0,0.06478425,0.027975252681091297,0.37600538,0.023866662579180915
48472,3035472,2017-01-14 06:17:07,0,0.020326756,0.014565190983998163,0.20575422,0.01078111786605807
48473,3035473,2017-01-14 06:17:07,0,0.0067272987,0.007897423331369608,0.20273495,0.01059312397799026
48474,3035474,2017-01-14 06:18:54,0,0.00243444,0.004507345238221434,0.17468236,0.008901897109285663
48475,3035475,2017-01-14 06:19:07,0,0.0069433483,0.008036467193769508,0.23471896,0.01264837056403086
48476,3035476,2017-01-14 06:19:09,0,0.0032615983,0.0052965522176774945,0.21178138,0.011160037812133232
48477,3035477,2017-01-14 06:19:27,0,0.005756536,0.007246450797241543,0.22173588,0.011796756235099466
48478,3035478,2017-01-14 06:20:34,0,0.010684575,0.01019750933663162,0.58953094,0.05316289964848393
48479,3035479,2017-01-14 06:20:38,0,0.03886786,0.020926875370273375,0.25110146,0.01375899523961305
48480,3035480,2017-01-14 06:21:11,0,0.0112239085,0.010479081942942727,0.37942374,0.024193122431894698
48481,3035481,2017-01-14 06:21:53,0,0.02991145,0.018066196049174366,0.31340975,0.018398673213126233
48482,3035482,2017-01-14 06:22:32,0,0.04317566,0.022204859515698026,0.35694808,0.022102894189514073
48483,3035483,2017-01-14 06:23:23,0,0.003528592,0.00553150466011863,0.12646444,0.006205680188225242
48484,3035484,2017-01-14 06:23:48,0,0.032799132,0.019023176180482874,0.34133276,0.020724899710038148
48485,3035485,2017-01-14 06:27:00,0,0.052189365,0.024723832761918214,0.2323721,0.012492606824011203
48486,3035486,2017-01-14 06:27:24,0,0.006656917,0.007851699177528721,0.21499391,0.011364019466420752
48487,3035487,2017-01-14 06:28:21,0,0.018609993,0.013868202997156548,0.16244282,0.008193634636652573
48488,3035488,2017-01-14 06:28:46,0,0.015617698,0.012582705666568278,0.21593346,0.01142394500539199
48489,3035489,2017-01-14 06:28:57,0,0.008009171,0.008695919179858576,0.24454193,0.013309330815415304
48490,3035490,2017-01-14 06:29:45,0,0.0014302221,0.00336119842101684,0.11150772,0.005416957136585392
48491,3035491,2017-01-14 06:29:54,0,0.012435346,0.011090584622303723,0.5324564,0.04303127795267184
48492,3035492,2017-01-14 06:31:37,0,0.011398886,0.010569143526245809,0.26974753,0.01507519295276504
48493,3035493,2017-01-14 06:34:48,0,0.006845298,0.007973607166687673,0.27702704,0.01560497102671682
48494,3035494,2017-01-14 06:37:22,0,0.01871184,0.013910308585207646,0.32565722,0.019398178970296352
48495,3035495,2017-01-14 06:37:30,0,0.0070840647,0.008125993986745976,0.5241327,0.04173378146047658
48496,3035496,2017-01-14 06:38:03,0,0.011156333,0.010444134806637898,0.28305286,0.01605057082828799
48497,3035497,2017-01-14 06:42:37,0,0.0047363373,0.006506892007534993,0.5467772,0.04536170028383684
48498,3035498,2017-01-14 06:42:39,0,0.003352236,0.005377246690836627,0.13947615,0.006909226916863409
48499,3035499,2017-01-14 06:43:38,0,0.009275456,0.009430555328688438,0.54641217,0.0453006911458015
48500,3035500,2017-01-14 06:44:03,0,0.018815367,0.013953006340660644,0.13415898,0.006619702790793314
48501,3035501,2017-01-14 06:46:26,0,0.008961139,0.009252587659087059,0.18746811,0.009660599159811236
48502,3035502,2017-01-14 06:46:32,0,0.0119597,0.010853765507680985,0.16961445,0.008606545200949221
48503,3035503,2017-01-14 06:48:18,0,0.08666771,0.033114469006317926,0.4366712,0.030176451032068806
48504,3035504,2017-01-14 06:50:19,0,0.0038414435,0.00579689834763845,0.15709399,0.007889429883533484
48505,3035505,2017-01-14 06:50:46,0,0.0020584723,0.004108974079218811,0.32002628,0.018934724221590635
48506,3035506,2017-01-14 06:50:47,0,0.0039619184,0.005896500010503632,0.5256509,0.0419674390103077
48507,3035507,2017-01-14 06:52:50,0,0.0101858275,0.009931481516045157,0.23626235,0.01275125406341932
48508,3035508,2017-01-14 06:56:24,0,0.045027025,0.022738153617008424,0.31339726,0.018397670098693825
48509,3035509,2017-01-14 06:57:56,0,0.13112067,0.042384355346504025,0.74136704,0.09811769958496824
48510,3035510,2017-01-14 07:00:03,0,0.04109165,0.021593398095810748,0.1549515,0.007768462364820861
48511,3035511,2017-01-14 07:00:39,0,0.0012084346,0.0030628079663118208,0.15742496,0.007908161535339688
48512,3035512,2017-01-14 07:06:11,0,0.0014094481,0.0033341757542922736,0.20727,0.010875953394324575
48513,3035513,2017-01-14 07:13:01,0,0.0819865,0.03205790144189878,0.35767728,0.022168683529350735
48514,3035514,2017-01-14 07:19:33,0,0.019617204,0.014280331633144247,0.2701955,0.015107531102604158
48515,3035515,2017-01-14 07:23:29,0,0.015892776,0.012705118006135935,0.29556978,0.016997345517664016
48516,3035516,2017-01-14 07:24:39,0,0.057710882,0.026182461903071445,0.21361859,0.011276519464893922
48517,3035517,2017-01-14 07:26:05,0,0.048142705,0.02361624997967162,0.6377625,0.06387312760553088
48518,3035518,2017-01-14 07:26:11,0,0.10795991,0.03770088945066293,0.8117313,0.1385252052982851
48519,3035519,2017-01-14 07:27:26,0,0.042812362,0.022099138392522373,0.6722119,0.07317928975197432
48520,3035520,2017-01-14 07:29:07,0,0.0051999097,0.006850955339986888,0.1494677,0.007461099526422511
48521,3035521,2017-01-14 07:32:19,0,0.006724015,0.007895294711162943,0.18013334,0.009222947211379605
48522,3035522,2017-01-14 07:32:32,0,0.124741375,0.04111966646584795,0.8595926,0.18362106951681192
48523,3035523,2017-01-14 07:32:48,0,0.0118423235,0.010794690313290113,0.23261967,0.012508999683779862
48524,3035524,2017-01-14 07:33:15,0,0.0029455086,0.005006945137004934,0.13156262,0.0064793525171600265
48525,3035525,2017-01-14 07:37:48,0,0.005146916,0.006812337681319699,0.13497157,0.006663765675577999
48526,3035526,2017-01-14 07:39:17,0,0.004679719,0.006463857541404525,0.12778576,0.006276367386646554
48527,3035527,2017-01-14 07:41:23,0,0.012257741,0.011002631547160467,0.24130104,0.01308963603063206
48528,3035528,2017-01-14 07:42:55,0,0.0054537347,0.007033535188569732,0.22168152,0.011793241628384847
48529,3035529,2017-01-14 07:44:32,0,0.006451754,0.007717169098830791,0.27050468,0.015129868642385948
48530,3035530,2017-01-14 07:49:30,0,0.007614678,0.008456672407076355,0.23002182,0.012337430872993074
48531,3035531,2017-01-14 07:52:05,0,0.0049336175,0.006655073730557706,0.12111817,0.005921365900157295
48532,3035532,2017-01-14 07:53:55,0,0.08339467,0.032377863731733715,0.20753106,0.010892318296443982
48533,3035533,2017-01-14 07:57:12,0,0.25528035,0.06512153292237349,0.74844825,0.10131978084415727
48534,3035534,2017-01-14 08:01:43,0,0.028477374,0.017576569065496858,0.15033244,0.0075093533307071265
48535,3035535,2017-01-14 08:07:36,0,0.079022534,0.03137810936240477,0.1602522,0.008068664057736426
48536,3035536,2017-01-14 08:25:16,0,0.0041404827,0.00604166637044869,0.20297611,0.010608095512097175
48537,3035537,2017-01-14 08:26:48,0,0.019888688,0.0143898399673173,0.17167422,0.008726225797111015
48538,3035538,2017-01-14 08:30:30,0,0.02824735,0.01749707582009598,0.14441666,0.007180815140570345
48539,3035539,2017-01-14 08:45:43,0,0.010668247,0.010188888197460931,0.29994565,0.017335290470933684
48540,3035540,2017-01-14 08:46:20,0,0.006935954,0.00803174058193625,0.12816045,0.006296442981909471
48541,3035541,2017-01-14 08:46:54,0,0.006544443,0.007778179977259389,0.13502057,0.0066664245419352595
48542,3035542,2017-01-14 08:46:59,0,0.0052698334,0.0069016422828964506,0.16640645,0.008421120624095203
48543,3035543,2017-01-14 08:47:59,0,0.005773,0.007257882342146401,0.28019595,0.015838498283879694
48544,3035544,2017-01-14 09:00:36,0,0.024798306,0.016270286508023847,0.37368596,0.02364694416153746
48545,3035545,2017-01-14 09:02:21,1,0.03042806,0.018240150097923645,0.36910236,0.023216934962857556
48546,3035546,2017-01-14 09:04:53,0,0.023802128,0.015902661644441603,0.1761111,0.008985705430446925
48547,3035547,2017-01-14 09:07:44,1,0.013063418,0.011397271958830781,0.23142785,0.01243016531433478
48548,3035548,2017-01-14 09:24:29,0,0.011927491,0.010837580422249584,0.2999763,0.01733766952179229
48549,3035549,2017-01-14 09:25:26,0,0.033736926,0.01932632089272166,0.42158657,0.028498411444238692
48550,3035550,2017-01-14 09:33:49,1,0.0045434455,0.006359313738952669,0.46993867,0.034174158470645304
48551,3035551,2017-01-14 09:34:45,0,0.0054573175,0.007036084856422998,0.7174407,0.0883134632367075
48552,3035552,2017-01-14 09:37:00,0,0.24957491,0.06411141261045837,0.5137541,0.04017103304050257
48553,3035553,2017-01-14 09:39:29,0,0.004141069,0.006042138317952911,0.6960242,0.08066538857597058
48554,3035554,2017-01-14 09:40:54,0,0.004707767,0.006485205313167572,0.7021614,0.08276067447629128
48555,3035555,2017-01-14 09:42:19,0,0.1570041,0.047364070490722845,0.72185016,0.09001232466289226
48556,3035556,2017-01-14 09:43:30,0,0.040591653,0.021444842118178924,0.4587942,0.03278653660426704
48557,3035557,2017-01-14 09:46:15,0,0.002141764,0.004199870929797086,0.14440496,0.007180169142771854
48558,3035558,2017-01-14 09:46:47,0,0.009364384,0.00948041967462532,0.31861308,0.018819465670836352
48559,3035559,2017-01-14 09:53:53,0,0.051455412,0.024525523154944537,0.29751545,0.017147154485402914
48560,3035560,2017-01-14 09:56:26,0,0.0034325516,0.005447938271986155,0.22553504,0.012043432405346262
48561,3035561,2017-01-14 10:10:15,0,0.007179237,0.008186096421957577,0.2146388,0.011341401871019867
48562,3035562,2017-01-14 10:10:20,0,0.0026336773,0.004707233469383697,0.1801677,0.00922498230616851
48563,3035563,2017-01-14 10:19:57,0,0.016437957,0.012945029488026852,0.23139378,0.012427915192301681
48564,3035564,2017-01-14 10:21:14,0,0.041570723,0.021735050701910005,0.22644031,0.012102516225006913
48565,3035565,2017-01-14 10:30:20,0,0.0032240131,0.005262796043650686,0.1391733,0.006892659892704898
48566,3035566,2017-01-14 10:35:48,1,0.013315021,0.011518305050989183,0.18454912,0.009485641658682584
48567,3035567,2017-01-14 10:36:00,0,0.01520113,0.012395520328952539,0.2586492,0.01428488100099222
48568,3035568,2017-01-14 10:36:18,0,0.016868543,0.013132069999009635,0.16656598,0.008430313896955402
48569,3035569,2017-01-14 10:36:26,0,0.0031213094,0.005169644707768358,0.18201482,0.009334587331303865
48570,3035570,2017-01-14 10:37:12,0,0.010431586,0.010063269718264515,0.2872842,0.016367385082897503
48571,3035571,2017-01-14 10:37:51,0,0.024954421,0.01632732338743307,0.24269806,0.013184139310063818
48572,3035572,2017-01-14 10:42:22,0,0.008193167,0.008805711720585944,0.21918634,0.011632364607819277
48573,3035573,2017-01-14 10:47:50,0,0.012737643,0.011239026063897846,0.24377976,0.01325751917556564
48574,3035574,2017-01-14 10:48:59,0,0.0053046998,0.006926804277428446,0.1077283,0.005220871942611712
48575,3035575,2017-01-14 10:50:39,0,0.006283709,0.007605551099319874,0.2086922,0.010965213617605244
48576,3035576,2017-01-14 10:50:39,0,0.00982227,0.00973391475389894,0.25431308,0.013981640189157605
48577,3035577,2017-01-14 10:52:16,0,0.016110377,0.012801299273973504,0.17759807,0.009073186129897704
48578,3035578,2017-01-14 10:56:31,0,0.015207119,0.012398227410678505,0.24050231,0.01303573875579108
48579,3035579,2017-01-14 10:59:07,0,0.011508047,0.01062501989567511,0.3536715,0.02180889193279209
48580,3035580,2017-01-14 10:59:19,0,0.03342769,0.019226750909588367,0.24495313,0.013337321223669098
48581,3035581,2017-01-14 11:05:05,0,0.01658627,0.013009692972969977,0.30404124,0.0176549483156278
48582,3035582,2017-01-14 11:07:09,0,0.010468296,0.01008283708632457,0.20120893,0.010498564164190871
48583,3035583,2017-01-14 11:09:05,0,0.0058135595,0.0072859825266634055,0.20363815,0.010649235361512903
48584,3035584,2017-01-14 11:09:34,0,0.019863412,0.014379671755877238,0.2911236,0.01665770241182519
48585,3035585,2017-01-14 11:09:38,0,0.008342407,0.008893962697323529,0.18179286,0.009321394339755271
48586,3035586,2017-01-14 11:16:07,0,0.03201279,0.01876619677136973,0.24186406,0.013127685792620592
48587,3035587,2017-01-14 11:17:31,0,0.010474012,0.010085881377834923,0.19184117,0.009924687511694076
48588,3035588,2017-01-14 11:18:49,0,0.0023148707,0.0043838511629036275,0.2538775,0.013951345995812938
48589,3035589,2017-01-14 11:27:56,0,0.014432529,0.012044156892369887,0.14964242,0.0074708426695452865
48590,3035590,2017-01-14 11:31:03,0,0.006554856,0.007785010095957538,0.16847892,0.008540776033118251
48591,3035591,2017-01-14 11:33:51,0,0.006563379,0.0077905968595091725,0.2726536,0.015285583981107265
48592,3035592,2017-01-14 11:36:46,0,0.0027559195,0.004826525945515684,0.36757496,0.023074863939798344
48593,3035593,2017-01-14 11:37:48,0,0.0037577085,0.005726845306690481,0.27012497,0.015102436722248397
48594,3035594,2017-01-14 11:38:24,0,0.012391281,0.011068814936297217,0.3324511,0.01996646946190452
48595,3035595,2017-01-14 11:40:07,0,0.016228179,0.012853131641405842,0.16792528,0.008508763315129609
48596,3035596,2017-01-14 11:40:30,0,0.015570048,0.012561405452301043,0.20637383,0.010819846839769665
48597,3035597,2017-01-14 11:41:22,0,0.008019372,0.00870203526126887,0.19154525,0.009906741315329575
48598,3035598,2017-01-14 11:41:44,0,0.0063902796,0.007676489050967961,0.18296301,0.009391011758120125
48599,3035599,2017-01-14 11:43:37,0,0.00967239,0.009651525966982228,0.35719636,0.022125279747272842
48600,3035600,2017-01-14 11:46:35,0,0.019210476,0.014115036595015404,0.19516706,0.01012714784264576
48601,3035601,2017-01-14 11:47:00,1,0.0056252354,0.00715475592618475,0.6529977,0.06779093877283521
48602,3035602,2017-01-14 11:48:54,0,0.043097418,0.02218212108324735,0.43264395,0.029720732368293704
48603,3035603,2017-01-14 11:49:36,0,0.013940895,0.01181509878509612,0.23137598,0.012426739015356845
48604,3035604,2017-01-14 11:49:46,0,0.0034848726,0.005493591704851014,0.224594,0.011982139384089426
48605,3035605,2017-01-14 11:54:29,0,0.010055667,0.009861113002817374,0.22369264,0.011923549920790989
48606,3035606,2017-01-14 11:55:13,0,0.026076915,0.016733040357393633,0.20320018,0.010622012834739267
48607,3035607,2017-01-14 11:55:18,0,0.015883263,0.012700900343268637,0.10913528,0.005293721807709604
48608,3035608,2017-01-14 11:57:13,0,0.0027685687,0.004838733227636711,0.10299758,0.004977188974794583
48609,3035609,2017-01-14 11:57:30,0,0.005240497,0.006880413595497516,0.22447054,0.011974107688819147
48610,3035610,2017-01-14 11:58:13,0,0.0032310777,0.005269154293361118,0.20747659,0.010888902583890728
48611,3035611,2017-01-14 11:59:07,0,0.0011120643,0.002925536696126301,0.14887154,0.007427878366015311
48612,3035612,2017-01-14 12:01:45,0,0.008811259,0.009166750707367947,0.24169798,0.01311645705581724
48613,3035613,2017-01-14 12:06:29,0,0.012502516,0.011123703989468702,0.19946086,0.010390618345388524
48614,3035614,2017-01-14 12:06:36,0,0.0094716875,0.009540308833451312,0.3417753,0.020763159165280043
48615,3035615,2017-01-14 12:06:48,0,0.010307093,0.009996684032694306,0.18937275,0.009775326510443208
48616,3035616,2017-01-14 12:07:11,0,0.024672966,0.016224382979631694,0.17283557,0.008793921816721265
48617,3035617,2017-01-14 12:07:35,0,0.013385353,0.011551957790637595,0.22395352,0.011940495205247991
48618,3035618,2017-01-14 12:07:39,0,0.017390937,0.013356222329458739,0.19945216,0.010390081961572584
48619,3035619,2017-01-14 12:08:01,0,0.018155277,0.013678983788613458,0.16538137,0.008362117718016223
48620,3035620,2017-01-14 12:09:07,0,0.0071727447,0.008182007806310251,0.15082374,0.007536804739331929
48621,3035621,2017-01-14 12:09:15,0,0.066589266,0.028420764440086444,0.30362898,0.01762262335618517
48622,3035622,2017-01-14 12:10:07,0,0.0034718106,0.005482223164893708,0.15519364,0.007782109050763555
48623,3035623,2017-01-14 12:10:39,0,0.042210396,0.02192316371929463,0.34079215,0.02067822205641573
48624,3035624,2017-01-14 12:11:16,0,0.011147787,0.010439708653898368,0.17526636,0.008936124357992316
48625,3035625,2017-01-14 12:13:09,0,0.009279544,0.00943285249249589,0.14607166,0.0072723570405575835
48626,3035626,2017-01-14 12:13:55,0,0.011168917,0.010450649757104167,0.28376037,0.01610331739837012
48627,3035627,2017-01-14 12:15:42,0,0.0105824545,0.010143493702949119,0.23396549,0.012598272278065245
48628,3035628,2017-01-14 12:16:46,0,0.0019672445,0.0040075017994611085,0.311863,0.01827466364148315
48629,3035629,2017-01-14 12:16:54,0,0.025591629,0.01655856752715831,0.5565517,0.04702826605115077
48630,3035630,2017-01-14 12:18:26,0,0.059327006,0.026599097592471574,0.56450665,0.04843311196640061
48631,3035631,2017-01-14 12:19:59,0,0.003931592,0.005871557270974296,0.13156442,0.0064794497527894245
48632,3035632,2017-01-14 12:20:06,0,0.042042423,0.021873878974152498,0.33662885,0.020320996774108084
48633,3035633,2017-01-14 12:20:15,0,0.0033039951,0.005334421385621421,0.24754807,0.013514567676187628
48634,3035634,2017-01-14 12:20:31,0,0.021793488,0.015140767057902505,0.39217433,0.0254393702622516
48635,3035635,2017-01-14 12:23:00,0,0.022720605,0.015496012980583571,0.34483838,0.021029224212415737
48636,3035636,2017-01-14 12:23:19,0,0.011574689,0.010659017671448704,0.3018298,0.01748193894258025
48637,3035637,2017-01-14 12:23:56,0,0.0022019793,0.00426460014557565,0.18300393,0.00939344917693443
48638,3035638,2017-01-14 12:25:51,0,0.01086794,0.010293929406342757,0.21963657,0.01166132893241084
48639,3035639,2017-01-14 12:27:07,0,0.019008245,0.01403228597734081,0.2502958,0.013703400064008102
48640,3035640,2017-01-14 12:28:40,0,0.0067393915,0.00790525799017135,0.19438876,0.010079643676779515
48641,3035641,2017-01-14 12:29:22,0,0.010551255,0.010126945238029051,0.25041318,0.013711494169230417
48642,3035642,2017-01-14 12:30:11,0,0.09255261,0.03441562900717443,0.3020626,0.01750010778930028
48643,3035643,2017-01-14 12:30:12,0,0.005359662,0.006966319477712969,0.20321158,0.010622721048404197
48644,3035644,2017-01-14 12:31:35,0,0.0032660242,0.005300515713491392,0.2501408,0.01369271606834071
48645,3035645,2017-01-14 12:32:18,0,0.018479763,0.013814217595123243,0.17125492,0.008701822827808837
48646,3035646,2017-01-14 12:32:27,0,0.017576117,0.013434975842142231,0.22812307,0.012212657865866354
48647,3035647,2017-01-14 12:32:57,0,0.0035850399,0.0055801459529236505,0.18669622,0.009614231471165656
48648,3035648,2017-01-14 12:33:02,0,0.014479085,0.012065669299528499,0.13462368,0.006644892820176589
48649,3035649,2017-01-14 12:33:08,0,0.017226778,0.013286103573369202,0.2783363,0.015701237492393726
48650,3035650,2017-01-14 12:34:17,0,0.05016852,0.024175116523234872,0.30700886,0.017888631514938465
48651,3035651,2017-01-14 12:34:25,0,0.012345801,0.01104631011789305,0.2402729,0.013020275944552467
48652,3035652,2017-01-14 12:35:03,0,0.0110761495,0.010402546303242435,0.3039007,0.017643924205880634
48653,3035653,2017-01-14 12:35:06,0,0.012714859,0.011227892540994605,0.24350251,0.01323869404015381
48654,3035654,2017-01-14 12:35:47,0,0.012511703,0.011128227970060845,0.2765979,0.015573482044370566
48655,3035655,2017-01-14 12:35:47,0,0.019030798,0.014041533182674974,0.18798399,0.009691629029371734
48656,3035656,2017-01-14 12:35:48,0,0.013454571,0.011585002278318051,0.12727289,0.006248910239907264
48657,3035657,2017-01-14 12:36:32,0,0.03279098,0.01902052567698778,0.14374739,0.00714387701049927
48658,3035658,2017-01-14 12:36:33,0,0.018636862,0.013879320651712112,0.22112773,0.011757460403887207
48659,3035659,2017-01-14 12:39:06,0,0.014436633,0.012046054633633028,0.20844913,0.01094993890285093
48660,3035660,2017-01-14 12:40:30,0,0.011320093,0.010528664281566931,0.18870276,0.009734917950186876
48661,3035661,2017-01-14 12:40:58,0,0.034551587,0.01958683410329167,0.31941116,0.0188845042448544
48662,3035662,2017-01-14 12:42:49,0,0.013719389,0.01171074096204742,0.23601866,0.01273498555274551
48663,3035663,2017-01-14 12:42:54,0,0.011765162,0.01075571477159784,0.2116147,0.011149492584008021
48664,3035664,2017-01-14 12:43:09,0,0.007736838,0.008531335274273282,0.23328438,0.012553058780106013
48665,3035665,2017-01-14 12:45:08,0,0.010193676,0.009935711747842389,0.16672048,0.00843921968925369
48666,3035666,2017-01-14 12:45:17,0,0.0033571257,0.005381571989414731,0.2824004,0.016002008219186337
48667,3035667,2017-01-14 12:45:27,0,0.0075053936,0.008389426486116245,0.19764636,0.01027898982759166
48668,3035668,2017-01-14 12:48:02,0,0.0069487584,0.008039924038018535,0.3094106,0.018079039633124287
48669,3035669,2017-01-14 12:48:09,0,0.04080836,0.021509319565496825,0.31698185,0.018686944300463106
48670,3035670,2017-01-14 12:48:38,0,0.06372949,0.027712777317655986,0.17056616,0.008661781998190225
48671,3035671,2017-01-14 12:48:57,0,0.017827569,0.013541338218137992,0.24859737,0.01358653840211548
48672,3035672,2017-01-14 12:49:00,0,0.005482521,0.007053999599919616,0.30694613,0.017883673488411543
48673,3035673,2017-01-14 12:51:16,0,0.011246019,0.01049049632378029,0.2003632,0.0104462894238687
48674,3035674,2017-01-14 12:51:46,0,0.010373217,0.010032094819579524,0.3231509,0.019191061592108385
48675,3035675,2017-01-14 12:52:26,0,0.0075548887,0.00841993595287834,0.29054093,0.016613467852136875
48676,3035676,2017-01-14 12:52:41,0,0.010179214,0.009927915797532393,0.29139242,0.016678131729803113
48677,3035677,2017-01-14 12:54:04,0,0.0016013318,0.0035774145872099826,0.32501456,0.019344942343186435
48678,3035678,2017-01-14 12:54:56,0,0.009904659,0.009778967155222824,0.20950459,0.011016323474941766
48679,3035679,2017-01-14 12:55:54,0,0.01008058,0.009874612643969825,0.24517214,0.013352240540293431
48680,3035680,2017-01-14 12:56:20,0,0.004418116,0.006261920745292519,0.22262327,0.011854189900282829
48681,3035681,2017-01-14 12:56:37,0,0.0038203348,0.005779303741889036,0.34120572,0.020713924150547066
48682,3035682,2017-01-14 12:57:44,0,0.0813849,0.031920625303494155,0.2085616,0.010957005935300312
48683,3035683,2017-01-14 12:58:20,0,0.016280638,0.012876160957312708,0.40649658,0.026895484680489155
48684,3035684,2017-01-14 12:58:32,0,0.09474833,0.03489400048581874,0.22340494,0.01190487365304277
48685,3035685,2017-01-14 12:59:31,0,0.008175125,0.00879499486785313,0.25545382,0.014061120872138205
48686,3035686,2017-01-14 12:59:41,0,0.015830616,0.012677537468415004,0.38961807,0.0251858372076097
48687,3035687,2017-01-14 12:59:44,0,0.011956,0.010851907146949155,0.17516148,0.008929974799544119
48688,3035688,2017-01-14 12:59:45,0,0.0048084063,0.0065613388885232115,0.2373586,0.012824547767610073
48689,3035689,2017-01-14 13:00:11,0,0.00737379,0.008307865780730788,0.32705843,0.01951456248272203
48690,3035690,2017-01-14 13:00:32,0,0.0018146416,0.003832915835807777,0.15523492,0.00778443592104673
48691,3035691,2017-01-14 13:00:46,0,0.0071641183,0.008176572635648085,0.2082956,0.010940295167351254
48692,3035692,2017-01-14 13:01:03,0,0.013411657,0.01156452407482313,0.26320818,0.014607031516236471
48693,3035693,2017-01-14 13:01:04,0,0.0074595353,0.00836107882294783,0.16018394,0.008064778408020048
48694,3035694,2017-01-14 13:02:05,0,0.0062170103,0.007560880645667405,0.2412781,0.013088086186976464
48695,3035695,2017-01-14 13:03:54,0,0.0076344316,0.00846878161715748,0.18690467,0.009626745935284613
48696,3035696,2017-01-14 13:04:39,0,0.006306378,0.007620685387357375,0.13906223,0.006886586128999297
48697,3035697,2017-01-14 13:05:15,0,0.0011002718,0.002908378709709549,0.14955415,0.007465919588452012
48698,3035698,2017-01-14 13:06:12,0,0.019809458,0.014357948364759848,0.77413684,0.11433147141374202
48699,3035699,2017-01-14 13:06:33,0,0.061682597,0.027198719907689104,0.23271638,0.01251540575944868
48700,3035700,2017-01-14 13:07:50,0,0.0034636273,0.005475091068053065,0.22885358,0.012260600130435317
48701,3035701,2017-01-14 13:09:22,0,0.036316454,0.020142639983940915,0.24852563,0.013581612669818131
48702,3035702,2017-01-14 13:10:00,0,0.03450648,0.019572477158923917,0.21492599,0.011359692201789938
48703,3035703,2017-01-14 13:12:00,0,0.0084741535,0.008971288425961087,0.20124161,0.010500585885833885
48704,3035704,2017-01-14 13:12:25,0,0.002622299,0.004696004527541167,0.21196152,0.011171438568602686
48705,3035705,2017-01-14 13:12:38,0,0.026997555,0.01706029056770951,0.13856378,0.00685934537067154
48706,3035706,2017-01-14 13:13:26,0,0.03817333,0.020715540789908577,0.16567197,0.008378832475461494
48707,3035707,2017-01-14 13:13:28,0,0.00802487,0.008705330581062775,0.19505796,0.010120483821012941
48708,3035708,2017-01-14 13:13:47,0,0.022722548,0.015496750784602335,0.21149135,0.011141691211011903
48709,3035709,2017-01-14 13:14:31,0,0.0020917691,0.004145505626038401,0.2443362,0.01329533682580282
48710,3035710,2017-01-14 13:15:10,0,0.025825525,0.016642833076617618,0.18192902,0.009329486916432593
48711,3035711,2017-01-14 13:16:03,0,0.0048350645,0.00658138613768643,0.24323043,0.013220231524661742
48712,3035712,2017-01-14 13:16:10,0,0.036986582,0.02035075174895861,0.16666503,0.008436023152339132
48713,3035713,2017-01-14 13:17:29,0,0.0078030084,0.008571559013038441,0.23591195,0.012727864788012265
48714,3035714,2017-01-14 13:18:15,0,0.012007662,0.010877831155196896,0.17719023,0.009049165914981125
48715,3035715,2017-01-14 13:18:35,0,0.01622767,0.012852908254332092,0.221664,0.011792108719366418
48716,3035716,2017-01-14 13:19:09,0,0.001908879,0.003941471797713998,0.17373665,0.00884655445269917
48717,3035717,2017-01-14 13:19:14,0,0.15763697,0.04748327584124822,0.2245882,0.011981762228494907
48718,3035718,2017-01-14 13:20:50,0,0.0031503893,0.005196157472818472,0.21848282,0.011587163726268947
48719,3035719,2017-01-14 13:21:23,0,0.024360975,0.01610968725773917,0.15667,0.007865451559766947
48720,3035720,2017-01-14 13:21:48,0,0.033733368,0.01932517753653702,0.2027433,0.010593642821279163
48721,3035721,2017-01-14 13:22:02,0,0.0085816635,0.009033994272443904,0.31137013,0.01823525029330163
48722,3035722,2017-01-14 13:22:33,0,0.05486993,0.025439051590025782,0.24650678,0.013443316489936219
48723,3035723,2017-01-14 13:22:45,0,0.02460471,0.016199343252544695,0.23894866,0.012931178817795822
48724,3035724,2017-01-14 13:23:24,0,0.007478655,0.008372907134254856,0.2551096,0.014037115612335633
48725,3035725,2017-01-14 13:23:32,0,0.020208796,0.014518135724608496,0.25535464,0.014054202066742568
48726,3035726,2017-01-14 13:23:41,0,0.021957124,0.015203932369369608,0.1500156,0.00749166354623597
48727,3035727,2017-01-14 13:23:47,0,0.033166956,0.01914250056961478,0.2721288,0.015247480979850313
48728,3035728,2017-01-14 13:24:06,0,0.004856719,0.006597634333862366,0.7588761,0.1063215292981351
48729,3035729,2017-01-14 13:24:09,0,0.0019461347,0.003983722639943507,0.20624378,0.010811714180985981
48730,3035730,2017-01-14 13:26:25,0,0.015020949,0.012313862129585837,0.1558602,0.007819707724870095
48731,3035731,2017-01-14 13:29:01,0,0.028264768,0.017503104653545872,0.16642581,0.008422235924763303
48732,3035732,2017-01-14 13:29:36,0,0.009767139,0.009703674644106935,0.24239625,0.013163697637231258
48733,3035733,2017-01-14 13:29:45,0,0.002862406,0.004928522893117327,0.12641917,0.006203261338546178
48734,3035734,2017-01-14 13:30:07,0,0.013707658,0.011705193642535461,0.21805651,0.011559807092547654
48735,3035735,2017-01-14 13:30:24,0,0.032011356,0.01876572566795298,0.19796196,0.010298374556167162
48736,3035736,2017-01-14 13:32:02,0,0.048060477,0.023593371171979852,0.30394956,0.017647757424498145
48737,3035737,2017-01-14 13:32:21,0,0.007993105,0.008686279313500526,0.18129551,0.009291855739658711
48738,3035738,2017-01-14 13:32:40,0,0.004995518,0.006701020214313662,0.13188945,0.006496983095268099
48739,3035739,2017-01-14 13:32:49,0,0.025010759,0.016347868963288045,0.19089286,0.00986721615782531
48740,3035740,2017-01-14 13:33:05,0,0.012047875,0.010897975754555823,0.20546672,0.010763164588817747
48741,3035741,2017-01-14 13:33:20,0,0.01636471,0.012913000681074602,0.29687637,0.01709786807038597
48742,3035742,2017-01-14 13:33:43,0,0.12361786,0.040895108107259937,0.2022713,0.010564361510815851
48743,3035743,2017-01-14 13:34:53,0,0.043162778,0.022201116930950827,0.25547275,0.014062441197617324
48744,3035744,2017-01-14 13:36:00,0,0.013582266,0.011645767497774783,0.384284,0.024662789494872835
48745,3035745,2017-01-14 13:36:05,0,0.028323777,0.01752351793269247,0.15365537,0.00769552324671847
48746,3035746,2017-01-14 13:36:42,0,0.0032102023,0.005250347944987114,0.12602685,0.0061823072592709525
48747,3035747,2017-01-14 13:37:20,0,0.020161124,0.014499085030339424,0.12787545,0.0062811716812802044
48748,3035748,2017-01-14 13:37:35,0,0.13568895,0.04327988513129826,0.21307696,0.011242131528534302
48749,3035749,2017-01-14 13:38:29,0,0.060299937,0.02684783404112104,0.2688823,0.015012834062230054
48750,3035750,2017-01-14 13:39:24,0,0.0558336,0.025692846788989608,0.19197334,0.009932706722044302
48751,3035751,2017-01-14 13:39:28,0,0.02005838,0.014457960879287511,0.22285847,0.011869431193846513
48752,3035752,2017-01-14 13:39:51,0,0.015861655,0.012691315452215532,0.27884144,0.015738461400816074
48753,3035753,2017-01-14 13:39:58,0,0.063791126,0.02772816039261418,0.21434979,0.011323007230300294
48754,3035754,2017-01-14 13:40:20,0,0.014001322,0.011843441187904697,0.21231207,0.01119363693981635
48755,3035755,2017-01-14 13:40:24,0,0.013087502,0.011408901570792523,0.22028394,0.011703024598381429
48756,3035756,2017-01-14 13:41:02,0,0.017907338,0.013574943901726477,0.19895151,0.010359239895004308
48757,3035757,2017-01-14 13:41:10,0,0.01516966,0.012381288589139831,0.18288209,0.009386191664996626
48758,3035758,2017-01-14 13:42:25,0,0.0056584273,0.007178025172983589,0.24614532,0.013418623146612367
48759,3035759,2017-01-14 13:43:01,0,0.03181032,0.01869960422683828,0.2015564,0.010520068124337959
48760,3035760,2017-01-14 13:43:20,0,0.015717888,0.01262739937183097,0.15825845,0.007955387571714314
48761,3035761,2017-01-14 13:44:03,0,0.008119112,0.00876165525940822,0.22781649,0.012192560943359687
48762,3035762,2017-01-14 13:44:18,0,0.15458007,0.04690649712652732,0.19807746,0.010305472107233336
48763,3035763,2017-01-14 13:44:20,0,0.07907132,0.03138937014249665,0.21163645,0.011150868735617684
48764,3035764,2017-01-14 13:44:43,0,0.021988137,0.01521588097712643,0.19153123,0.009905891225154916
48765,3035765,2017-01-14 13:44:43,0,0.006485255,0.007739265396919128,0.14738001,0.007344927683043194
48766,3035766,2017-01-14 13:45:11,0,0.011844233,0.010795653272183266,0.249438,0.013644322212378374
48767,3035767,2017-01-14 13:45:18,0,0.04621651,0.023076160029208957,0.21032858,0.01106825370057084
48768,3035768,2017-01-14 13:45:38,0,0.0150832785,0.012342158200017744,0.19427545,0.010072734259493276
48769,3035769,2017-01-14 13:45:40,0,0.037358206,0.020465493310215275,0.20140739,0.01051084414776175
48770,3035770,2017-01-14 13:45:43,0,0.032543045,0.018939770591417167,0.2225549,0.011849761126294408
48771,3035771,2017-01-14 13:45:59,0,0.059585392,0.026665306014241143,0.24053712,0.013038085594075205
48772,3035772,2017-01-14 13:46:01,0,0.015877107,0.01269817029105694,0.20619005,0.010808354421169942
48773,3035773,2017-01-14 13:46:22,0,0.021877049,0.015173047707338853,0.112560354,0.00547179604760623
48774,3035774,2017-01-14 13:47:04,0,0.0064474763,0.007714344067739887,0.21516785,0.0113751044571057
48775,3035775,2017-01-14 13:47:39,0,0.010343424,0.010016152408482191,0.18685241,0.00962360809315118
48776,3035776,2017-01-14 13:48:07,0,0.028006535,0.017413559669474214,0.19522803,0.010130871873654463
48777,3035777,2017-01-14 13:48:11,0,0.044068098,0.022463053269767743,0.19232693,0.009954170515526122
48778,3035778,2017-01-14 13:48:13,0,0.009582076,0.009601607231579252,0.19721285,0.010252382486867998
48779,3035779,2017-01-14 13:48:56,0,0.013771007,0.011735125186250292,0.17078179,0.008674311913800128
48780,3035780,2017-01-14 13:49:07,0,0.033635076,0.01929356875485091,0.29576677,0.017012480331578723
48781,3035781,2017-01-14 13:49:28,0,0.00394287,0.0058808431219543825,0.27104932,0.015169258770366853
48782,3035782,2017-01-14 13:50:01,0,0.007324928,0.008277419290463467,0.124659635,0.0061093976646442874
48783,3035783,2017-01-14 13:50:15,0,0.007170871,0.008180827426170939,0.21170625,0.011155284166598495
48784,3035784,2017-01-14 13:53:37,0,0.008366089,0.008907902415610262,0.18982817,0.009802826250678163
48785,3035785,2017-01-14 13:53:54,0,0.017581552,0.013437281860273586,0.2976896,0.017160597478645477
48786,3035786,2017-01-14 13:53:59,0,0.00953094,0.009573250664680035,0.26047552,0.014413521234879555
48787,3035787,2017-01-14 13:54:21,0,0.020577451,0.014664806413314236,0.13311423,0.0065631472475226665
48788,3035788,2017-01-14 13:54:24,0,0.02911048,0.01779397612818475,0.20026502,0.01044022670960117
48789,3035789,2017-01-14 13:54:52,0,0.003468033,0.005478931693438364,0.27136204,0.015191898574385807
48790,3035790,2017-01-14 13:55:03,0,0.0016149108,0.0035941181233192635,0.39491165,0.025712956789465877
48791,3035791,2017-01-14 13:55:24,0,0.032749854,0.01900714783522049,0.18906894,0.009756996338124987
48792,3035792,2017-01-14 13:55:34,0,0.007572972,0.008431060670812325,0.16150963,0.008140332855000558
48793,3035793,2017-01-14 13:55:49,0,0.006363791,0.007658906653249897,0.19984189,0.010414113146618288
48794,3035794,2017-01-14 13:56:14,0,0.0018055085,0.003822261997686363,0.17501472,0.008921371263343093
48795,3035795,2017-01-14 13:56:25,0,0.0054281554,0.007015310160394028,0.29852596,0.017225245519288605
48796,3035796,2017-01-14 13:56:38,0,0.009521492,0.009568003938002811,0.21898937,0.011619702675539242
48797,3035797,2017-01-14 13:57:19,0,0.036486622,0.02019563506509566,0.19747968,0.010268756678345264
48798,3035798,2017-01-14 13:58:07,0,0.023002481,0.015602781517566923,0.17111695,0.008693797611582222
48799,3035799,2017-01-14 13:59:13,0,0.0065676924,0.007793423043074469,0.23049007,0.012368282298774673
48800,3035800,2017-01-14 13:59:27,0,0.011984772,0.010866351070213099,0.2450533,0.013344144531610095
48801,3035801,2017-01-14 13:59:45,0,0.012315411,0.011031251997994254,0.27005285,0.01509722915530357
48802,3035802,2017-01-14 14:00:30,0,0.13826306,0.04378103470216094,0.23701818,0.0128017686029062
48803,3035803,2017-01-14 14:00:44,0,0.006691767,0.007874366589844573,0.21186936,0.01116560513680144
48804,3035804,2017-01-14 14:01:14,0,0.04773504,0.02350267037646368,0.2056214,0.010772822856677916
48805,3035805,2017-01-14 14:01:16,0,0.011076448,0.010402701124225616,0.25144148,0.013782488703100362
48806,3035806,2017-01-14 14:01:48,0,0.009663698,0.009646730676844555,0.21797276,0.01155443513695415
48807,3035807,2017-01-14 14:02:01,0,0.008673194,0.009087105606609587,0.20855567,0.010956633253846607
48808,3035808,2017-01-14 14:02:13,0,0.012271923,0.011009675327314115,0.13936293,0.006903032348586337
48809,3035809,2017-01-14 14:02:25,0,0.009053874,0.00930537829494105,0.20761591,0.010897638855030844
48810,3035810,2017-01-14 14:03:50,0,0.005705558,0.007210962041857515,0.24867451,0.01359183646386817
48811,3035811,2017-01-14 14:04:29,0,0.0059592407,0.007386198209147893,0.17194901,0.008742229454459982
48812,3035812,2017-01-14 14:04:37,0,0.007948952,0.008659742697716487,0.24593088,0.013403982907811716
48813,3035813,2017-01-14 14:05:02,0,0.034751777,0.01965045999392133,0.21458463,0.011337953482053475
48814,3035814,2017-01-14 14:05:15,0,0.002139004,0.004196884625598729,0.1380253,0.006829944647752566
48815,3035815,2017-01-14 14:05:43,0,0.011321939,0.010529613999607484,0.22162706,0.01178972069730713
48816,3035816,2017-01-14 14:06:02,0,0.014403447,0.01203070315129013,0.22395799,0.011940785664405118
48817,3035817,2017-01-14 14:06:13,0,0.03851529,0.020819788111029438,0.20619841,0.010808877087314586
48818,3035818,2017-01-14 14:06:22,0,0.14870936,0.04579148972907305,0.12919275,0.006351823499706532
48819,3035819,2017-01-14 14:06:31,0,0.0067598475,0.007918496807089751,0.2361589,0.01274434726477058
48820,3035820,2017-01-14 14:06:35,0,0.033234008,0.01916419305415221,0.24186239,0.01312757293008948
48821,3035821,2017-01-14 14:06:51,0,0.0030459564,0.0051004237187641304,0.20468307,0.010714284753727182
48822,3035822,2017-01-14 14:08:20,0,0.008989298,0.00926864286200017,0.25423136,0.013975954591390392
48823,3035823,2017-01-14 14:08:21,0,0.0021234408,0.00418001283031561,0.20308563,0.010614897394446952
48824,3035824,2017-01-14 14:09:01,0,0.00033986525,0.0015207520810954524,0.118811004,0.005799500255263725
48825,3035825,2017-01-14 14:09:29,0,0.011584164,0.010663843996033599,0.225442,0.012037367514385753
48826,3035826,2017-01-14 14:09:40,0,0.043961316,0.02243227140741479,0.30544585,0.01776533580961938
48827,3035827,2017-01-14 14:09:49,0,0.016447645,0.01294926096248943,0.17154542,0.008718727293471696
48828,3035828,2017-01-14 14:10:47,0,0.007714091,0.008517472461460375,0.24889103,0.013606711249714819
48829,3035829,2017-01-14 14:10:53,0,0.061707586,0.027205034072326776,0.32605454,0.01943113720429338
48830,3035830,2017-01-14 14:11:13,0,0.012586726,0.011165115053945728,0.31764516,0.018740764754544847
48831,3035831,2017-01-14 14:12:06,0,0.017328182,0.01332945153902226,0.12105915,0.005918242073634535
48832,3035832,2017-01-14 14:12:14,0,0.0009633303,0.0027027118576251046,0.26475993,0.014717470537629306
48833,3035833,2017-01-14 14:12:44,0,0.02525497,0.016436702709457542,0.24466816,0.013317920407165777
48834,3035834,2017-01-14 14:13:12,0,0.059897922,0.026745242364588126,0.2544455,0.013990855131911586
48835,3035835,2017-01-14 14:13:52,0,0.113095134,0.038762657777889994,0.19819227,0.010312529242796908
48836,3035836,2017-01-14 14:14:12,0,0.006470785,0.007729727704183196,0.20080112,0.010473345399035952
48837,3035837,2017-01-14 14:14:15,0,0.016394649,0.012926099433248217,0.19919997,0.010374542120063581
48838,3035838,2017-01-14 14:14:16,0,0.11231682,0.03860267908942476,0.29244003,0.016757876292567996
48839,3035839,2017-01-14 14:14:30,0,0.0077063525,0.00851275231210007,0.2792063,0.015765376467009925
48840,3035840,2017-01-14 14:14:32,0,0.01609733,0.01279554808998457,0.2940198,0.01687851844920495
48841,3035841,2017-01-14 14:14:35,0,0.013532824,0.011622269693310691,0.15907575,0.008001770064772422
48842,3035842,2017-01-14 14:15:09,0,0.05654328,0.025878671478218474,0.29865438,0.01723518362189234
48843,3035843,2017-01-14 14:16:08,0,0.03366186,0.019302186050032057,0.21992758,0.011680064725951551
48844,3035844,2017-01-14 14:16:31,0,0.005267487,0.00689994624343454,0.49635535,0.03767934330654825
48845,3035845,2017-01-14 14:16:34,0,0.03518255,0.019786860001495793,0.22398856,0.011942772481606167
48846,3035846,2017-01-14 14:16:47,0,0.032423995,0.0189009042316951,0.19955981,0.010396717647079827
48847,3035847,2017-01-14 14:17:30,0,0.06849931,0.02888735983810118,0.2929496,0.01679673866936518
48848,3035848,2017-01-14 14:17:32,0,0.011777455,0.010761931496613695,0.08687547,0.004160764736312426
48849,3035849,2017-01-14 14:17:50,0,0.032253895,0.018845267588346582,0.27707842,0.015608743134530041
48850,3035850,2017-01-14 14:17:56,0,0.034026887,0.019419341047254457,0.23327108,0.012552176126661362
48851,3035851,2017-01-14 14:18:13,0,0.037474375,0.02050126521592761,0.33830866,0.020464654740476373
48852,3035852,2017-01-14 14:18:54,0,0.0022077195,0.004270728953302493,0.5319919,0.042957799196296304
48853,3035853,2017-01-14 14:19:26,0,0.01098928,0.010357339709172861,0.3100741,0.01813184493690414
48854,3035854,2017-01-14 14:19:33,0,0.029357621,0.017878302638336802,0.25145486,0.013783413662286232
48855,3035855,2017-01-14 14:20:12,0,0.013397809,0.011557909928811167,0.30821106,0.01798379616779751
48856,3035856,2017-01-14 14:20:53,0,0.02232489,0.01534516147631007,0.301121,0.017426690471045156
48857,3035857,2017-01-14 14:21:26,0,0.013395591,0.011556850069846449,0.17289592,0.008797443941008107
48858,3035858,2017-01-14 14:21:34,0,0.009618878,0.009621973699073572,0.12872458,0.006326694141537585
48859,3035859,2017-01-14 14:21:44,0,0.007962312,0.00866777903494639,0.19838025,0.010324087202856744
48860,3035860,2017-01-14 14:21:56,0,0.016197324,0.01283957150575655,0.2711206,0.01517441829113621
48861,3035861,2017-01-14 14:22:25,0,0.050201654,0.024184182178044803,0.14974089,0.0074763351577905104
48862,3035862,2017-01-14 14:22:42,0,0.017272377,0.013305609956582169,0.14713347,0.007331239080155069
48863,3035863,2017-01-14 14:22:43,0,0.018804586,0.013948564629959066,0.2411399,0.013078754610737913
48864,3035864,2017-01-14 14:22:44,0,0.015557882,0.012555962600984487,0.24477644,0.013325291111788958
48865,3035865,2017-01-14 14:22:46,0,0.027120406,0.017103598829790918,0.2883703,0.01644923511343363
48866,3035866,2017-01-14 14:23:04,0,0.0161179,0.012804614415041082,0.24609047,0.013414877712772515
48867,3035867,2017-01-14 14:23:46,0,0.08273115,0.03222733453312753,0.3082259,0.017984972818464343
48868,3035868,2017-01-14 14:23:51,0,0.000739401,0.002335589084067722,0.2833373,0.016071765212470564
48869,3035869,2017-01-14 14:24:16,0,0.06322202,0.027585917108110897,0.17183244,0.00873543934633467
48870,3035870,2017-01-14 14:24:33,0,0.010047467,0.009856666744748978,0.15038049,0.007512037307152961
48871,3035871,2017-01-14 14:25:41,0,0.021971691,0.01520954588789116,0.28295168,0.01604303507115836
48872,3035872,2017-01-14 14:25:45,0,0.0059684874,0.007392521969558222,0.10683632,0.00517477691754836
48873,3035873,2017-01-14 14:25:47,0,0.030799858,0.01836457749082969,0.36296922,0.02265009934217498
48874,3035874,2017-01-14 14:25:49,0,0.026519794,0.016891067167172303,0.24559693,0.013381198035533202
48875,3035875,2017-01-14 14:26:22,0,0.0051032063,0.006780351517769502,0.13833374,0.0068467815726505205
48876,3035876,2017-01-14 14:26:36,0,0.014889036,0.012253807354450861,0.27748698,0.015638754981419145
48877,3035877,2017-01-14 14:26:48,0,0.022170233,0.015285892828704328,0.39278045,0.025499762321369475
48878,3035878,2017-01-14 14:26:50,0,0.015256685,0.012420612532135056,0.19652319,0.010210104548019093
48879,3035879,2017-01-14 14:27:07,0,0.043417647,0.02227508004014399,0.25400248,0.01396003566401256
48880,3035880,2017-01-14 14:27:21,0,0.008556733,0.009019484571471453,0.2675755,0.014918891365908517
48881,3035881,2017-01-14 14:27:24,0,0.008703404,0.009104580713910307,0.2061908,0.010808401004227296
48882,3035882,2017-01-14 14:27:47,0,0.0172602,0.013300402693275037,0.241513,0.01310395475971885
48883,3035883,2017-01-14 14:28:09,0,0.043425765,0.022277432834900655,0.19276279,0.009980649975297648
48884,3035884,2017-01-14 14:28:34,0,0.0008476251,0.002518457186500071,0.31411463,0.018455349551609324
48885,3035885,2017-01-14 14:28:37,0,0.0033819247,0.005403465338212452,0.27943492,0.015782252500475952
48886,3035886,2017-01-14 14:28:38,0,0.0072873696,0.008253954663578525,0.2807618,0.015880386262574528
48887,3035887,2017-01-14 14:29:04,0,0.011145669,0.01043861153140325,0.16977908,0.008616092683109675
48888,3035888,2017-01-14 14:29:10,0,0.008886348,0.009209835067483206,0.1970894,0.010244810682072801
48889,3035889,2017-01-14 14:29:18,0,0.0016834553,0.003677489794174342,0.19447242,0.010084745917316963
48890,3035890,2017-01-14 14:29:34,0,0.059633303,0.02667757062672293,0.4678458,0.033909650606817485
48891,3035891,2017-01-14 14:29:40,0,0.010776487,0.010245930688091216,0.18966082,0.009792717899231843
48892,3035892,2017-01-14 14:29:57,0,0.00931965,0.009455362416464642,0.12028563,0.005877333528691619
48893,3035893,2017-01-14 14:30:13,0,0.0051282956,0.006798726444389555,0.21311818,0.011244746959176063
48894,3035894,2017-01-14 14:30:15,0,0.0016577597,0.0036464175472263635,0.19751805,0.010271112016499377
48895,3035895,2017-01-14 14:30:18,0,0.0033029388,0.005333480497370729,0.16813293,0.008520765907530446
48896,3035896,2017-01-14 14:30:22,0,0.022887457,0.015559281023063668,0.11854676,0.005785574387633516
48897,3035897,2017-01-14 14:31:12,0,0.004518814,0.006340268421379671,0.25867924,0.014286992547966022
48898,3035898,2017-01-14 14:31:20,0,0.015839837,0.012681632241523936,0.3136954,0.01842162908046511
48899,3035899,2017-01-14 14:31:22,0,0.023899764,0.015938979521540497,0.43928277,0.030475068005352064
48900,3035900,2017-01-14 14:31:49,0,0.045314137,0.02282006340080637,0.20033008,0.010444243842093835
48901,3035901,2017-01-14 14:31:58,0,0.011596006,0.010669874336136968,0.21259362,0.011211477608443281
48902,3035902,2017-01-14 14:32:32,0,0.015629213,0.012587848694563471,0.25848937,0.014273649135731982
48903,3035903,2017-01-14 14:32:43,0,0.0044351863,0.006275257964138363,0.36071,0.02244371524733893
48904,3035904,2017-01-14 14:33:05,0,0.0035924043,0.005586466527452452,0.10668333,0.005166877812993718
48905,3035905,2017-01-14 14:33:24,0,0.021444524,0.015005377352894709,0.5276086,0.042270688832647466
48906,3035906,2017-01-14 14:33:35,0,0.009776824,0.009708992405098081,0.19431739,0.010075291026079953
48907,3035907,2017-01-14 14:33:38,0,0.014465061,0.012059192389980804,0.18791719,0.009687609062364532
48908,3035908,2017-01-14 14:33:58,0,0.045131788,0.02276806536436244,0.18590197,0.009566597854415208
48909,3035909,2017-01-14 14:34:06,0,0.00220479,0.0042676020525064745,0.22064674,0.011726417590975542
48910,3035910,2017-01-14 14:34:20,0,0.04154381,0.02172711107621234,0.41529062,0.02782073428684585
48911,3035911,2017-01-14 14:34:26,0,0.002304601,0.004373112418675807,0.17562865,0.00895737818758556
48912,3035912,2017-01-14 14:34:30,0,0.0089349905,0.009237658335001432,0.20386747,0.01066349856409625
48913,3035913,2017-01-14 14:34:40,0,0.06270913,0.027457312354053492,0.20363592,0.010649096369059417
48914,3035914,2017-01-14 14:34:46,0,0.0089696,0.009257414268220424,0.20552395,0.010766737805155224
48915,3035915,2017-01-14 14:34:48,0,0.010107186,0.009889013465810628,0.16406427,0.008286481110240343
48916,3035916,2017-01-14 14:34:55,0,0.0010627006,0.0028531550584570396,0.18784614,0.009683334139157344
48917,3035917,2017-01-14 14:35:19,0,0.012802205,0.011270527360485044,0.25854683,0.014277686512593524
48918,3035918,2017-01-14 14:35:23,0,0.07557078,0.030575020200089478,0.34722194,0.021237783225772886
48919,3035919,2017-01-14 14:35:39,0,0.13390045,0.04293023978988712,0.48538893,0.036185596836821626
48920,3035920,2017-01-14 14:36:04,0,0.061393395,0.027125575413414583,0.6857657,0.07732059742295662
48921,3035921,2017-01-14 14:36:25,0,0.012710495,0.01122575894971521,0.40847546,0.027101567027634207
48922,3035922,2017-01-14 14:37:44,0,0.020992838,0.01482871869963245,0.28568777,0.016247471853764333
48923,3035923,2017-01-14 14:38:21,0,0.3705315,0.08585887174803,0.3165429,0.018651377898505867
48924,3035924,2017-01-14 14:38:28,0,0.0038445669,0.005799498120508196,0.13685013,0.0067658832138916035
48925,3035925,2017-01-14 14:39:02,0,0.036876652,0.020316719517578716,0.30464163,0.017702085408150457
48926,3035926,2017-01-14 14:39:04,0,0.029037813,0.017769124204085763,0.1760807,0.008983919784095695
48927,3035927,2017-01-14 14:39:21,0,0.0059268563,0.007364015965734062,0.25540635,0.014057808877590814
48928,3035928,2017-01-14 14:39:44,0,0.0072616986,0.008237885725170003,0.2309551,0.012398952491387807
48929,3035929,2017-01-14 14:39:49,0,0.0145256305,0.012087146709918907,0.21392117,0.011295747983283472
48930,3035930,2017-01-14 14:39:59,0,0.020639468,0.014689368297215954,0.16129152,0.008127888932255271
48931,3035931,2017-01-14 14:40:15,0,0.0130705815,0.011400732145009251,0.24651335,0.013443765611557057
48932,3035932,2017-01-14 14:40:19,0,0.13282536,0.0427194758227419,0.2561005,0.014106271451420745
48933,3035933,2017-01-14 14:40:27,0,0.0038224533,0.00578107154891051,0.3443288,0.020984808715168127
48934,3035934,2017-01-14 14:40:30,0,0.0059924317,0.007408877159701007,0.22562157,0.012049074852078456
48935,3035935,2017-01-14 14:41:07,1,0.08303611,0.03229657081615876,0.60847247,0.05709352588611677
48936,3035936,2017-01-14 14:41:40,0,0.005527579,0.007085935899941344,0.30182362,0.017481457653971355
48937,3035937,2017-01-14 14:42:10,0,0.01287113,0.01130408058446913,0.20996602,0.011045392789084053
48938,3035938,2017-01-14 14:42:10,0,0.004393517,0.006242660540161614,0.24917991,0.013626569798729685
48939,3035939,2017-01-14 14:42:25,1,0.21932483,0.05873781131177176,0.70830214,0.084932551649505
48940,3035940,2017-01-14 14:42:32,0,0.017115895,0.013238576320702015,0.16774526,0.008498361616856697
48941,3035941,2017-01-14 14:42:46,0,0.00089317793,0.0025922680191118996,0.10854038,0.005262898116958026
48942,3035942,2017-01-14 14:42:58,0,0.00336088,0.005384891127606272,0.23629205,0.01275323725383681
48943,3035943,2017-01-14 14:43:30,0,0.0076575293,0.008482923008360264,0.176193,0.00899051671576119
48944,3035944,2017-01-14 14:43:35,1,0.0896919,0.033786700819778054,0.66914487,0.07228292150775055
48945,3035945,2017-01-14 14:43:51,0,0.0012871173,0.00317127742764124,0.1649332,0.008336358953575816
48946,3035946,2017-01-14 14:44:01,0,0.0031464729,0.005192593170058552,0.2525956,0.01386237091587086
48947,3035947,2017-01-14 14:44:07,0,0.011054527,0.010391308645305722,0.7050157,0.08376057804609255
48948,3035948,2017-01-14 14:44:25,0,0.008278157,0.008856055943719328,0.21317899,0.011248606231581073
48949,3035949,2017-01-14 14:44:58,0,0.016861672,0.013129101642317932,0.20689483,0.01085245228895563
48950,3035950,2017-01-14 14:45:19,0,0.013466178,0.011590536094476966,0.31078202,0.01818828480004904
48951,3035951,2017-01-14 14:46:13,0,0.0033898414,0.005410439297950337,0.31444785,0.018482177651914258
48952,3035952,2017-01-14 14:46:39,0,0.014096724,0.011888079104662228,0.14369138,0.007140787641534619
48953,3035953,2017-01-14 14:46:57,1,0.008848258,0.00918800028649302,0.3786102,0.024115140011244166
48954,3035954,2017-01-14 14:47:22,1,0.009167877,0.00936994897529116,0.47205505,0.03444352422812638
48955,3035955,2017-01-14 14:47:53,0,0.012931102,0.011333210864460923,0.32813486,0.019604258849493645
48956,3035956,2017-01-14 14:48:19,0,0.010181991,0.009929413313182344,0.46710366,0.03381629694360507
48957,3035957,2017-01-14 14:48:25,0,0.018405214,0.01378324017365825,0.313032,0.018368342528098054
48958,3035958,2017-01-14 14:48:53,0,0.0064358828,0.00770668312568341,0.15081207,0.0075361525211356745
48959,3035959,2017-01-14 14:48:55,0,0.032180797,0.01882132116020611,0.17825952,0.009112184503653514
48960,3035960,2017-01-14 14:49:15,0,0.0029711707,0.005030960927375592,0.2381636,0.012878484569863829
48961,3035961,2017-01-14 14:50:15,0,0.020649055,0.01469316242311589,0.32552305,0.019387057203225776
48962,3035962,2017-01-14 14:51:07,0,0.0041004317,0.006009353988595407,0.23953867,0.012970842990765948
48963,3035963,2017-01-14 14:51:16,0,0.019644514,0.014291377184381017,0.30087808,0.017407778021908394
48964,3035964,2017-01-14 14:52:01,0,0.017583044,0.013437914815167843,0.35643774,0.022056929443097638
48965,3035965,2017-01-14 14:52:25,0,0.045101058,0.022759294262605048,0.23249362,0.012500652145380133
48966,3035966,2017-01-14 14:53:39,0,0.04270992,0.022069262119948165,0.3012316,0.017435304765193782
48967,3035967,2017-01-14 14:53:51,0,0.005630017,0.0071581117174583184,0.17684545,0.00902887516555726
48968,3035968,2017-01-14 14:54:02,0,0.0052921087,0.006917726276847071,0.15142189,0.00757026059445889
48969,3035969,2017-01-14 14:54:57,0,0.011058797,0.010393528678166465,0.14103976,0.00699491034491675
48970,3035970,2017-01-14 14:54:57,0,0.020505179,0.014636142418921794,0.19019602,0.009825056944042926
48971,3035971,2017-01-14 14:55:00,0,0.012475974,0.011110626436871924,0.22297525,0.0118770016552739
48972,3035972,2017-01-14 14:55:12,0,0.00863781,0.009066603506549569,0.1872578,0.009647958251730364
48973,3035973,2017-01-14 14:56:03,0,0.01981022,0.014358255276890525,0.25952756,0.014346681841087887
48974,3035974,2017-01-14 14:56:07,0,0.010853198,0.010286204283388948,0.1843085,0.009471265880781933
48975,3035975,2017-01-14 14:56:11,0,0.006608784,0.007820305333324373,0.1771024,0.009043995862393902
48976,3035976,2017-01-14 14:56:23,0,0.07497513,0.030435129433023015,0.27321598,0.01532646625655606
48977,3035977,2017-01-14 14:56:26,0,0.011086815,0.010408085814935152,0.10069148,0.004859095534885002
48978,3035978,2017-01-14 14:56:28,0,0.017946962,0.013591612718561888,0.13569918,0.00670327624325474
48979,3035979,2017-01-14 14:57:44,0,0.017396625,0.013358646952847919,0.16383253,0.008273193136899788
48980,3035980,2017-01-14 14:58:09,0,0.0065847854,0.007804614391361426,0.20053878,0.010457134406137282
48981,3035981,2017-01-14 14:59:23,0,0.019509336,0.014236639515831316,0.21493265,0.011360116545588925
48982,3035982,2017-01-14 14:59:33,0,0.0042475606,0.006127374548345665,0.39042157,0.025265326849732213
48983,3035983,2017-01-14 14:59:36,0,0.005182239,0.00683809811238566,0.07284775,0.0034668431828186255
48984,3035984,2017-01-14 15:00:00,0,0.006795887,0.007941777578896409,0.12807295,0.006291753604343353
48985,3035985,2017-01-14 15:00:31,0,0.04573097,0.022938612997046536,0.19245352,0.00996185840326728
48986,3035986,2017-01-14 15:00:39,0,0.031165509,0.018486335052622437,0.1899865,0.009812392398625117
48987,3035987,2017-01-14 15:02:27,0,0.0021142522,0.00417002544941173,0.18731077,0.00965114169737395
48988,3035988,2017-01-14 15:02:29,0,0.019404009,0.014193875586197726,0.20028701,0.010441584707391207
48989,3035989,2017-01-14 15:02:30,0,0.089696825,0.03378778924970117,0.18597277,0.009570840537107541
48990,3035990,2017-01-14 15:02:31,0,0.015781155,0.012655557929764114,0.20415016,0.010681091278504893
48991,3035991,2017-01-14 15:02:55,0,0.012608037,0.01117557579408789,0.24544485,0.013370827526032804
48992,3035992,2017-01-14 15:03:02,0,0.0023906298,0.0044624197582780285,0.13747089,0.006799704785610063
48993,3035993,2017-01-14 15:03:06,0,0.033449583,0.019233812886007277,0.36743724,0.023062083967352584
48994,3035994,2017-01-14 15:03:17,0,0.020738203,0.014728407008300226,0.17127311,0.008702881291425534
48995,3035995,2017-01-14 15:03:26,0,0.020093987,0.014472222953397276,0.20607688,0.010801279313643695
48996,3035996,2017-01-14 15:03:35,0,0.0025783696,0.004652445929648816,0.15120104,0.007557903457093897
48997,3035997,2017-01-14 15:03:36,0,0.008207737,0.008814358544136588,0.14994866,0.007487927785965246
48998,3035998,2017-01-14 15:04:06,0,0.012205753,0.010976780089662675,0.27750742,0.01564025755257394
48999,3035999,2017-01-14 15:04:13,0,0.035781633,0.019975411327231563,0.290417,0.01660406619216763
49000,3036000,2017-01-14 15:04:30,0,0.031022519,0.018438792622051635,0.14537795,0.0072339516025763904
49001,3036001,2017-01-14 15:04:35,0,0.013757491,0.011728743958907247,0.22304091,0.011881258658357355
49002,3036002,2017-01-14 15:04:37,0,0.0028843442,0.004949323607439933,0.3216278,0.01906585059383673
49003,3036003,2017-01-14 15:04:47,0,0.0010364505,0.002814050080599469,0.2341575,0.012611031318882703
49004,3036004,2017-01-14 15:04:58,0,0.04901567,0.023858193601437774,0.3473631,0.021250177798318323
49005,3036005,2017-01-14 15:05:06,0,0.0013759808,0.0032902628195050397,0.17067991,0.00866839133211492
49006,3036006,2017-01-14 15:05:18,0,0.034246184,0.01948947355155856,0.2142325,0.011315545481534987
49007,3036007,2017-01-14 15:05:47,0,0.016345087,0.012904409475113766,0.15347938,0.007685633924678857
49008,3036008,2017-01-14 15:06:06,0,0.030476091,0.018256260352937446,0.2914046,0.01667905839048664
49009,3036009,2017-01-14 15:06:29,0,0.0038056963,0.005767076587192321,0.11324163,0.005507341227216723
49010,3036010,2017-01-14 15:06:30,0,0.0063401624,0.007643195146825564,0.11590703,0.005646810114357528
49011,3036011,2017-01-14 15:06:33,0,0.019317085,0.014158507779844934,0.28872207,0.016475790290556413
49012,3036012,2017-01-14 15:06:36,0,0.02003653,0.014449203196763174,0.17839032,0.009119902675817965
49013,3036013,2017-01-14 15:06:38,0,0.023108397,0.015642755035620372,0.21702413,0.011493662970641695
49014,3036014,2017-01-14 15:07:08,0,0.036259927,0.020125013058084847,0.23318602,0.012546534881164835
49015,3036015,2017-01-14 15:07:28,0,0.08112861,0.03186203815239183,0.19117147,0.00988408912832147
49016,3036016,2017-01-14 15:07:29,0,0.026143027,0.016756702424320574,0.26074362,0.014432451768492387
49017,3036017,2017-01-14 15:07:37,0,0.03252571,0.01893411526528979,0.18256855,0.009367524978284813
49018,3036018,2017-01-14 15:07:40,0,0.08077494,0.03178108224808378,0.2991777,0.017275716172850262
49019,3036019,2017-01-14 15:07:55,0,0.04789193,0.023546426930230544,0.20100589,0.010486005512540057
49020,3036020,2017-01-14 15:08:12,0,0.024770588,0.016260143751680455,0.18503788,0.009514863715085529
49021,3036021,2017-01-14 15:08:24,0,0.007744163,0.008535795417844232,0.11897389,0.00580808767400763
49022,3036022,2017-01-14 15:08:27,0,0.022878794,0.015556000943519792,0.22383791,0.011932984922993658
49023,3036023,2017-01-14 15:09:04,0,0.026408747,0.016851549527855288,0.21173257,0.01115694908070979
49024,3036024,2017-01-14 15:09:05,0,0.01331957,0.011520483842979516,0.15851006,0.007969658618015095
49025,3036025,2017-01-14 15:10:40,0,0.021035526,0.014845483982737804,0.18607174,0.009576772932292612
49026,3036026,2017-01-14 15:11:11,1,0.013455142,0.011585274511325492,0.1970955,0.010245184473387412
49027,3036027,2017-01-14 15:11:56,0,0.01648213,0.012964314934652069,0.26274067,0.014573837440186142
49028,3036028,2017-01-14 15:12:26,0,0.033958443,0.01939741361447474,0.19689043,0.01023260979480056
49029,3036029,2017-01-14 15:12:38,0,0.014703476,0.012168933188465287,0.24364813,0.013248579651685275
49030,3036030,2017-01-14 15:12:44,0,0.13596548,0.043333839807248274,0.73337567,0.09467735261331905
49031,3036031,2017-01-14 15:13:15,0,0.013918345,0.011804508185331502,0.1965329,0.010210699716511283
49032,3036032,2017-01-14 15:13:27,0,0.07050956,0.029373300692313926,0.370612,0.023357951118938198
49033,3036033,2017-01-14 15:13:28,0,0.0057854275,0.007266501656087206,0.23099177,0.012401372508822683
49034,3036034,2017-01-14 15:13:48,0,0.028294101,0.017513254257512965,0.4100358,0.027264923201473855
49035,3036035,2017-01-14 15:14:07,0,0.009484593,0.009547491389857636,0.20669998,0.010840254108800504
49036,3036036,2017-01-14 15:14:27,1,0.014581757,0.012113004787427505,0.23018247,0.012348011814538
49037,3036037,2017-01-14 15:14:32,0,0.05035358,0.024225721179340985,0.29982343,0.017325801533620525
49038,3036038,2017-01-14 15:15:14,0,0.052508082,0.024809608499481495,0.2019681,0.010545568157527899
49039,3036039,2017-01-14 15:15:22,0,0.02195149,0.015201760748215077,0.15423346,0.007728032496045115
49040,3036040,2017-01-14 15:16:00,0,0.07035796,0.029336832975879554,0.1868277,0.00962212473684226
49041,3036041,2017-01-14 15:16:34,0,0.16368301,0.04861696480937021,0.5077055,0.03928716252107188
49042,3036042,2017-01-14 15:16:35,0,0.015614965,0.012581484557378373,0.43508932,0.0299967620708231
49043,3036043,2017-01-14 15:16:40,0,0.012907521,0.011321763812245454,0.55046225,0.04598250684251742
49044,3036044,2017-01-14 15:17:32,0,0.0174688,0.013389380579301783,0.22727305,0.012156970120216604
49045,3036045,2017-01-14 15:17:49,0,0.012384164,0.011065295574906204,0.31968647,0.01890697173821528
49046,3036046,2017-01-14 15:17:55,0,0.0076924656,0.008504276432249037,0.27669874,0.015580879037425853
49047,3036047,2017-01-14 15:18:01,0,0.019955933,0.014416864611617317,0.2822653,0.015991962809126833
49048,3036048,2017-01-14 15:18:37,0,0.04321741,0.022216985733776215,0.30335614,0.0176012483356511
49049,3036049,2017-01-14 15:19:15,0,0.022818457,0.01553314126779975,0.28550118,0.016233486652221324
49050,3036050,2017-01-14 15:19:25,0,0.011197597,0.010465485789587812,0.35716707,0.02212263761483539
49051,3036051,2017-01-14 15:19:42,0,0.019164504,0.014096258653540328,0.2047986,0.010721485669905708
49052,3036052,2017-01-14 15:20:04,0,0.035170995,0.019783210008307482,0.28560278,0.016241100550006403
49053,3036053,2017-01-14 15:20:04,0,0.039799023,0.021207808054396288,0.15294762,0.007655771877554512
49054,3036054,2017-01-14 15:20:29,0,0.3072713,0.07435125904881965,0.27691528,0.015596767644039547
49055,3036055,2017-01-14 15:20:30,0,0.018374156,0.013770318604930139,0.23228621,0.012486921661114498
49056,3036056,2017-01-14 15:20:36,0,0.05701107,0.026000669397147614,0.2807269,0.01587780121458726
49057,3036057,2017-01-14 15:20:37,0,0.00026880813,0.0013360270970608394,0.4080673,0.027058959735236993
49058,3036058,2017-01-14 15:20:42,0,0.003964416,0.0058985505956259884,0.114149034,0.005554749670178225
49059,3036059,2017-01-14 15:20:52,1,0.04373229,0.022366148474246977,0.41944864,0.028266833686380676
49060,3036060,2017-01-14 15:21:02,0,0.17027247,0.04984270983592408,0.63329405,0.06277790987254274
49061,3036061,2017-01-14 15:21:25,0,0.009535461,0.009575760210617077,0.2613894,0.0144780992415121
49062,3036062,2017-01-14 15:21:32,0,0.006988491,0.0080652751886862,0.15118906,0.007557233264157242
49063,3036063,2017-01-14 15:21:55,0,0.017221386,0.013283795362418097,0.56897515,0.04924223513875223
49064,3036064,2017-01-14 15:22:18,1,0.035214555,0.019796966085210713,0.6042077,0.05617981002112836
49065,3036065,2017-01-14 15:22:41,0,0.018530102,0.013835104823451277,0.23216741,0.01247905950707909
49066,3036066,2017-01-14 15:22:45,0,0.0019675377,0.004007831191977764,0.33622253,0.020286343649483337
49067,3036067,2017-01-14 15:23:22,0,0.013671326,0.011687999840648269,0.7360584,0.09581263288736623
49068,3036068,2017-01-14 15:23:36,0,0.0022978233,0.004366013399587181,0.19077002,0.009859779514699568
49069,3036069,2017-01-14 15:24:29,0,0.011744573,0.010745295492527902,0.2104979,0.011078936240950663
49070,3036070,2017-01-14 15:24:32,0,0.05019188,0.024181507779474386,0.4060632,0.026850513477212113
49071,3036071,2017-01-14 15:24:55,0,0.029763075,0.018016002420458276,0.21252629,0.011207210499826351
49072,3036072,2017-01-14 15:25:07,0,0.011174131,0.010453348423326594,0.21394144,0.011297036267856206
49073,3036073,2017-01-14 15:25:19,0,0.017749405,0.013508345542769694,0.31467137,0.01850018622621977
49074,3036074,2017-01-14 15:25:42,0,0.0025379502,0.004612072743496258,0.14177786,0.007035443882265873
49075,3036075,2017-01-14 15:26:03,0,0.0022539052,0.004319783629632002,0.15128867,0.00756280616803306
49076,3036076,2017-01-14 15:26:45,0,0.06977867,0.029197215769945765,0.16514584,0.008348577743886873
49077,3036077,2017-01-14 15:27:13,0,0.021979198,0.015212437794059635,0.34387448,0.02094526283508761
49078,3036078,2017-01-14 15:27:20,0,0.0023000173,0.004368312401464517,0.26309374,0.014598902613007687
49079,3036079,2017-01-14 15:27:22,0,0.032866653,0.01904512194198326,0.24981123,0.013670013156307894
49080,3036080,2017-01-14 15:27:53,0,0.03821777,0.020729110829660637,0.3845025,0.02468405886644179
49081,3036081,2017-01-14 15:28:12,0,0.035779074,0.01997460862191883,0.29733816,0.017133473592902678
49082,3036082,2017-01-14 15:28:27,0,0.01328529,0.011504055882693489,0.24166891,0.013114491831918654
49083,3036083,2017-01-14 15:28:36,0,0.0147004975,0.01216756709065716,0.22520128,0.012021679179455099
49084,3036084,2017-01-14 15:28:37,0,0.010748073,0.010230981277198955,0.18016005,0.00922452867777709
49085,3036085,2017-01-14 15:28:46,0,0.054838967,0.02543086820990355,0.37823406,0.024079146380680646
49086,3036086,2017-01-14 15:29:23,0,0.002508244,0.004582216441804218,0.34849483,0.021349709238310588
49087,3036087,2017-01-14 15:29:37,0,0.01372676,0.011714225248920096,0.2305355,0.012371277453041405
49088,3036088,2017-01-14 15:30:19,0,0.0020524706,0.004102361244599698,0.18934882,0.009773882191848878
49089,3036089,2017-01-14 15:30:32,0,0.013773751,0.011736420618290468,0.21193844,0.011169977508307373
49090,3036090,2017-01-14 15:30:33,0,0.03644653,0.020183158570878035,0.30094922,0.01741331529667311
49091,3036091,2017-01-14 15:30:41,0,0.21584749,0.05811667448729723,0.34580117,0.02111330673199311
49092,3036092,2017-01-14 15:30:45,0,0.15719236,0.0473995419417632,0.27286786,0.015301152638585462
49093,3036093,2017-01-14 15:31:26,0,0.029888215,0.018058342923524685,0.27658543,0.015572568473919007
49094,3036094,2017-01-14 15:31:35,0,0.0018546529,0.00387930819214691,0.15746638,0.007910506894268548
49095,3036095,2017-01-14 15:32:04,0,0.0025572705,0.004631406631543265,0.32826376,0.019615016277660813
49096,3036096,2017-01-14 15:32:08,0,0.024194757,0.016048325246811403,0.252935,0.013885902062834419
49097,3036097,2017-01-14 15:33:05,0,0.010120953,0.00989645883203417,0.169515,0.008600779163955822
49098,3036098,2017-01-14 15:33:05,0,0.03314333,0.019134852815543467,0.24425751,0.013289985650026285
49099,3036099,2017-01-14 15:33:06,0,0.0009425186,0.00267033504763855,0.15347454,0.007685361827150369
49100,3036100,2017-01-14 15:33:22,0,0.08324815,0.0323446601563521,0.71260595,0.08650192151327477
49101,3036101,2017-01-14 15:33:23,0,0.0010316623,0.002806869405368087,0.1803567,0.009236177865483057
49102,3036102,2017-01-14 15:33:51,0,0.016450614,0.012950557605280855,0.19042635,0.00983898518480592
49103,3036103,2017-01-14 15:34:22,0,0.13383308,0.04291704580323735,0.26820573,0.014964160682997333
49104,3036104,2017-01-14 15:34:36,0,0.13352774,0.04285722346708972,0.6665412,0.07153317726431802
49105,3036105,2017-01-14 15:34:41,0,0.01261811,0.01118051705865526,0.14283922,0.007093827971640147
49106,3036106,2017-01-14 15:34:46,0,0.013230925,0.011477963758987424,0.18495922,0.009510158591977963
49107,3036107,2017-01-14 15:34:55,1,0.06729744,0.028594328453357815,0.4713913,0.03435883810733295
49108,3036108,2017-01-14 15:34:59,0,0.025022432,0.016352123559766892,0.21826704,0.011573313461932463
49109,3036109,2017-01-14 15:35:11,0,0.09898532,0.035807000127345626,0.37315473,0.02359682317689932
49110,3036110,2017-01-14 15:35:44,0,0.002245422,0.004310807524711305,0.17168345,0.008726762841655111
49111,3036111,2017-01-14 15:36:01,0,0.009597991,0.009610418596710303,0.20752443,0.010891902522435673
49112,3036112,2017-01-14 15:36:25,0,0.15612884,0.04719903315375215,0.2179126,0.011550577604714821
49113,3036113,2017-01-14 15:36:45,0,0.013453496,0.011584489329588712,0.19062105,0.00985076408616376
49114,3036114,2017-01-14 15:36:53,0,0.022884011,0.015557976389488491,0.15862848,0.00797637776149431
49115,3036115,2017-01-14 15:37:08,0,0.004552231,0.006366095664877631,0.22934774,0.01229307445951548
49116,3036116,2017-01-14 15:37:43,0,0.0527703,0.024880026895756833,0.18029884,0.009232749800836562
49117,3036117,2017-01-14 15:37:45,0,0.05605489,0.02575088708914983,0.2395099,0.012968907391525007
49118,3036118,2017-01-14 15:38:05,0,0.010931021,0.01032693292028509,0.33638144,0.020299891393201597
49119,3036119,2017-01-14 15:38:13,0,0.1304281,0.04224787591012291,0.3590959,0.02229705038517113
49120,3036120,2017-01-14 15:38:23,0,0.031783022,0.018690612045818126,0.23705807,0.012804436986149772
49121,3036121,2017-01-14 15:38:36,0,0.002060895,0.004111641184705139,0.23961066,0.012975686048249311
49122,3036122,2017-01-14 15:38:59,0,0.0015285923,0.003486833886460113,0.15095079,0.007543907610809741
49123,3036123,2017-01-14 15:39:19,0,0.011121441,0.010426053683092585,0.1889077,0.009747272208031533
49124,3036124,2017-01-14 15:39:22,0,0.016516058,0.012979112396546765,0.22640231,0.01210003387050561
49125,3036125,2017-01-14 15:39:26,0,0.014384789,0.012022065931378206,0.29011774,0.016581379724271202
49126,3036126,2017-01-14 15:39:36,0,0.0036627236,0.0056465288719236,0.6404077,0.06453262019898384
49127,3036127,2017-01-14 15:39:52,0,0.0055703074,0.007116113428387609,0.1999984,0.010423769214082678
49128,3036128,2017-01-14 15:40:36,0,0.0016171348,0.003596847843123663,0.12060824,0.005894388387985878
49129,3036129,2017-01-14 15:40:50,0,0.04870731,0.023772927154854382,0.24265783,0.013181413482840017
49130,3036130,2017-01-14 15:40:54,0,0.0016527835,0.003640375239190502,0.22282602,0.011867327612817327
49131,3036131,2017-01-14 15:41:10,0,0.027196335,0.017130324308850097,0.32350466,0.01922021355832459
49132,3036132,2017-01-14 15:41:20,0,0.011376207,0.010557504866776181,0.26572314,0.014786226243406716
49133,3036133,2017-01-14 15:41:24,0,0.004207449,0.006095382605689849,0.37411913,0.023687869750110845
49134,3036134,2017-01-14 15:41:36,0,0.0035845086,0.00557968971956713,0.5203809,0.04116196334514306
49135,3036135,2017-01-14 15:42:15,0,0.004633438,0.006428506973482932,0.21932313,0.011641161615612707
49136,3036136,2017-01-14 15:42:16,0,0.026246147,0.01679355883327144,0.21027052,0.011064591901913726
49137,3036137,2017-01-14 15:42:22,0,0.020577308,0.014664749573077196,0.40938574,0.027196774759206815
49138,3036138,2017-01-14 15:42:22,0,0.0010346604,0.0028113672351268485,0.14841822,0.007402642234189818
49139,3036139,2017-01-14 15:42:31,0,0.043268293,0.022231758691580377,0.17323038,0.00881697117923593
49140,3036140,2017-01-14 15:42:55,0,0.028548984,0.017601261028555835,0.22630978,0.012093989478445772
49141,3036141,2017-01-14 15:42:56,0,0.011017207,0.010371889854593325,0.48830426,0.03657716792625701
49142,3036142,2017-01-14 15:43:04,0,0.00677806,0.007930268619886766,0.12516995,0.006136590227483762
49143,3036143,2017-01-14 15:43:16,0,0.017136386,0.013247369308860679,0.17204916,0.008748064325031267
49144,3036144,2017-01-14 15:43:19,0,0.011513048,0.01062757426947958,0.20780563,0.010909539316588808
49145,3036145,2017-01-14 15:43:23,0,0.012593473,0.011168427877389302,0.40158013,0.026388697512520404
49146,3036146,2017-01-14 15:43:32,0,0.0128167905,0.01127763424682882,0.19832157,0.010320478686896745
49147,3036147,2017-01-14 15:44:02,0,0.0071962164,0.008196781747678903,0.29991353,0.017332795902797776
49148,3036148,2017-01-14 15:44:19,0,0.019062357,0.014054465046914823,0.28314528,0.01605745562166547
49149,3036149,2017-01-14 15:44:27,0,0.012972047,0.011353065004488358,0.30393812,0.017646859848201125
49150,3036150,2017-01-14 15:45:01,0,0.009055693,0.009306411313475201,0.286836,0.016333672102706736
49151,3036151,2017-01-14 15:45:10,0,0.068070106,0.028782933413306486,0.36211476,0.02257189125539806
49152,3036152,2017-01-14 15:45:11,0,0.004344704,0.006204298256371594,0.09566995,0.004603488400077376
49153,3036153,2017-01-14 15:45:13,0,0.101700775,0.036385528557644105,0.35401314,0.021839425261392483
49154,3036154,2017-01-14 15:45:25,0,0.019218039,0.014118123684354517,0.2564427,0.014130190264112203
49155,3036155,2017-01-14 15:45:27,0,0.026795002,0.01698870224896351,0.23016353,0.01234676420349288
49156,3036156,2017-01-14 15:45:56,0,0.0072130417,0.008207359011127761,0.29252598,0.016764427969898094
49157,3036157,2017-01-14 15:46:13,0,0.016065076,0.012781322725874301,0.27825278,0.015695088379797096
49158,3036158,2017-01-14 15:46:29,0,0.0072278627,0.008216667229767048,0.27875564,0.015732135631791138
49159,3036159,2017-01-14 15:46:49,0,0.004695102,0.006475572863282773,0.467192,0.0338273964460773
49160,3036160,2017-01-14 15:47:03,0,0.011182833,0.010457850907349762,0.3234506,0.01921575675902488
49161,3036161,2017-01-14 15:47:07,0,0.012606785,0.01117496115574109,0.28703654,0.016348751963043206
49162,3036162,2017-01-14 15:47:09,0,0.052899003,0.024914539407270245,0.3881899,0.025045006025657388
49163,3036163,2017-01-14 15:47:38,0,0.007867214,0.008610443787249369,0.4808087,0.03557826703844911
49164,3036164,2017-01-14 15:47:58,0,0.010453162,0.010074773950317752,0.50586313,0.039021742031845025
49165,3036165,2017-01-14 15:48:13,1,0.0019983954,0.004042383614815069,0.69332266,0.07976591611331829
49166,3036166,2017-01-14 15:48:15,0,0.020699063,0.014712941205241581,0.23531994,0.012688389968235106
49167,3036167,2017-01-14 15:48:29,0,0.053991508,0.025206200765621654,0.3428103,0.02085281763597953
49168,3036168,2017-01-14 15:48:37,0,0.0045195716,0.00634085491724249,0.3015674,0.017461475623696814
49169,3036169,2017-01-14 15:48:55,0,0.011260826,0.010498134831138255,0.25432798,0.013982677066187799
49170,3036170,2017-01-14 15:49:02,0,0.008370268,0.008910360288203098,0.488119,0.036552168587166096
49171,3036171,2017-01-14 15:49:04,0,0.010535646,0.010118657949276336,0.112492874,0.005468277578318349
49172,3036172,2017-01-14 15:49:18,0,0.0039698277,0.005902991165145008,0.44869483,0.03157201291256326
49173,3036173,2017-01-14 15:49:26,0,0.012432148,0.011089005745399547,0.60846967,0.05709291997455878
49174,3036174,2017-01-14 15:49:41,0,0.121166766,0.04040320735765752,0.3004314,0.017373031889656387
49175,3036175,2017-01-14 15:49:46,0,0.033081263,0.019114750673017513,0.21057276,0.011083660623369027
49176,3036176,2017-01-14 15:49:49,0,0.0067936243,0.007940317571021102,0.3499807,0.021480852062597304
49177,3036177,2017-01-14 15:49:55,0,0.029133407,0.01780181174285028,0.25683928,0.01415793463881809
49178,3036178,2017-01-14 15:50:15,0,0.032189786,0.018824267175829173,0.25008538,0.01368889819784113
49179,3036179,2017-01-14 15:50:25,0,0.012857973,0.01129768144434192,0.27832505,0.015700410077263048
49180,3036180,2017-01-14 15:50:25,0,0.041621022,0.021749884661996302,0.30526444,0.01775105725151344
49181,3036181,2017-01-14 15:50:31,0,0.0062486157,0.007582074418585126,0.2318341,0.0124570135983744
49182,3036182,2017-01-14 15:50:41,0,0.009471938,0.009540448306591055,0.3880735,0.02503355258509458
49183,3036183,2017-01-14 15:50:57,0,0.043585457,0.022323682932161797,0.2785334,0.015715757113267444
49184,3036184,2017-01-14 15:51:08,0,0.03368489,0.019309592969800487,0.7910312,0.12431759716293905
49185,3036185,2017-01-14 15:51:14,0,0.28977162,0.07123329744315267,0.43366906,0.02983618855504444
49186,3036186,2017-01-14 15:51:21,0,0.12432106,0.04103572364771323,0.4032896,0.026564071141001892
49187,3036187,2017-01-14 15:51:22,0,0.015209254,0.012399192098400548,0.3258849,0.01941706175785367
49188,3036188,2017-01-14 15:51:25,0,0.003461612,0.005473333417951849,0.25041643,0.013711718180367765
49189,3036189,2017-01-14 15:51:30,0,0.015981752,0.012744515261537354,0.45996708,0.03293018573795243
49190,3036190,2017-01-14 15:51:55,0,0.061392736,0.027125408496447533,0.43491012,0.029976462327625047
49191,3036191,2017-01-14 15:51:56,0,0.05765786,0.026168717847796806,0.4326983,0.02972684549564227
49192,3036192,2017-01-14 15:52:01,0,0.055661846,0.025647737532340988,0.82523006,0.14923734881985107
49193,3036193,2017-01-14 15:52:03,0,0.00791948,0.008641993320064477,0.12267241,0.0060037415385813375
49194,3036194,2017-01-14 15:52:09,0,0.041717537,0.02177832815290524,0.5677464,0.049018275495240515
49195,3036195,2017-01-14 15:52:21,0,0.047727995,0.023500704332287403,0.26761872,0.014921993220235779
49196,3036196,2017-01-14 15:52:48,0,0.037721835,0.020577313867777162,0.35739827,0.02214349553522938
49197,3036197,2017-01-14 15:53:19,0,0.040613294,0.02145128704712556,0.44455698,0.031085708452763934
49198,3036198,2017-01-14 15:53:28,0,0.010126448,0.009899429079265488,0.3746791,0.023740847258474248
49199,3036199,2017-01-14 15:53:30,0,0.01635709,0.012909665037817887,0.3018028,0.017479834812849128
49200,3036200,2017-01-14 15:53:50,0,0.012044674,0.010896373315985034,0.26566103,0.014781788150752435
49201,3036201,2017-01-14 15:54:16,0,0.07235059,0.029813923813842756,0.22536199,0.012032151712360913
49202,3036202,2017-01-14 15:54:34,0,0.01850565,0.013824961835830879,0.24038754,0.013028002329905518
49203,3036203,2017-01-14 15:54:35,0,0.0022658415,0.004332387871235247,0.18089446,0.009268057931098434
49204,3036204,2017-01-14 15:54:36,0,0.025910795,0.0166734724942751,0.2470133,0.013477954286737865
49205,3036205,2017-01-14 15:54:38,0,0.043889485,0.02241154783929598,0.7805525,0.11797376873750927
49206,3036206,2017-01-14 15:54:58,0,0.01502473,0.012315580144260908,0.43565598,0.03006102793221591
49207,3036207,2017-01-14 15:55:38,0,0.0016261945,0.0036079502552827498,0.4851942,0.03615958171766777
49208,3036208,2017-01-14 15:55:49,0,0.0036860118,0.005666306145723934,0.27855682,0.01571748306637244
49209,3036209,2017-01-14 15:55:59,0,0.017712357,0.013492685708313263,0.21897773,0.011618954701540429
49210,3036210,2017-01-14 15:56:13,0,0.03780479,0.020602761468362853,0.23893598,0.012930326910748483
49211,3036211,2017-01-14 15:56:14,0,0.033361703,0.019205454811682853,0.27275735,0.01529312151767429
49212,3036212,2017-01-14 15:56:30,0,0.0017170012,0.0037177364012359864,0.504085,0.03876723177862949
49213,3036213,2017-01-14 15:56:48,0,0.012574968,0.011159340322855517,0.38545713,0.02477713695857769
49214,3036214,2017-01-14 15:57:06,0,0.09859223,0.035722834083957565,0.62679976,0.061226983457884014
49215,3036215,2017-01-14 15:57:26,0,0.03161274,0.018634448365540894,0.4050891,0.026749646377960377
49216,3036216,2017-01-14 15:57:28,0,0.022734797,0.015501401935039823,0.37454554,0.023728205021774407
49217,3036217,2017-01-14 15:57:36,0,0.004509658,0.0063331772449038305,0.5782221,0.05096437832796796
49218,3036218,2017-01-14 15:57:50,0,0.017417079,0.013367362111989663,0.30036333,0.0173677403784248
49219,3036219,2017-01-14 15:57:57,0,0.008989238,0.009268608900691689,0.3085053,0.018007131865414347
49220,3036220,2017-01-14 15:58:21,0,0.06928829,0.029078695266096345,0.7978339,0.12872377309298091
49221,3036221,2017-01-14 15:58:33,0,0.0007584485,0.0023686040013847823,0.65342534,0.06790522383483542
49222,3036222,2017-01-14 15:58:36,1,0.027757328,0.017326813467224252,0.26100895,0.014451198294970517
49223,3036223,2017-01-14 15:59:22,0,0.033293128,0.019183304566236712,0.13518423,0.006675307763161835
49224,3036224,2017-01-14 15:59:34,1,0.20266598,0.055752066698549346,0.5942369,0.05410939630552625
49225,3036225,2017-01-14 15:59:53,0,0.016133016,0.01281127302646344,0.18959157,0.009788536435294452
49226,3036226,2017-01-14 15:59:56,0,0.011809264,0.010778005229100959,0.27099138,0.015165066225970438
49227,3036227,2017-01-14 16:00:13,0,0.004859631,0.006599816666433081,0.19950709,0.01039346758992338
49228,3036228,2017-01-14 16:00:17,0,0.017254578,0.01329799843434249,0.527947,0.042323339058356314
49229,3036229,2017-01-14 16:00:18,0,0.017908687,0.01357551146718239,0.34460953,0.021009270116165442
49230,3036230,2017-01-14 16:00:20,0,0.0031686272,0.005212729412445267,0.34301364,0.020870461492413277
49231,3036231,2017-01-14 16:00:41,0,0.2726892,0.06820336591230933,0.29306602,0.01680562582215437
49232,3036232,2017-01-14 16:00:52,0,0.0245436,0.016176900225613508,0.22657114,0.01211106490602986
49233,3036233,2017-01-14 16:01:14,0,0.15363798,0.046728229614444,0.3923852,0.025460369803806508
49234,3036234,2017-01-14 16:01:23,0,0.020199668,0.01451448920628562,0.1557313,0.007812433353430471
49235,3036235,2017-01-14 16:01:25,0,0.006161387,0.0075234640378806904,0.21084729,0.011100991429494111
49236,3036236,2017-01-14 16:01:28,1,0.036060877,0.02006285329053964,0.18216194,0.009343334873055479
49237,3036237,2017-01-14 16:01:43,0,0.015182944,0.012387297724297744,0.29310244,0.016808405998364376
49238,3036238,2017-01-14 16:02:01,0,0.016992636,0.013185587160084937,0.2993609,0.017289917365499195
49239,3036239,2017-01-14 16:02:33,0,0.0074471566,0.008353413575971752,0.21288253,0.011229796942320054
49240,3036240,2017-01-14 16:02:55,0,0.010753382,0.010233775602431962,0.36269575,0.02262504915509796
49241,3036241,2017-01-14 16:03:02,0,0.08261789,0.032201597318545876,0.1996702,0.010403523910153114
49242,3036242,2017-01-14 16:03:02,0,0.03551662,0.01989216478607121,0.3342647,0.020119892228884124
49243,3036243,2017-01-14 16:03:08,0,0.022047458,0.015238716041105924,0.2638225,0.014650704599024867
49244,3036244,2017-01-14 16:03:23,0,0.083729215,0.032453603658870456,0.4415743,0.0307391243017564
49245,3036245,2017-01-14 16:03:24,0,0.0071427277,0.008163082590085859,0.32817206,0.019607362586434557
49246,3036246,2017-01-14 16:03:42,0,0.018135604,0.01367075112063073,0.23496959,0.012665053069111214
49247,3036247,2017-01-14 16:03:48,0,0.04034648,0.021371726589689187,0.27007613,0.015098909681653871
49248,3036248,2017-01-14 16:03:54,0,0.07082835,0.02944989433561717,0.24306092,0.013208734498151534
49249,3036249,2017-01-14 16:03:58,0,0.00975452,0.009696742044629902,0.12287996,0.006014759069401261
49250,3036250,2017-01-14 16:04:12,0,0.00069919653,0.0022646248481054372,0.66526204,0.07116852600168909
49251,3036251,2017-01-14 16:04:14,0,0.12744476,0.04165771313622719,0.55784714,0.04725400722415291
49252,3036252,2017-01-14 16:04:20,0,0.036448088,0.020183643267879112,0.21515152,0.01137406348879603
49253,3036253,2017-01-14 16:04:23,0,0.022646546,0.015467867099891478,0.24386477,0.013263293745545182
49254,3036254,2017-01-14 16:04:30,0,0.055341717,0.025563515882811604,0.27856258,0.01571790688400251
49255,3036255,2017-01-14 16:04:31,0,0.04493638,0.022712250584156442,0.3443735,0.020988702609432877
49256,3036256,2017-01-14 16:04:36,0,0.001047961,0.002831251330036964,0.2131291,0.01124544009674121
49257,3036257,2017-01-14 16:04:39,0,0.062723815,0.027461000048216548,0.23858722,0.012906906513170176
49258,3036258,2017-01-14 16:04:45,0,0.0054124957,0.007004133788068385,0.3252428,0.01936383802349714
49259,3036259,2017-01-14 16:04:57,0,0.15447406,0.04688645029687151,0.3390829,0.020531083643765043
49260,3036260,2017-01-14 16:05:00,1,0.051177204,0.024450063959021384,0.19832875,0.01032092033509253
49261,3036261,2017-01-14 16:05:04,0,0.14661461,0.04539117029225643,0.78654385,0.12153805613018455
49262,3036262,2017-01-14 16:05:10,0,0.006905767,0.008012420870614826,0.21623717,0.011443342473407279
49263,3036263,2017-01-14 16:05:17,0,0.030127522,0.01813910457422979,0.287678,0.01639703744588009
49264,3036264,2017-01-14 16:05:43,0,0.004993364,0.006699425896852288,0.47071138,0.03427228598378564
49265,3036265,2017-01-14 16:05:56,0,0.025041495,0.016359069491336916,0.2001884,0.010435496290411461
49266,3036266,2017-01-14 16:06:02,0,0.021274535,0.014939082853455056,0.27057698,0.015135094731557712
49267,3036267,2017-01-14 16:06:07,0,0.07146008,0.029601308728027166,0.29702148,0.017109052009022734
49268,3036268,2017-01-14 16:06:14,0,0.031648785,0.018646347748975518,0.3733309,0.023613435635335172
49269,3036269,2017-01-14 16:06:17,0,0.038168654,0.02071411288676758,0.5366571,0.04370168204327476
49270,3036270,2017-01-14 16:06:29,0,0.0050089816,0.006710980071267395,0.17576331,0.008965282060973221
49271,3036271,2017-01-14 16:06:30,0,0.026839225,0.017004351442717044,0.25949582,0.014344446475079074
49272,3036272,2017-01-14 16:06:41,0,0.0041128187,0.006019362639672954,0.24200162,0.013136990358566168
49273,3036273,2017-01-14 16:06:54,0,0.007942234,0.008655699572205414,0.25304678,0.013893656833361755
49274,3036274,2017-01-14 16:06:57,0,0.007837665,0.008592565713954595,0.22194175,0.011810070832428514
49275,3036275,2017-01-14 16:07:13,0,0.0586023,0.026412811457281127,0.32480225,0.019327374337562108
49276,3036276,2017-01-14 16:07:39,0,0.022660296,0.015473095755920327,0.20787212,0.01091371104138936
49277,3036277,2017-01-14 16:07:49,0,0.0005722397,0.002027529449351743,0.37262234,0.023546667652630537
49278,3036278,2017-01-14 16:08:06,0,0.0032188748,0.005258167501668915,0.14016314,0.00694684215352005
49279,3036279,2017-01-14 16:08:24,0,0.008542832,0.009011386026940875,0.19445631,0.010083763389600734
49280,3036280,2017-01-14 16:09:07,0,0.05022462,0.024190464782017192,0.2538514,0.013949533375141644
49281,3036281,2017-01-14 16:09:36,0,0.019588139,0.014268569126536382,0.12688674,0.006228253911359197
49282,3036282,2017-01-14 16:09:39,1,0.012886996,0.011311793051193389,0.20022456,0.010437728930966781
49283,3036283,2017-01-14 16:09:53,0,0.012577029,0.011160352730539263,0.19910565,0.010368731949059571
49284,3036284,2017-01-14 16:10:25,0,0.009177879,0.009375597239684827,0.18174165,0.00931835201222686
49285,3036285,2017-01-14 16:10:34,0,0.017481469,0.013394769068605513,0.15271902,0.007642943884285776
49286,3036286,2017-01-14 16:11:01,0,0.06594172,0.028261460111410463,0.24497315,0.013338685151706973
49287,3036287,2017-01-14 16:11:15,0,0.020708103,0.014716514186115514,0.35906518,0.022294264757757094
49288,3036288,2017-01-14 16:11:26,0,0.032160237,0.01881458175922668,0.2773087,0.015625655516125964
49289,3036289,2017-01-14 16:11:37,0,0.12137056,0.04044421283172676,0.22309095,0.011884503513567745
49290,3036290,2017-01-14 16:11:47,0,0.06166968,0.027195456081520304,0.23406325,0.012604767950862194
49291,3036291,2017-01-14 16:11:56,0,0.027790328,0.017338319416507732,0.30560908,0.01777818903650196
49292,3036292,2017-01-14 16:12:45,0,0.08649003,0.03307472825797367,0.5042815,0.038795280643246395
49293,3036293,2017-01-14 16:12:57,0,0.015094701,0.012347338249143339,0.18356268,0.009426752843692779
49294,3036294,2017-01-14 16:13:28,0,0.4004388,0.0914991204698132,0.28079516,0.015882856721484977
49295,3036295,2017-01-14 16:13:29,0,0.02667243,0.016945270525974037,0.24059935,0.01304228142988815
49296,3036296,2017-01-14 16:13:35,0,0.020710623,0.014717510201265436,0.16885728,0.008562673706460895
49297,3036297,2017-01-14 16:13:42,0,0.1733546,0.05041280773481532,0.31485844,0.018515266111070638
49298,3036298,2017-01-14 16:13:50,0,0.0019708897,0.004011596318948763,0.2589512,0.014306114227145507
49299,3036299,2017-01-14 16:14:00,0,0.023401706,0.01575304507354804,0.1693111,0.008588961226657641
49300,3036300,2017-01-14 16:14:13,0,0.0056644157,0.007182216864467222,0.14035633,0.0069574288994626735
49301,3036301,2017-01-14 16:14:14,0,0.082224265,0.03211205844103278,0.28086042,0.01588769224441142
49302,3036302,2017-01-14 16:14:24,0,0.01834642,0.013758770768394244,0.26030532,0.014401509576897764
49303,3036303,2017-01-14 16:14:29,0,0.037501883,0.020509728910701734,0.42922795,0.02933864466447599
49304,3036304,2017-01-14 16:14:36,0,0.010108945,0.00988996509887849,0.23396452,0.012598207932371226
49305,3036305,2017-01-14 16:14:57,0,0.012780666,0.011260025925000661,0.2253757,0.012033045229516807
49306,3036306,2017-01-14 16:15:25,0,0.0075235446,0.008400625375423134,0.20627704,0.010813793958908035
49307,3036307,2017-01-14 16:15:46,0,0.017165894,0.01326002362675646,0.30947107,0.018083848513416097
49308,3036308,2017-01-14 16:15:58,0,0.010313395,0.010000063352433872,0.14508213,0.0072175896535919964
49309,3036309,2017-01-14 16:16:06,0,0.05368203,0.0251238153978266,0.27781296,0.015662721693521196
49310,3036310,2017-01-14 16:16:10,0,0.00096864346,0.002710927057585161,0.09692762,0.004667310619786595
49311,3036311,2017-01-14 16:16:13,0,0.0054020304,0.006996656653701489,0.11425476,0.0055602781588632065
49312,3036312,2017-01-14 16:16:25,0,0.08569914,0.032897497748595225,0.3213379,0.019042075483698646
49313,3036313,2017-01-14 16:16:34,0,0.05404765,0.025221126990704935,0.1981041,0.010307109614060088
49314,3036314,2017-01-14 16:17:00,0,0.037027825,0.02036350901943732,0.25873464,0.014290887148060493
49315,3036315,2017-01-14 16:17:20,0,0.01795172,0.01359361287337785,0.18750143,0.009662602288546084
49316,3036316,2017-01-14 16:17:29,0,0.021616144,0.015072079270347134,0.16365223,0.008262858810363998
49317,3036317,2017-01-14 16:17:35,0,0.0223358,0.015349335617602131,0.24069059,0.013048434582044131
49318,3036318,2017-01-14 16:17:42,0,0.034119364,0.019448938453448812,0.3326615,0.01998423130897434
49319,3036319,2017-01-14 16:18:23,0,0.37460262,0.08661746809143273,0.36174944,0.022538510484062177
49320,3036320,2017-01-14 16:18:30,0,0.008035274,0.008711562934784308,0.124253586,0.0060877785822374
49321,3036321,2017-01-14 16:18:43,0,0.28299055,0.07002933114883776,0.53754085,0.04384409144733942
49322,3036322,2017-01-14 16:18:46,0,0.14995356,0.04602863444739688,0.44752923,0.03143437263088377
49323,3036323,2017-01-14 16:19:01,0,0.043615922,0.02233249859717398,0.2871519,0.01635743032039011
49324,3036324,2017-01-14 16:19:05,0,0.011862496,0.010804861341458687,0.16045152,0.008080012672264717
49325,3036325,2017-01-14 16:19:14,0,0.086361095,0.03304587349321568,0.6084503,0.057088730368196304
49326,3036326,2017-01-14 16:20:03,0,0.57360977,0.12915988920995894,0.6340477,0.0629609940195632
49327,3036327,2017-01-14 16:20:28,0,0.053360306,0.025037974452835423,0.22108473,0.011754683598965051
49328,3036328,2017-01-14 16:20:29,0,0.11035774,0.03819852383676243,0.46873233,0.034021469851389735
49329,3036329,2017-01-14 16:20:33,0,0.033882715,0.019373131591862814,0.271721,0.015217907780482563
49330,3036330,2017-01-14 16:20:45,0,0.03070795,0.0183338779341043,0.24002063,0.013003282737731816
49331,3036331,2017-01-14 16:20:59,0,0.013501603,0.011607412332668482,0.29052296,0.01661210455831883
49332,3036332,2017-01-14 16:21:10,0,0.017949853,0.013592828188547222,0.19494043,0.010113307270579068
49333,3036333,2017-01-14 16:21:16,0,0.02910695,0.017792769585845972,0.2599389,0.014375666339319299
49334,3036334,2017-01-14 16:21:22,0,0.004305089,0.006173022562899982,0.06767778,0.003214640213169451
49335,3036335,2017-01-14 16:21:45,0,0.024922378,0.016315628876409877,0.3025665,0.01753946804731901
49336,3036336,2017-01-14 16:21:49,0,0.050232254,0.024192552618702217,0.27209422,0.015244972745447775
49337,3036337,2017-01-14 16:21:50,0,0.08244166,0.03216152812814209,0.34807485,0.02131273803939878
49338,3036338,2017-01-14 16:22:04,0,0.0077810367,0.008558219685040072,0.30612493,0.017818843927813764
49339,3036339,2017-01-14 16:22:08,0,0.0015011466,0.0034521555112148536,0.24972169,0.013663847659947367
49340,3036340,2017-01-14 16:22:13,0,0.029427249,0.01790200610211109,0.39418232,0.025639849721469047
49341,3036341,2017-01-14 16:22:16,0,0.0036076254,0.005599511750924986,0.13545765,0.0066901546791238034
49342,3036342,2017-01-14 16:22:20,0,0.05525381,0.025540356195432615,0.48745137,0.03646220544532405
49343,3036343,2017-01-14 16:22:20,0,0.018574515,0.013853512405248831,0.27362958,0.015356568311195057
49344,3036344,2017-01-14 16:22:45,0,0.011159973,0.010446019904699448,0.36369735,0.02271689043556177
49345,3036345,2017-01-14 16:22:58,0,0.0015355656,0.003495600178385573,0.25848147,0.014273094248093515
49346,3036346,2017-01-14 16:23:03,0,0.082428224,0.03215847255289138,0.3914171,0.025364069593031974
49347,3036347,2017-01-14 16:23:17,0,0.018289758,0.01373515677207367,0.22525689,0.012025302634812452
49348,3036348,2017-01-14 16:23:31,0,0.01229489,0.011021074787199716,0.29213792,0.016734858744889294
49349,3036349,2017-01-14 16:23:33,0,0.04650227,0.023156842616517504,0.28459984,0.016166020041739216
49350,3036350,2017-01-14 16:23:37,0,0.009074063,0.009316839489544473,0.32458174,0.019309138429076476
49351,3036351,2017-01-14 16:23:57,0,0.162414,0.04837976069298218,0.29538348,0.016983039493519866
49352,3036352,2017-01-14 16:23:57,0,0.010194388,0.009936095695407812,0.22409205,0.011949497861684434
49353,3036353,2017-01-14 16:24:13,0,0.09154315,0.03419444836775104,0.3195475,0.0188956289888661
49354,3036354,2017-01-14 16:24:16,0,0.019549029,0.014252729389307333,0.17858143,0.009131182898253877
49355,3036355,2017-01-14 16:24:18,0,0.07230043,0.029801971908480912,0.6285651,0.061643883120931095
49356,3036356,2017-01-14 16:24:19,0,0.09136589,0.03415552487314142,0.19919536,0.010374257550867195
49357,3036357,2017-01-14 16:24:25,0,0.010126854,0.009899648547204792,0.27060786,0.015137326756536187
49358,3036358,2017-01-14 16:24:54,0,0.024689008,0.01623026331791963,0.20574841,0.010780754857965178
49359,3036359,2017-01-14 16:24:59,0,0.027149111,0.017113706227881133,0.14326397,0.007117224937145543
49360,3036360,2017-01-14 16:25:00,0,0.090303086,0.03392162564997975,0.27547193,0.015491019066516058
49361,3036361,2017-01-14 16:25:19,0,0.061085094,0.027047456845433287,0.25984997,0.014369397514841275
49362,3036362,2017-01-14 16:25:23,0,0.035168316,0.0197823639204353,0.23249754,0.012500911644542497
49363,3036363,2017-01-14 16:25:37,0,0.0149332825,0.012273976820517318,0.45103827,0.03185030453060446
49364,3036364,2017-01-14 16:25:41,0,0.0016384504,0.0036229255834844885,0.39500868,0.025722695422472807
49365,3036365,2017-01-14 16:25:43,0,0.08360696,0.0324259373553957,0.29706353,0.017112293784387077
49366,3036366,2017-01-14 16:25:45,0,0.041165546,0.021615290898333712,0.20996873,0.011045563726546734
49367,3036367,2017-01-14 16:26:04,0,0.1032371,0.036710673048547575,0.29574725,0.017010980258546506
49368,3036368,2017-01-14 16:26:04,0,0.0007030074,0.0022714285365585075,0.36769235,0.023085761627968035
49369,3036369,2017-01-14 16:26:11,0,0.02856486,0.017606731534034865,0.7947559,0.12670042181816027
49370,3036370,2017-01-14 16:27:06,0,0.03831576,0.02075900808829919,0.258982,0.01430828176673419
49371,3036371,2017-01-14 16:27:14,0,0.0072556166,0.008234074948140699,0.63914555,0.06421690020594568
49372,3036372,2017-01-14 16:27:23,0,0.018023448,0.013623743201247221,0.28430077,0.016143667212398058
49373,3036373,2017-01-14 16:27:51,0,0.017540017,0.013419651678982424,0.26531443,0.01475703280136181
49374,3036374,2017-01-14 16:27:55,0,0.08809023,0.03343164490317944,0.26809606,0.014956278062700123
49375,3036375,2017-01-14 16:27:55,0,0.08644742,0.03306519388325099,0.26450393,0.014699222900003407
49376,3036376,2017-01-14 16:28:00,0,0.092089355,0.03431422575592442,0.32346803,0.019217193971710327
49377,3036377,2017-01-14 16:28:13,0,0.026351424,0.016831122812442683,0.4694592,0.034113398741509926
49378,3036378,2017-01-14 16:28:14,1,0.04506656,0.022749445321665843,0.23230423,0.012488114034735015
49379,3036379,2017-01-14 16:28:36,0,0.05074032,0.024331241537064296,0.21318938,0.01124926541303584
49380,3036380,2017-01-14 16:28:52,0,0.09006354,0.033868780775642336,0.20120136,0.010498095860068432
49381,3036381,2017-01-14 16:28:59,0,0.01991079,0.01439872677136764,0.37140515,0.02343227993153578
49382,3036382,2017-01-14 16:29:11,0,0.011870625,0.010808958120106809,0.3921576,0.02543770592556328
49383,3036383,2017-01-14 16:29:20,0,0.007092397,0.008131270385860569,0.23957764,0.012973464419672457
49384,3036384,2017-01-14 16:29:51,0,0.023398468,0.015751831031855745,0.41606566,0.027903459436383664
49385,3036385,2017-01-14 16:29:55,0,0.020554738,0.01465580285706125,0.32527083,0.01936616066109265
49386,3036386,2017-01-14 16:30:01,0,0.048287697,0.023656554174379268,0.24735612,0.013501420142797881
49387,3036387,2017-01-14 16:30:02,0,0.010658191,0.010183575516040155,0.28151894,0.015936522978295137
49388,3036388,2017-01-14 16:30:22,0,0.032051142,0.018778790934168503,0.44491628,0.03112768077036794
49389,3036389,2017-01-14 16:30:34,0,0.0025504248,0.0046245636422372945,0.20520179,0.010746630759406723
49390,3036390,2017-01-14 16:30:34,0,0.055406827,0.025580660813171136,0.36648133,0.022973511430823865
49391,3036391,2017-01-14 16:31:03,0,0.10539642,0.03716511584853578,0.31376934,0.018427573747617967
49392,3036392,2017-01-14 16:31:08,0,0.009366419,0.009481558255420809,0.6339291,0.06293213542695911
49393,3036393,2017-01-14 16:31:10,0,0.011555399,0.010649185520552653,0.29107863,0.016654286009770168
49394,3036394,2017-01-14 16:31:25,0,0.025895275,0.016667899164594574,0.23237832,0.01249301816275426
49395,3036395,2017-01-14 16:31:31,0,0.0024927123,0.004566543157010506,0.19572319,0.010161138673963519
49396,3036396,2017-01-14 16:31:57,0,0.028602045,0.017619540454042185,0.37235868,0.023521856328403985
49397,3036397,2017-01-14 16:32:19,0,0.018414885,0.013787261799445855,0.19597775,0.01017671053980731
49398,3036398,2017-01-14 16:32:33,0,0.016246423,0.012861144554889868,0.509581,0.03955916673371404
49399,3036399,2017-01-14 16:32:40,0,0.0032388668,0.005276157455745985,0.19941315,0.010387677539823635
49400,3036400,2017-01-14 16:32:45,0,0.005053497,0.006743825809254572,0.22532332,0.01202963155674939
49401,3036401,2017-01-14 16:32:59,0,0.005868022,0.007323577497015171,0.27040094,0.015122371441440572
49402,3036402,2017-01-14 16:33:06,0,0.015321346,0.012449767121384583,0.24428445,0.013291817567440913
49403,3036403,2017-01-14 16:33:22,0,0.014368182,0.0120143735425616,0.567465,0.048967144478065265
49404,3036404,2017-01-14 16:33:27,0,0.0923537,0.03437211003147683,0.22651377,0.01210731603447376
49405,3036405,2017-01-14 16:33:31,0,0.051912535,0.02464916387574694,0.33716318,0.02036662318229301
49406,3036406,2017-01-14 16:33:36,0,0.0031400123,0.005186709132124121,0.43341824,0.029807905446724032
49407,3036407,2017-01-14 16:34:20,0,0.07074915,0.02943087715403523,0.6449907,0.06569545201024385
49408,3036408,2017-01-14 16:34:26,0,0.09405915,0.034744247289301276,0.255656,0.014075229521166495
49409,3036409,2017-01-14 16:34:39,0,0.015770262,0.012650713326798414,0.25764608,0.01421445732527148
49410,3036410,2017-01-14 16:34:49,0,0.047807366,0.023522849206938812,0.3706294,0.023359580368184255
49411,3036411,2017-01-14 16:34:51,0,0.008035419,0.008711649384786498,0.43268493,0.029725340578105344
49412,3036412,2017-01-14 16:35:14,0,0.011066179,0.01039736551323932,0.24877378,0.013598655631010845
49413,3036413,2017-01-14 16:35:32,0,0.012751454,0.011245770452184844,0.42533886,0.028908537275290018
49414,3036414,2017-01-14 16:35:32,0,0.010696911,0.010204019029461678,0.20749944,0.010890335714657126
49415,3036415,2017-01-14 16:35:43,0,0.013007867,0.011370411862681172,0.24346927,0.013236437560917394
49416,3036416,2017-01-14 16:36:09,0,0.06468263,0.0279500349790283,0.43512917,0.030001277299236944
49417,3036417,2017-01-14 16:36:34,0,0.033215232,0.019158120656956098,0.592178,0.053692934033332466
49418,3036418,2017-01-14 16:37:02,0,0.005320027,0.006937842091701673,0.29344168,0.016834315505611742
49419,3036419,2017-01-14 16:37:14,0,0.0111472085,0.010439409053061758,0.36489925,0.02282743524896194
49420,3036420,2017-01-14 16:37:34,0,0.007697417,0.008507299277408962,0.25764886,0.01421465167967657
49421,3036421,2017-01-14 16:38:16,0,0.016106432,0.012799560586451902,0.3918101,0.025403129164373494
49422,3036422,2017-01-14 16:38:21,0,0.005727267,0.007226091995260072,0.2754493,0.015489364710524017
49423,3036423,2017-01-14 16:38:33,0,0.009876423,0.009763545406962738,0.2959582,0.01702719405340974
49424,3036424,2017-01-14 16:38:37,0,0.06080651,0.026976739703014417,0.37831607,0.024086991489417425
49425,3036425,2017-01-14 16:39:04,0,0.0074554086,0.008358524081523093,0.23537059,0.012691765171687916
49426,3036426,2017-01-14 16:39:25,0,0.009637366,0.009632191840408918,0.28768763,0.016397762619002464
49427,3036427,2017-01-14 16:39:25,0,0.06707177,0.028539094713494303,0.48328105,0.03590491187835294
49428,3036428,2017-01-14 16:39:26,0,0.044783577,0.022668536771580563,0.5066174,0.03913019720727735
49429,3036429,2017-01-14 16:39:32,0,0.023773732,0.015892087182220346,0.29281712,0.01678663084504476
49430,3036430,2017-01-14 16:39:36,0,0.035792083,0.019978688502750915,0.2504813,0.013716192588239022
49431,3036431,2017-01-14 16:39:37,0,0.027037812,0.017074491562942693,0.26803172,0.014951654402222134
49432,3036432,2017-01-14 16:39:40,0,0.0026553166,0.004728528601655246,0.5603789,0.047698565909844955
49433,3036433,2017-01-14 16:39:46,0,0.0007377867,0.00233277363456896,0.25525692,0.014047386686992217
49434,3036434,2017-01-14 16:39:46,0,0.009053065,0.009304919146053898,0.3627709,0.022631929516939587
49435,3036435,2017-01-14 16:39:49,0,0.009793795,0.009718305011157512,0.22195159,0.011810707030402563
49436,3036436,2017-01-14 16:39:53,0,0.0017131461,0.0037131293155678448,0.2537863,0.013945007479773818
49437,3036437,2017-01-14 16:40:05,0,0.016305331,0.012886989823506686,0.44479653,0.03111368697810376
49438,3036438,2017-01-14 16:40:08,0,0.030924866,0.018406271430517464,0.33088934,0.019834935911089507
49439,3036439,2017-01-14 16:40:09,0,0.01359618,0.011652373466250622,0.4295559,0.029375150336571586
49440,3036440,2017-01-14 16:40:11,0,0.027343934,0.017182186329652877,0.602878,0.05589843705276682
49441,3036441,2017-01-14 16:40:27,0,0.02892135,0.01772924006609036,0.39448008,0.025669677803566736
49442,3036442,2017-01-14 16:40:29,0,0.03119082,0.01849474131516195,0.4080129,0.027053286210529864
49443,3036443,2017-01-14 16:40:35,0,0.033285193,0.019180740325277924,0.34579495,0.021112762070130763
49444,3036444,2017-01-14 16:40:43,0,0.015362881,0.012468466328959102,0.3073491,0.017915533949153538
49445,3036445,2017-01-14 16:40:52,0,0.021122348,0.014879537082599491,0.5068284,0.039160587994373115
49446,3036446,2017-01-14 16:41:05,0,0.05344623,0.02506091993930866,0.63514936,0.06322981161004163
49447,3036447,2017-01-14 16:41:41,0,0.042435206,0.02198900099420504,0.47494963,0.034815045461466756
49448,3036448,2017-01-14 16:41:42,0,0.007649294,0.00847788324324128,0.20405775,0.010675339633446529
49449,3036449,2017-01-14 16:41:45,0,0.012243576,0.010995592973171308,0.72036713,0.0894358563157938
49450,3036450,2017-01-14 16:41:57,0,0.04566549,0.022920019006204554,0.3546691,0.021898126688192382
49451,3036451,2017-01-14 16:42:02,0,0.02086316,0.014777699067363738,0.22400197,0.011943643934810386
49452,3036452,2017-01-14 16:42:09,0,0.0032924395,0.005324121512457608,0.26451623,0.014700099979429247
49453,3036453,2017-01-14 16:42:14,0,0.0032760066,0.0053094463869862605,0.15073462,0.007531823093339185
49454,3036454,2017-01-14 16:42:29,0,0.025353383,0.016472397682606266,0.2875742,0.016389218784173
49455,3036455,2017-01-14 16:42:31,0,0.0017059653,0.0037045353202013807,0.501565,0.038409281320507804
49456,3036456,2017-01-14 16:42:42,0,0.006497205,0.007747134809567993,0.35318658,0.021765604354167127
49457,3036457,2017-01-14 16:43:00,0,0.026374565,0.01683937143242516,0.38789463,0.025015960607231637
49458,3036458,2017-01-14 16:43:02,0,0.009295744,0.009441949877900726,0.3339537,0.02009353178823774
49459,3036459,2017-01-14 16:43:18,0,0.004727537,0.006500218058582419,0.2665471,0.01484516711377525
49460,3036460,2017-01-14 16:43:23,0,0.002998765,0.005056681517548856,0.8054167,0.133930403835916
49461,3036461,2017-01-14 16:43:24,0,0.0078118704,0.008576934515770053,0.16510133,0.008346019680337106
49462,3036462,2017-01-14 16:43:31,0,0.014912695,0.012264595198592595,0.30392084,0.017645504182903782
49463,3036463,2017-01-14 16:43:36,0,0.0067637195,0.007921000676348456,0.5513151,0.046127468475012916
49464,3036464,2017-01-14 16:43:37,0,0.0143997315,0.012028983686502154,0.25575656,0.01408224887573057
49465,3036465,2017-01-14 16:43:42,0,0.038803946,0.020907492015372474,0.60505193,0.05635931461939458
49466,3036466,2017-01-14 16:43:49,0,0.00492706,0.006650191315748525,0.4350919,0.02999705586435493
49467,3036467,2017-01-14 16:44:10,0,0.0009916433,0.002746258592400245,0.32834044,0.01962141773358049
49468,3036468,2017-01-14 16:44:17,0,0.0036415241,0.0056284764103229825,0.21217123,0.011184715945284794
49469,3036469,2017-01-14 16:44:26,0,0.023460334,0.015775019521409264,0.2633942,0.01462024988264213
49470,3036470,2017-01-14 16:44:35,0,0.0017448522,0.003750883214024458,0.4439871,0.031019234689643484
49471,3036471,2017-01-14 16:44:36,0,0.08799201,0.033409800880802386,0.28939244,0.0165264622053846
49472,3036472,2017-01-14 16:45:19,0,0.014655396,0.012146865576298228,0.6006007,0.05542037613361387
49473,3036473,2017-01-14 16:45:21,0,0.026705446,0.016956977449790946,0.5918116,0.05361920996207213
49474,3036474,2017-01-14 16:45:25,0,0.0012675897,0.0031446416551244518,0.14402372,0.007159122322802863
49475,3036475,2017-01-14 16:45:54,0,0.010864091,0.010291912799973097,0.66022784,0.06975655504126566
49476,3036476,2017-01-14 16:45:55,0,0.023761572,0.015887557483728967,0.2575512,0.014207804055465576
49477,3036477,2017-01-14 16:45:55,0,0.01790758,0.013575045814017871,0.61856675,0.0593272237359675
49478,3036478,2017-01-14 16:46:43,0,0.0061927293,0.007544565771345195,0.24074405,0.013052040841187471
49479,3036479,2017-01-14 16:46:44,0,0.039085355,0.02099273704579309,0.24112664,0.013077859238881828
49480,3036480,2017-01-14 16:46:45,0,0.012131691,0.010939868687742747,0.21655661,0.011463757777651006
49481,3036481,2017-01-14 16:46:49,0,0.021126553,0.014881185166579311,0.24132596,0.013091318809248534
49482,3036482,2017-01-14 16:47:23,0,0.005831095,0.00729810418214141,0.22088589,0.011741847880732
49483,3036483,2017-01-14 16:47:38,0,0.0032760857,0.005309517160374956,0.23951091,0.012968975551350214
49484,3036484,2017-01-14 16:47:38,0,0.007948199,0.008659289862492018,0.3189431,0.018846345070056055
49485,3036485,2017-01-14 16:47:40,0,0.09518341,0.03498835457962033,0.37249044,0.023534252680547627
49486,3036486,2017-01-14 16:47:42,0,0.001003806,0.0027647938792610426,0.6106735,0.05757193546981454
49487,3036487,2017-01-14 16:48:01,0,0.0068653673,0.007986505942940116,0.2176987,0.011536864855845689
49488,3036488,2017-01-14 16:48:06,0,0.0697155,0.029181964507018703,0.3529822,0.021747376355305156
49489,3036489,2017-01-14 16:48:08,0,0.0072690826,0.008242510375851709,0.46441337,0.03347980511948873
49490,3036490,2017-01-14 16:48:09,0,0.015655674,0.01259966090994613,0.21660489,0.01146684458957562
49491,3036491,2017-01-14 16:48:26,0,0.007100784,0.008136578498528748,0.27383777,0.015371732545318645
49492,3036492,2017-01-14 16:48:43,0,0.025157712,0.016401368388964135,0.4224656,0.028594065520649276
49493,3036493,2017-01-14 16:48:52,0,0.0025277992,0.004601888201542658,0.3405362,0.020656146972957735
49494,3036494,2017-01-14 16:48:55,0,0.0014405093,0.003374514826544491,0.098559305,0.004750307037623189
49495,3036495,2017-01-14 16:49:07,0,0.010450711,0.010073467484865506,0.389155,0.025140110116733762
49496,3036496,2017-01-14 16:49:11,0,0.034900475,0.019697622475781388,0.33204913,0.0199325630988797
49497,3036497,2017-01-14 16:49:30,0,0.0075137457,0.008394581095997654,0.22100788,0.01174972237047991
49498,3036498,2017-01-14 16:49:34,0,0.006490784,0.007742907435875009,0.2902919,0.01659458153238679
49499,3036499,2017-01-14 16:49:50,0,0.0066052503,0.007817996384405017,0.27965662,0.015798627031957602
49500,3036500,2017-01-14 16:49:52,0,0.0017150759,0.003715436152123957,0.52492714,0.04185588106672468
49501,3036501,2017-01-14 16:49:59,0,0.05427612,0.025281804917832603,0.6849862,0.07707411073605866
49502,3036502,2017-01-14 16:50:03,0,0.0014897891,0.0034377219070574703,0.3134423,0.018401287685343683
49503,3036503,2017-01-14 16:50:06,0,0.010174507,0.009925377341777876,0.23650031,0.012767148181204679
49504,3036504,2017-01-14 16:50:11,0,0.01051459,0.010107469912014083,0.83994836,0.16253721219007228
49505,3036505,2017-01-14 16:50:12,0,0.009841554,0.009744474607474449,0.2722463,0.015256008360396575
49506,3036506,2017-01-14 16:50:30,0,0.087399326,0.03327781396753234,0.32185918,0.019084840450686865
49507,3036507,2017-01-14 16:50:35,0,0.059516907,0.026647768000542874,0.5731154,0.05000520371703253
49508,3036508,2017-01-14 16:50:40,0,0.008680761,0.009091485265919875,0.20615515,0.010806172553638365
49509,3036509,2017-01-14 16:51:08,0,0.005254022,0.006890207090222497,0.12677364,0.006222206553627357
49510,3036510,2017-01-14 16:51:11,0,0.0008328465,0.002494130545918957,0.31514463,0.018538350348759145
49511,3036511,2017-01-14 16:51:16,0,0.012544748,0.01114448755452481,0.19763106,0.01027805016074261
49512,3036512,2017-01-14 16:51:17,0,0.003819627,0.005778713015073928,0.3726363,0.023547980666264175
49513,3036513,2017-01-14 16:51:44,0,0.011865464,0.010806357238459074,0.33119372,0.01986052813078017
49514,3036514,2017-01-14 16:51:47,0,0.0045671193,0.0063775749601766,0.30376223,0.01763306753160788
49515,3036515,2017-01-14 16:51:56,0,0.009921588,0.009788203549584701,0.16795613,0.008510545949938619
49516,3036516,2017-01-14 16:51:57,0,0.35362294,0.08273528137935969,0.54437536,0.04496184186504992
49517,3036517,2017-01-14 16:52:22,0,0.01547558,0.012519092429035813,0.39432985,0.02565462468424
49518,3036518,2017-01-14 16:52:24,0,0.0043335757,0.006195525480354144,0.20657699,0.01083255682759525
49519,3036519,2017-01-14 16:52:32,0,0.0038746807,0.0058245149704640765,0.2790788,0.01575596900100591
49520,3036520,2017-01-14 16:52:33,0,0.32991424,0.0784191423921822,0.5388754,0.04406005370839168
49521,3036521,2017-01-14 16:52:34,0,0.014879269,0.012249351248069204,0.2546028,0.01400180556725344
49522,3036522,2017-01-14 16:53:04,0,0.011764398,0.010755327986286197,0.39373833,0.025595419890560814
49523,3036523,2017-01-14 16:53:15,0,0.022590987,0.015446726110326785,0.26728034,0.014897713110061576
49524,3036524,2017-01-14 16:53:26,0,0.0095370915,0.009576665358339086,0.23593846,0.012729633633172638
49525,3036525,2017-01-14 16:53:38,0,0.011311738,0.010524364778606585,0.29311994,0.01680974157280966
49526,3036526,2017-01-14 16:53:41,0,0.033080287,0.019114434434632305,0.34683675,0.021203988362537077
49527,3036527,2017-01-14 16:54:04,0,0.15997529,0.04792281597492471,0.29019552,0.016587275111306955
49528,3036528,2017-01-14 16:54:27,0,0.009872334,0.009761310818414758,0.1935206,0.01002674611804369
49529,3036529,2017-01-14 16:54:30,0,0.049923614,0.024108032482429164,0.74866253,0.10141904274629673
49530,3036530,2017-01-14 16:54:39,0,0.0035831546,0.0055785270072728,0.21485019,0.011354863467437498
49531,3036531,2017-01-14 16:54:48,0,0.0031913132,0.005233283731324297,0.3851158,0.024743827701878034
49532,3036532,2017-01-14 16:54:56,0,0.022157164,0.01528087659382518,0.2692702,0.01504077576999059
49533,3036533,2017-01-14 16:55:03,0,0.01537434,0.012473621303832389,0.3699565,0.023296647038612322
49534,3036534,2017-01-14 16:55:17,0,0.030875767,0.01838990371683263,0.39055875,0.02527891646317962
49535,3036535,2017-01-14 16:55:24,0,0.019289685,0.01414734515770866,0.44490457,0.031126311803849158
49536,3036536,2017-01-14 16:55:39,0,0.008690208,0.009096950859524236,0.2758449,0.015518310353934618
49537,3036537,2017-01-14 16:55:40,0,0.35859904,0.08365022160768947,0.38736144,0.024963575565653106
49538,3036538,2017-01-14 16:55:41,0,0.005134857,0.006803525076869951,0.26320463,0.014606779572098045
49539,3036539,2017-01-14 16:55:48,0,0.0030177343,0.0050743011103502236,0.2586615,0.014285746130824676
49540,3036540,2017-01-14 16:55:53,0,0.0091536585,0.00936191521594072,0.28580645,0.016256369760527765
49541,3036541,2017-01-14 16:56:00,0,0.0023656772,0.004436666701270274,0.14099507,0.006992458013010685
49542,3036542,2017-01-14 16:56:10,0,0.012780648,0.011260016840097021,0.40978834,0.027238966033407766
49543,3036543,2017-01-14 16:56:16,0,0.0309457,0.018413213243813096,0.2298091,0.01232342657873439
49544,3036544,2017-01-14 16:56:18,0,0.01126748,0.010501566127624656,0.26069966,0.01442934707103205
49545,3036545,2017-01-14 16:56:32,0,0.007972642,0.00867398887309612,0.24627723,0.013427632016926773
49546,3036546,2017-01-14 16:56:41,0,0.017389592,0.013355649070785265,0.36836952,0.023148694319653006
49547,3036547,2017-01-14 16:56:50,0,0.007717176,0.008519353628511953,0.39931324,0.02615749894390003
49548,3036548,2017-01-14 16:56:58,0,0.02532592,0.016462442675396798,0.40336338,0.02657166130835227
49549,3036549,2017-01-14 16:57:06,0,0.03468743,0.019630025316389552,0.48338923,0.03591926804538162
49550,3036550,2017-01-14 16:57:55,0,0.0065274327,0.007767012346026769,0.7775093,0.11622434665447012
49551,3036551,2017-01-14 16:58:39,0,0.10305944,0.03667315189466346,0.29523814,0.01697188258504543
49552,3036552,2017-01-14 16:58:43,0,0.014988608,0.012299159867470271,0.3415314,0.020742066942199277
49553,3036553,2017-01-14 16:58:56,0,0.06575338,0.028215016504065823,0.23304208,0.012536990295855763
49554,3036554,2017-01-14 16:59:14,0,0.23875785,0.062194424070457166,0.3562671,0.022041573864765563
49555,3036555,2017-01-14 16:59:23,0,0.014406914,0.012032307781092723,0.28687695,0.01633675067160789
49556,3036556,2017-01-14 16:59:28,0,0.0468788,0.023262852807730015,0.76425695,0.10904688645692912
49557,3036557,2017-01-14 17:00:10,0,0.0072271507,0.008216220262317737,0.39326578,0.025548196153317736
49558,3036558,2017-01-14 17:00:50,0,0.008139463,0.008773780256780139,0.46590096,0.03366549624118245
49559,3036559,2017-01-14 17:01:40,0,0.030392792,0.018228314418660605,0.8098852,0.13715629309716476
49560,3036560,2017-01-14 17:01:46,0,0.019126045,0.014080534140811066,0.87092286,0.19798473507967373
49561,3036561,2017-01-14 17:01:46,0,0.035518263,0.019892681630485222,0.28484237,0.01618415927640513
49562,3036562,2017-01-14 17:01:46,0,0.008494752,0.008983330138867412,0.53607845,0.04360869860199504
49563,3036563,2017-01-14 17:01:52,0,0.008686721,0.009094933897114393,0.30508795,0.01773717199592083
49564,3036564,2017-01-14 17:02:04,0,0.017999858,0.013613839568128392,0.30790147,0.017959261959757708
49565,3036565,2017-01-14 17:02:06,0,0.013754909,0.011727524824214509,0.24948041,0.013647240272470064
49566,3036566,2017-01-14 17:02:16,0,0.023803081,0.015903016691839002,0.33715442,0.020365874478589438
49567,3036567,2017-01-14 17:02:23,0,0.00083823455,0.0025030219439026386,0.19377859,0.010042455310637311
49568,3036568,2017-01-14 17:02:25,0,0.0033924552,0.005412740197485646,0.40201914,0.026433651798850637
49569,3036569,2017-01-14 17:02:31,0,0.008460183,0.008963114027586814,0.30766806,0.017940777159545476
49570,3036570,2017-01-14 17:02:46,0,0.100550845,0.03614114330680569,0.3234685,0.01921723328100406
49571,3036571,2017-01-14 17:02:47,0,0.015981063,0.0127442104741518,0.452833,0.032064859649712424
49572,3036572,2017-01-14 17:02:57,0,0.0014789735,0.0034239310216673336,0.28039595,0.01585329714398294
49573,3036573,2017-01-14 17:03:00,0,0.0022033835,0.004266100070408594,0.17237414,0.008767005961507982
49574,3036574,2017-01-14 17:03:21,0,0.010380351,0.010035909221462348,0.33818266,0.02045385657108889
49575,3036575,2017-01-14 17:03:24,0,0.030043786,0.018110876243787863,0.3267273,0.01948702052460465
49576,3036576,2017-01-14 17:03:24,0,0.027352793,0.017185295246288024,0.5570704,0.047118510186988934
49577,3036577,2017-01-14 17:03:30,0,0.011544097,0.010643421855073118,0.30816424,0.01798008457322423
49578,3036578,2017-01-14 17:03:34,0,0.03152677,0.01860604574863049,0.28349394,0.016083443476066044
49579,3036579,2017-01-14 17:03:37,0,0.016543375,0.012991017105878864,0.35890287,0.02227955427950615
49580,3036580,2017-01-14 17:03:57,0,0.021864675,0.015168270946966163,0.32258523,0.019144500945352135
49581,3036581,2017-01-14 17:04:18,0,0.016843248,0.013121140241425213,0.4321774,0.02966830729780943
49582,3036582,2017-01-14 17:04:27,0,0.04162551,0.021751208181240947,0.6712264,0.07288969026225946
49583,3036583,2017-01-14 17:04:29,0,0.010298649,0.009992154700983634,0.27772573,0.015656306378640832
49584,3036584,2017-01-14 17:04:36,0,0.032007094,0.01876432576582336,0.17568354,0.008960600001578597
49585,3036585,2017-01-14 17:04:37,0,0.02315888,0.01566178027140964,0.32054493,0.018977130048479295
49586,3036586,2017-01-14 17:04:37,0,0.0023358525,0.004405725026116096,0.41067472,0.02733203577012894
49587,3036587,2017-01-14 17:04:42,0,0.030052777,0.018113908814891198,0.3172872,0.018711709142247693
49588,3036588,2017-01-14 17:04:59,0,0.0030188062,0.005075295313354882,0.2141862,0.011312600550304173
49589,3036589,2017-01-14 17:05:06,0,0.0023591411,0.004429900928653479,0.6019448,0.05570195859815102
49590,3036590,2017-01-14 17:05:34,0,0.006748492,0.007911149842143727,0.41176146,0.02744648169484415
49591,3036591,2017-01-14 17:05:50,0,0.0087569,0.009135459621527387,0.36413547,0.02275714431822846
49592,3036592,2017-01-14 17:05:53,0,0.0042220666,0.006107056932034468,0.8360451,0.15882580757094036
49593,3036593,2017-01-14 17:05:53,0,0.18284498,0.052156647903395595,0.6351415,0.0632278867834864
49594,3036594,2017-01-14 17:06:37,0,0.040353112,0.0213737064684126,0.3621044,0.022570943123241163
49595,3036595,2017-01-14 17:06:59,0,0.0048282067,0.0065762337299832465,0.40133992,0.02636412564234819
49596,3036596,2017-01-14 17:07:11,0,0.047110636,0.02332795659981872,0.7357883,0.09569743702722319
49597,3036597,2017-01-14 17:07:26,0,0.01004158,0.009853472973332156,0.2781682,0.0156888615239476
49598,3036598,2017-01-14 17:07:28,0,0.003164249,0.0052087550892372225,0.33320317,0.020030002026846246
49599,3036599,2017-01-14 17:07:31,0,0.005145227,0.006811103989438159,0.67261845,0.0732992010393807
49600,3036600,2017-01-14 17:07:32,0,0.009305106,0.009447204057255382,0.36180612,0.022543687770041194
49601,3036601,2017-01-14 17:07:47,0,0.004645842,0.006437997070339435,0.3217621,0.01907687281777575
49602,3036602,2017-01-14 17:08:26,0,0.012657219,0.011199686809987557,0.2081839,0.010933280808973714
49603,3036603,2017-01-14 17:09:05,0,0.2579794,0.06559927568137665,0.796309,0.127715099503351
49604,3036604,2017-01-14 17:09:09,0,0.006965649,0.008050708780839001,0.32988915,0.01975098091021384
49605,3036605,2017-01-14 17:09:09,0,0.008429948,0.00894540308254234,0.2956481,0.01700336192372268
49606,3036606,2017-01-14 17:09:29,0,0.0052489904,0.006886565014010191,0.13407242,0.006615012876271103
49607,3036607,2017-01-14 17:09:31,0,0.0134563185,0.011585835393034694,0.554889,0.04674022974966357
49608,3036608,2017-01-14 17:09:38,0,0.010573337,0.010138659832001037,0.29301125,0.016801444652684558
49609,3036609,2017-01-14 17:09:39,0,0.040214874,0.02133240414405299,0.70750797,0.08464727761325655
49610,3036610,2017-01-14 17:10:18,0,0.008615397,0.009053597523911964,0.15876295,0.00798400937579137
49611,3036611,2017-01-14 17:10:22,0,0.01508826,0.012344417528922836,0.20900005,0.010984571254804096
49612,3036612,2017-01-14 17:10:32,0,0.008972318,0.009258964092393277,0.31357065,0.01841160164378389
49613,3036613,2017-01-14 17:10:37,0,0.020571347,0.014662387230325442,0.38720345,0.0249480696398055
49614,3036614,2017-01-14 17:11:05,0,0.0073348545,0.00828361192920144,0.32086688,0.019003482235482115
49615,3036615,2017-01-14 17:11:18,0,0.11075614,0.03828088638117409,0.61615956,0.058785231826459824
49616,3036616,2017-01-14 17:11:22,0,0.014158554,0.011916938486367275,0.388192,0.02504521131955382
49617,3036617,2017-01-14 17:11:31,0,0.0016649219,0.00365509999066818,0.29763958,0.017156736307627755
49618,3036618,2017-01-14 17:11:36,0,0.0386575,0.020863030618462026,0.4232922,0.028684250315335006
49619,3036619,2017-01-14 17:11:41,0,0.016538272,0.012988793639663978,0.25728962,0.014189471287694369
49620,3036620,2017-01-14 17:12:12,0,0.02313913,0.015654339500791405,0.38405275,0.024640295950173044
49621,3036621,2017-01-14 17:12:15,0,0.014773708,0.012201111673397831,0.3921288,0.02543483728548862
49622,3036622,2017-01-14 17:12:29,0,0.04857369,0.02373591332682596,0.5630129,0.048165883532335654
49623,3036623,2017-01-14 17:12:50,0,0.023527494,0.015800162572196436,0.55973494,0.047585063193439185
49624,3036624,2017-01-14 17:12:53,0,0.15246226,0.04650540758927302,0.4219862,0.028541865744311928
49625,3036625,2017-01-14 17:13:10,0,0.0005325449,0.001948650134156451,0.26786327,0.014939553555714101
49626,3036626,2017-01-14 17:13:25,0,0.0120825,0.010915297814479344,0.3976028,0.0259840695443182
49627,3036627,2017-01-14 17:13:42,0,0.004625971,0.006422788840538374,0.63785696,0.06389653700312656
49628,3036628,2017-01-14 17:13:42,0,0.012888385,0.011312467851761281,0.4295785,0.02937766968129028
49629,3036629,2017-01-14 17:13:53,0,0.09954695,0.035927065400352,0.626697,0.0612028217547761
49630,3036630,2017-01-14 17:14:02,0,0.0017518697,0.003759197580161489,0.23029666,0.012355534913041193
49631,3036631,2017-01-14 17:14:10,0,0.039424766,0.021095219833466232,0.4849925,0.03613265327540038
49632,3036632,2017-01-14 17:14:25,0,0.006018642,0.0074267466935851725,0.35629863,0.02204441059367641
49633,3036633,2017-01-14 17:14:38,0,0.044958383,0.022718539835482044,0.5013627,0.03838068510269426
49634,3036634,2017-01-14 17:14:46,0,0.0070779533,0.008122122359656304,0.36959377,0.0232627725607811
49635,3036635,2017-01-14 17:14:47,0,0.0048860223,0.006619569973160153,0.29714277,0.017118403762386793
49636,3036636,2017-01-14 17:15:09,0,0.00653306,0.007770708401501568,0.21303542,0.011239495530845961
49637,3036637,2017-01-14 17:15:12,0,0.012053092,0.010900587183001468,0.42995068,0.029419146429603464
49638,3036638,2017-01-14 17:15:13,0,0.0072858245,0.008252988232366748,0.22394486,0.011939932690800226
49639,3036639,2017-01-14 17:15:14,0,0.009335129,0.009464038549853214,0.2819996,0.015972213993167138
49640,3036640,2017-01-14 17:15:14,0,0.03707065,0.020376749845640692,0.23641546,0.01276147990697039
49641,3036641,2017-01-14 17:15:20,0,0.029935336,0.018074266850525458,0.28553778,0.016236229135641253
49642,3036642,2017-01-14 17:15:24,0,0.011600369,0.010672094956559696,0.18965125,0.009792140179101516
49643,3036643,2017-01-14 17:15:30,0,0.010536655,0.01011919362238688,0.27421507,0.015399232349523312
49644,3036644,2017-01-14 17:15:36,0,0.021851635,0.015163235503431531,0.4070001,0.026947805510178394
49645,3036645,2017-01-14 17:15:47,0,0.00038852752,0.0016373555017169235,0.4604324,0.032987331278269846
49646,3036646,2017-01-14 17:16:01,0,0.26317847,0.06651949003463321,0.6887849,0.07828531435036454
49647,3036647,2017-01-14 17:16:02,0,0.019279327,0.014143123429426637,0.3342789,0.020121097722395922
49648,3036648,2017-01-14 17:16:32,0,0.008045547,0.00871771310669192,0.41663283,0.027964120250045115
49649,3036649,2017-01-14 17:16:49,0,0.027217923,0.017137917114681767,0.2940269,0.016879063461126474
49650,3036650,2017-01-14 17:17:05,0,0.0011952815,0.0030443698177270487,0.17317078,0.008813490206230835
49651,3036651,2017-01-14 17:17:21,0,0.02843353,0.017561437812449565,0.2543496,0.013984180601418702
49652,3036652,2017-01-14 17:17:22,0,0.0053826706,0.006982807513777959,0.14681673,0.007313662170453957
49653,3036653,2017-01-14 17:17:49,0,0.00337907,0.0054009487595340425,0.16553289,0.008370831304479935
49654,3036654,2017-01-14 17:18:03,0,0.01911298,0.014075189505989082,0.23636086,0.012757833032386447
49655,3036655,2017-01-14 17:18:14,0,0.057738114,0.0261895189041895,0.20327511,0.010626668843108634
49656,3036656,2017-01-14 17:18:30,0,0.0041717496,0.006066794702671108,0.2371553,0.012810941986396183
49657,3036657,2017-01-14 17:18:37,0,0.010162835,0.009919080191213151,0.15799381,0.00794038449852571
49658,3036658,2017-01-14 17:18:47,0,0.006228608,0.007568663384158082,0.3065275,0.017850607871462486
49659,3036659,2017-01-14 17:18:47,0,0.020127108,0.014485479964120357,0.35777953,0.022177919290293
49660,3036660,2017-01-14 17:18:57,0,0.041991126,0.021858812084138465,0.40607983,0.026852238024445408
49661,3036661,2017-01-14 17:19:06,0,0.21797615,0.05849702025067515,0.49822298,0.03793948107370836
49662,3036662,2017-01-14 17:19:10,0,0.015380441,0.01247636527428721,0.4269613,0.029087340540855277
49663,3036663,2017-01-14 17:19:14,0,0.014178157,0.011926076402258299,0.22203125,0.011815860739395738
49664,3036664,2017-01-14 17:19:27,1,0.0070522428,0.00810581799991626,0.66053355,0.06984126476608889
49665,3036665,2017-01-14 17:19:32,0,0.02304352,0.015618279598231736,0.52808017,0.04234407247681584
49666,3036666,2017-01-14 17:19:34,0,0.027345309,0.017182668775682197,0.4027999,0.02651374398747149
49667,3036667,2017-01-14 17:19:35,0,0.06698644,0.028518190938498684,0.32442757,0.01929639502227358
49668,3036668,2017-01-14 17:20:07,0,0.24040766,0.062487027993583105,0.5257262,0.041979059469895254
49669,3036669,2017-01-14 17:20:16,0,0.0024714838,0.004545050017746062,0.36138913,0.02250562017265968
49670,3036670,2017-01-14 17:20:27,0,0.011453567,0.01059716255992831,0.1816556,0.009313239385147208
49671,3036671,2017-01-14 17:20:38,0,0.16244364,0.048385305121863786,0.34373674,0.020933281987640866
49672,3036672,2017-01-14 17:20:41,0,0.009357287,0.009476447592322223,0.25854382,0.014277474997581224
49673,3036673,2017-01-14 17:20:42,1,0.0090505285,0.00930347810451985,0.75598174,0.1048973040703215
49674,3036674,2017-01-14 17:20:52,0,0.0064635174,0.007724933786118059,0.33888394,0.02051399990354056
49675,3036675,2017-01-14 17:21:19,0,0.015736911,0.012635871366727766,0.22889724,0.012263467938328361
49676,3036676,2017-01-14 17:21:35,0,0.004311174,0.006177835143052905,0.23572592,0.01271545500897351
49677,3036677,2017-01-14 17:21:48,0,0.009012615,0.009281920980199782,0.25805798,0.014243354659332495
49678,3036678,2017-01-14 17:22:05,0,0.08685881,0.033157180071468804,0.36338016,0.022687778533366447
49679,3036679,2017-01-14 17:22:06,0,0.001329864,0.003228959116566501,0.32055038,0.018977576265380883
49680,3036680,2017-01-14 17:22:06,0,0.01422359,0.011947234108081404,0.35757807,0.022159724813055368
49681,3036681,2017-01-14 17:22:10,0,0.0070071626,0.008077166349496725,0.36744156,0.023062484909026817
49682,3036682,2017-01-14 17:22:22,0,0.12581296,0.04133332226016586,0.56902826,0.0492519402083863
49683,3036683,2017-01-14 17:22:33,0,0.0822771,0.03212408500624104,0.413579,0.027638725019651634
49684,3036684,2017-01-14 17:22:37,0,0.009814043,0.009729406709079546,0.54329115,0.044782556995106894
49685,3036685,2017-01-14 17:22:45,0,0.0064799692,0.0077357824803856706,0.23622383,0.01274868198388305
49686,3036686,2017-01-14 17:23:25,0,0.04698282,0.023292079688445284,0.77020544,0.11218330404301295
49687,3036687,2017-01-14 17:23:47,0,0.0008695476,0.002554195484429203,0.46101913,0.03305950799337356
49688,3036688,2017-01-14 17:24:09,0,0.05382838,0.025162798192909137,0.25972277,0.014360433510521976
49689,3036689,2017-01-14 17:24:23,0,0.04803807,0.023587133897006868,0.383917,0.024627097829945602
49690,3036690,2017-01-14 17:24:24,0,0.013853436,0.011773981989945732,0.22245175,0.01184307964540284
49691,3036691,2017-01-14 17:25:04,0,0.03998236,0.021262803861587725,0.41565603,0.027859712379821006
49692,3036692,2017-01-14 17:25:09,0,0.052693952,0.02485953744490083,0.26178616,0.014506178392304399
49693,3036693,2017-01-14 17:25:12,0,0.08628917,0.03302976981375354,0.2544601,0.013991871582618876
49694,3036694,2017-01-14 17:25:47,0,0.0021625431,0.004222298936919958,0.5127577,0.040024096327430196
49695,3036695,2017-01-14 17:25:50,0,0.14085206,0.04428269499153771,0.349628,0.02144967442017339
49696,3036696,2017-01-14 17:26:41,0,0.02550014,0.016525517680996124,0.42366445,0.028724940059163234
49697,3036697,2017-01-14 17:26:45,0,0.008049471,0.008720061852156825,0.47397357,0.03468936384332767
49698,3036698,2017-01-14 17:27:05,0,0.0056589153,0.007178366840592362,0.34025088,0.020631555167658147
49699,3036699,2017-01-14 17:27:07,0,0.0073387856,0.00828606331910025,0.3468475,0.021204931789439514
49700,3036700,2017-01-14 17:27:10,0,0.038439948,0.02079685303627037,0.3166677,0.018661486670852972
49701,3036701,2017-01-14 17:27:16,0,0.0120958155,0.010921953104614196,0.2599959,0.014379685878919385
49702,3036702,2017-01-14 17:27:35,0,0.004249953,0.006129278515437086,0.23690733,0.012794354804289303
49703,3036703,2017-01-14 17:27:46,0,0.007005334,0.008076002382665332,0.16272114,0.008209550825552157
49704,3036704,2017-01-14 17:27:48,0,0.06996716,0.029242689584323685,0.4573565,0.032611202632578634
49705,3036705,2017-01-14 17:27:51,0,0.062993966,0.02752878203136436,0.63626415,0.06350327203355596
49706,3036706,2017-01-14 17:27:59,0,0.009226363,0.009402936960237626,0.25080708,0.013738669270397633
49707,3036707,2017-01-14 17:28:38,0,0.011250897,0.010493013355770145,0.25872242,0.014290028155892762
49708,3036708,2017-01-14 17:28:42,0,0.33089742,0.07859685339843175,0.4798232,0.0354488286007373
49709,3036709,2017-01-14 17:28:42,0,0.026284672,0.016807312448758865,0.25662208,0.014142736386162159
49710,3036710,2017-01-14 17:28:43,0,0.05105227,0.02441612520407008,0.23309097,0.012540231751295271
49711,3036711,2017-01-14 17:28:44,0,0.087150946,0.033222411467262764,0.30254912,0.01753811005020311
49712,3036712,2017-01-14 17:28:53,0,0.0154260425,0.012496859430746448,0.23580818,0.012720941552035831
49713,3036713,2017-01-14 17:28:58,0,0.0042315694,0.006114636605998575,0.16178434,0.00815601326685333
49714,3036714,2017-01-14 17:29:09,0,0.037495255,0.020507690016792826,0.30357027,0.01761802258016739
49715,3036715,2017-01-14 17:29:16,0,0.01248797,0.011116538753886882,0.3219454,0.019091919303710042
49716,3036716,2017-01-14 17:29:23,0,0.01317779,0.011452416102032549,0.28036863,0.015851274586111866
49717,3036717,2017-01-14 17:29:44,0,0.035963934,0.020032528409791965,0.31574193,0.018586582919301868
49718,3036718,2017-01-14 17:29:59,0,0.019838793,0.014369762678087032,0.45743522,0.032620780182263144
49719,3036719,2017-01-14 17:30:03,0,0.008841846,0.009184320488755296,0.17699021,0.009037392965818137
49720,3036720,2017-01-14 17:30:14,0,0.0075229323,0.008400247764433152,0.57345605,0.050068556649736466
49721,3036721,2017-01-14 17:31:04,0,0.069500595,0.029130044636465565,0.7398425,0.09744758001292496
49722,3036722,2017-01-14 17:31:35,0,0.053849533,0.0251684289643918,0.42145383,0.028483989196199846
49723,3036723,2017-01-14 17:31:41,0,0.00712247,0.008150290454384191,0.3704695,0.02334461602314126
49724,3036724,2017-01-14 17:32:05,0,0.06371018,0.027707958386319384,0.65312916,0.06782605041557936
49725,3036725,2017-01-14 17:32:24,0,0.049366485,0.023954941876801708,0.33716422,0.02036671231484476
49726,3036726,2017-01-14 17:33:03,0,0.039851535,0.021223570617164837,0.19528651,0.010134445240921124
49727,3036727,2017-01-14 17:33:03,0,0.042078003,0.021884325143474603,0.28818253,0.016435068064074607
49728,3036728,2017-01-14 17:33:07,0,0.23468882,0.06147230265844139,0.30170694,0.017472356420512248
49729,3036729,2017-01-14 17:33:10,0,0.09536758,0.03502825283395417,0.3934836,0.025569956385806537
49730,3036730,2017-01-14 17:33:29,0,0.01897397,0.014018223538113219,0.26164946,0.014496500760790875
49731,3036731,2017-01-14 17:33:38,0,0.0049418034,0.006661164533027945,0.4020943,0.02644135398289955
49732,3036732,2017-01-14 17:33:40,0,0.07870475,0.03130469956512681,0.88049823,0.2117022214109104
49733,3036733,2017-01-14 17:33:50,0,0.05964839,0.026681432045383757,0.43974286,0.03052793126358493
49734,3036734,2017-01-14 17:33:59,0,0.027426552,0.017211163922257855,0.34904784,0.02139845602731463
49735,3036735,2017-01-14 17:34:10,0,0.051729772,0.02459978227785987,0.29966173,0.017313251242012002
49736,3036736,2017-01-14 17:34:11,0,0.0075508384,0.008417442626895167,0.13929972,0.006899574457640981
49737,3036737,2017-01-14 17:34:17,0,0.015988376,0.012747444223072866,0.757105,0.1054466449029879
49738,3036738,2017-01-14 17:34:22,0,0.12736331,0.0416415485510201,0.56545746,0.04860405180719272
49739,3036739,2017-01-14 17:34:41,0,0.011179016,0.010455875960619547,0.22234474,0.011836150762435547
49740,3036740,2017-01-14 17:34:44,0,0.02675916,0.01697601113295743,0.35427257,0.021862629243224272
49741,3036741,2017-01-14 17:34:46,0,0.070370235,0.029339785941564462,0.53799975,0.04391822783477888
49742,3036742,2017-01-14 17:34:54,0,0.003560563,0.005559096689276654,0.6908798,0.07896421263323579
49743,3036743,2017-01-14 17:35:00,0,0.000617783,0.002115064690197429,0.5985932,0.055002878632399194
49744,3036744,2017-01-14 17:35:01,0,0.029951954,0.01807988032787409,0.2957465,0.01701092300528812
49745,3036745,2017-01-14 17:35:15,0,0.0017139853,0.0037141326550448575,0.2848381,0.01618384044343072
49746,3036746,2017-01-14 17:35:50,0,0.10026925,0.03608116324664648,0.24713103,0.013486011141413465
49747,3036747,2017-01-14 17:35:51,0,0.09854389,0.035712476589772425,0.65647364,0.06872697051595124
49748,3036748,2017-01-14 17:35:56,0,0.012082859,0.010915477075277725,0.23930487,0.01295511926051504
49749,3036749,2017-01-14 17:35:58,0,0.00033341098,0.0015047386884343254,0.33710963,0.020362047193602257
49750,3036750,2017-01-14 17:36:15,0,0.012219961,0.01098385002884678,0.39270627,0.025492365717370992
49751,3036751,2017-01-14 17:36:25,0,0.049117193,0.02388621945922174,0.32122687,0.01903297296599357
49752,3036752,2017-01-14 17:36:31,0,0.104209274,0.036915636826677166,0.31887624,0.018840896470483016
49753,3036753,2017-01-14 17:36:31,0,0.05236708,0.02477168598352241,0.30690914,0.01788075085809598
49754,3036754,2017-01-14 17:36:34,0,0.0067118183,0.007887384694888751,0.34625322,0.021152859482741447
49755,3036755,2017-01-14 17:36:41,0,0.03672883,0.020270890265235795,0.18644162,0.009598953724900045
49756,3036756,2017-01-14 17:36:59,1,0.0031983608,0.005239655698438681,0.50568986,0.03899686994389983
49757,3036757,2017-01-14 17:37:03,0,0.009008531,0.009279596541526061,0.38250554,0.024490172846239597
49758,3036758,2017-01-14 17:37:05,0,0.012431317,0.011088595594371826,0.37877935,0.024131339843973847
49759,3036759,2017-01-14 17:37:09,0,0.023872085,0.01592869020144967,0.8263024,0.15014538062279653
49760,3036760,2017-01-14 17:37:19,0,0.08052247,0.03172321575894671,0.25389218,0.01395236732624961
49761,3036761,2017-01-14 17:37:36,0,0.060077645,0.026791138736530322,0.28275314,0.01602825305005954
49762,3036762,2017-01-14 17:37:55,0,0.04733129,0.023389801714480258,0.3275287,0.01955371637700587
49763,3036763,2017-01-14 17:37:56,0,0.01082463,0.010271220571040424,0.267344,0.014902279383114475
49764,3036764,2017-01-14 17:38:02,0,0.03153585,0.018609046676829735,0.7181232,0.0885734428019659
49765,3036765,2017-01-14 17:38:11,0,0.08613648,0.032995570613324386,0.25041857,0.013711866151945244
49766,3036766,2017-01-14 17:38:13,0,0.029450867,0.01791004118943359,0.22017469,0.011695983526928376
49767,3036767,2017-01-14 17:38:32,0,0.3095614,0.07476074715015399,0.64939743,0.06683844526152065
49768,3036768,2017-01-14 17:38:34,0,0.031615235,0.01863527250298145,0.30383632,0.01763887629424242
49769,3036769,2017-01-14 17:38:45,0,0.0031650432,0.005209476204686832,0.17212541,0.008752507457396206
49770,3036770,2017-01-14 17:38:45,0,0.11810483,0.03978472317055379,0.22591172,0.01206800293499688
49771,3036771,2017-01-14 17:38:57,0,0.0027991454,0.0048681388068974795,0.28059095,0.015867732424266097
49772,3036772,2017-01-14 17:39:19,0,0.0005810019,0.0020446069235725657,0.3057325,0.017787910494020197
49773,3036773,2017-01-14 17:39:38,0,0.0024061815,0.00447840932009676,0.47849005,0.03527441859926113
49774,3036774,2017-01-14 17:39:47,0,0.012261148,0.01100432389887185,0.35812655,0.022209282594424666
49775,3036775,2017-01-14 17:40:01,0,0.06395123,0.027768091751519244,0.30491903,0.01772388806469516
49776,3036776,2017-01-14 17:40:09,0,0.01828903,0.013734853045874604,0.40441698,0.02668021706905531
49777,3036777,2017-01-14 17:40:29,0,0.001141725,0.0029683352485433863,0.3539084,0.021830060354183112
49778,3036778,2017-01-14 17:40:34,0,0.0030442104,0.005098810765815714,0.4765007,0.03501562034018511
49779,3036779,2017-01-14 17:40:35,0,0.019526076,0.014243426772404876,0.16613495,0.00840548171244986
49780,3036780,2017-01-14 17:40:37,0,0.003922259,0.00586386352740154,0.47775757,0.03517892653590904
49781,3036781,2017-01-14 17:40:51,1,0.024342611,0.016102916791913724,0.2832706,0.016066793966745957
49782,3036782,2017-01-14 17:40:55,0,0.0367259,0.020269981715508298,0.57418907,0.050205186742176826
49783,3036783,2017-01-14 17:40:57,0,0.0065308968,0.0077692876448630654,0.23806676,0.012871990764175473
49784,3036784,2017-01-14 17:41:10,0,0.008503102,0.008988207265232105,0.3068375,0.017875090068051564
49785,3036785,2017-01-14 17:41:11,0,0.0032848949,0.0053173880010793165,0.58881193,0.0530199618185224
49786,3036786,2017-01-14 17:41:20,0,0.0041575585,0.0060554002267748834,0.28041852,0.01585496690254765
49787,3036787,2017-01-14 17:41:40,0,0.004143185,0.00604384142868753,0.2220623,0.011817870023483331
49788,3036788,2017-01-14 17:41:42,0,0.005382622,0.006982772842241338,0.4990517,0.03805546021553304
49789,3036789,2017-01-14 17:41:43,0,0.018783731,0.013939969688558486,0.2322769,0.012486305275013461
49790,3036790,2017-01-14 17:41:43,0,0.15028177,0.04609111499447205,0.37115744,0.023409048035590862
49791,3036791,2017-01-14 17:42:01,0,0.011388542,0.010563836376786205,0.34554574,0.021090977865103354
49792,3036792,2017-01-14 17:42:15,0,0.0063711246,0.007663777806222675,0.284902,0.016188621055425425
49793,3036793,2017-01-14 17:42:19,0,0.020091292,0.014471143756872569,0.2461591,0.01341956441198056
49794,3036794,2017-01-14 17:42:27,0,0.01582852,0.012676606880967395,0.46602032,0.03368043509829443
49795,3036795,2017-01-14 17:42:29,0,0.016708903,0.013062969990752217,0.4815106,0.03567072225671898
49796,3036796,2017-01-14 17:42:43,0,0.0040862104,0.005997846585534254,0.11693182,0.0057006049006989344
49797,3036797,2017-01-14 17:42:51,0,0.009640078,0.009633690038381864,0.4686964,0.034016930064972146
49798,3036798,2017-01-14 17:43:08,0,0.0033504171,0.005375637035251856,0.30780524,0.017951639671050065
49799,3036799,2017-01-14 17:43:08,0,0.13160868,0.04248040995209908,0.45011017,0.03173983823545353
49800,3036800,2017-01-14 17:43:18,0,0.0014185382,0.0033460218961046174,0.49063462,0.03689301951468452
49801,3036801,2017-01-14 17:43:31,0,0.007913152,0.00863817824298035,0.20018923,0.01043554780389095
49802,3036802,2017-01-14 17:43:31,0,0.004717758,0.006492795648894488,0.174023,0.008863300689395125
49803,3036803,2017-01-14 17:43:33,0,0.044103526,0.022473259303037053,0.33210152,0.01993698035805744
49804,3036804,2017-01-14 17:43:41,0,0.023059785,0.015624418442788855,0.20448664,0.010702045489678673
49805,3036805,2017-01-14 17:43:48,0,0.007616419,0.008457740277571494,0.32854375,0.019638396634684155
49806,3036806,2017-01-14 17:44:58,0,0.02109056,0.01486707626508387,0.23152842,0.012436809387408971
49807,3036807,2017-01-14 17:45:09,0,0.0031454603,0.0051916713109322575,0.5725414,0.04989865236471648
49808,3036808,2017-01-14 17:45:12,0,0.003932472,0.0058722819642667585,0.7271557,0.09211819368675309
49809,3036809,2017-01-14 17:45:28,0,0.019953875,0.014416038032852251,0.31785268,0.018757621065262745
49810,3036810,2017-01-14 17:45:31,0,0.020416135,0.014600766798137606,0.26251885,0.014558100610288977
49811,3036811,2017-01-14 17:45:56,0,0.022699187,0.015487876950916206,0.48459977,0.03608027429080017
49812,3036812,2017-01-14 17:46:11,0,0.0019122007,0.00394525377203175,0.51970154,0.041059263185800186
49813,3036813,2017-01-14 17:46:11,0,0.00840786,0.008932446284910859,0.30421543,0.01766861697443166
49814,3036814,2017-01-14 17:46:14,0,0.007554731,0.008419838787939131,0.2540609,0.013964097505618894
49815,3036815,2017-01-14 17:46:36,0,0.028396098,0.01754851198696976,0.35045153,0.021522516102564636
49816,3036816,2017-01-14 17:47:09,0,0.005740873,0.00723556182243465,0.23083013,0.012390707624958542
49817,3036817,2017-01-14 17:47:10,0,0.0018494143,0.003873259882481415,0.19266532,0.009974726451557763
49818,3036818,2017-01-14 17:47:10,0,0.027413828,0.017206703565533468,0.72504574,0.09127244244903295
49819,3036819,2017-01-14 17:47:17,0,0.0057120025,0.00721545609468382,0.31683856,0.018675329928186747
49820,3036820,2017-01-14 17:47:20,0,0.0066345064,0.007837094915810939,0.30189124,0.017486733633827776
49821,3036821,2017-01-14 17:47:23,0,0.03519835,0.01979184940650346,0.37046745,0.02334442360831064
49822,3036822,2017-01-14 17:47:35,0,0.007531628,0.008405608846872536,0.3743298,0.023707791703254225
49823,3036823,2017-01-14 17:47:44,0,0.031886574,0.018724704659773394,0.40399542,0.02663674238578928
49824,3036824,2017-01-14 17:47:57,0,0.039855357,0.021224717590267957,0.34130013,0.020722080157606862
49825,3036825,2017-01-14 17:48:06,0,0.33718884,0.0797364779880949,0.64626235,0.066022747196017
49826,3036826,2017-01-14 17:48:26,0,0.012423563,0.01108476662961766,0.41333678,0.027613045835912807
49827,3036827,2017-01-14 17:48:54,0,0.0039148275,0.005857731613472073,0.4593135,0.03285007131957467
49828,3036828,2017-01-14 17:49:26,0,0.21098134,0.05724572849563164,0.6670089,0.0716670962530946
49829,3036829,2017-01-14 17:49:27,0,0.01032327,0.010005356466624548,0.3569235,0.022100678227040524
49830,3036830,2017-01-14 17:49:55,0,0.0076890336,0.008502180714457004,0.2882957,0.016443604387382463
49831,3036831,2017-01-14 17:49:59,0,0.017948778,0.01359237631304655,0.26302007,0.01459367078757746
49832,3036832,2017-01-14 17:50:04,0,0.023359785,0.015737318437318553,0.31588712,0.018598318895460868
49833,3036833,2017-01-14 17:50:05,0,0.024515258,0.01616648330052754,0.33349884,0.02005501397868984
49834,3036834,2017-01-14 17:50:21,0,0.03107313,0.018455630927984638,0.30944407,0.018081701135263393
49835,3036835,2017-01-14 17:50:34,0,0.0044846153,0.0063137486776852604,0.3102947,0.018149421327430644
49836,3036836,2017-01-14 17:50:38,0,0.0079594385,0.008666051266391694,0.26274192,0.014573926264572464
49837,3036837,2017-01-14 17:51:18,0,0.008307969,0.008873661177428811,0.6574031,0.0689800555528486
49838,3036838,2017-01-14 17:51:35,0,0.024030712,0.015987588979809775,0.29911822,0.017271106280074732
49839,3036839,2017-01-14 17:51:54,0,0.05550105,0.0256054580498607,0.33944395,0.02056210876624051
49840,3036840,2017-01-14 17:52:07,0,0.046153713,0.02305840296548102,0.38002163,0.024250548841306913
49841,3036841,2017-01-14 17:52:09,0,0.025915988,0.016675337089129914,0.75036675,0.1022136011125239
49842,3036842,2017-01-14 17:52:12,0,0.014151755,0.011913767487489565,0.8472483,0.1698762608760526
49843,3036843,2017-01-14 17:52:13,0,0.015778933,0.012654569742688852,0.41413903,0.027698174690145485
49844,3036844,2017-01-14 17:52:22,0,0.02979039,0.01802525092408015,0.26926467,0.015040376298938776
49845,3036845,2017-01-14 17:52:55,0,0.009628949,0.009627540680669705,0.47023854,0.034212209198453455
49846,3036846,2017-01-14 17:52:57,0,0.0055354848,0.007091527156018837,0.60535395,0.05642369348419421
49847,3036847,2017-01-14 17:53:06,0,0.05485286,0.02543453972839786,0.5121925,0.03994097979362043
49848,3036848,2017-01-14 17:53:08,0,0.02338667,0.01574740594704279,0.3403367,0.02063895077781798
49849,3036849,2017-01-14 17:53:09,0,0.009011695,0.009281397293398363,0.20319496,0.010621688821121463
49850,3036850,2017-01-14 17:53:19,0,0.015748031,0.012640821592992697,0.46047032,0.032991990502123106
49851,3036851,2017-01-14 17:53:36,0,0.00774616,0.008537011211601058,0.31903142,0.018853540891927416
49852,3036852,2017-01-14 17:53:41,0,0.012998504,0.011365879407970585,0.2924887,0.016761585861747967
49853,3036853,2017-01-14 17:53:44,0,0.0003828209,0.0016240346753322225,0.31732416,0.018714707570158973
49854,3036854,2017-01-14 17:53:44,0,0.020872032,0.014781193882591501,0.84233934,0.16488206474295025
49855,3036855,2017-01-14 17:53:57,0,0.012152653,0.010950326047221418,0.538089,0.04393265806325247
49856,3036856,2017-01-14 17:53:58,0,0.063934505,0.027763921790955767,0.32447705,0.01930048378698355
49857,3036857,2017-01-14 17:54:36,0,0.02975542,0.01801340980328753,0.4576709,0.03264947314472559
49858,3036858,2017-01-14 17:54:44,0,0.034731116,0.01964390055337503,0.27010185,0.01510076676060465
49859,3036859,2017-01-14 17:54:51,0,0.03125951,0.01851753996759026,0.33494624,0.020177738615014693
49860,3036860,2017-01-14 17:55:20,0,0.004048877,0.005967551992803049,0.28139406,0.015927257368853573
49861,3036861,2017-01-14 17:55:30,0,0.08671528,0.033125104385075065,0.73741853,0.09639569907341318
49862,3036862,2017-01-14 17:55:41,0,0.01005299,0.009859661731527011,0.33077207,0.01982508085560454
49863,3036863,2017-01-14 17:55:47,0,0.2631027,0.0665060808486323,0.446197,0.03127768442311382
49864,3036864,2017-01-14 17:56:18,0,0.012122082,0.010935072219571877,0.33701506,0.020353968861976362
49865,3036865,2017-01-14 17:56:18,0,0.02517908,0.016409136563587542,0.2984875,0.01722227093350688
49866,3036866,2017-01-14 17:56:33,0,0.04049395,0.021415726572012198,0.4498706,0.031711376017302534
49867,3036867,2017-01-14 17:56:42,0,0.07823967,0.03119707445327174,0.34240076,0.020817310796210103
49868,3036868,2017-01-14 17:56:57,0,0.15378402,0.04675588125120402,0.7386525,0.09692913569634143
49869,3036869,2017-01-14 17:57:02,0,0.057016738,0.026002144744114566,0.54980004,0.04587028746081864
49870,3036870,2017-01-14 17:57:07,1,0.281972,0.069848643781801,0.74267036,0.09869588003810618
49871,3036871,2017-01-14 17:57:11,0,0.0076689515,0.008489909147299914,0.21986544,0.011676063098608268
49872,3036872,2017-01-14 17:57:15,0,0.0052759834,0.006906085928639606,0.27746406,0.01563707070012576
49873,3036873,2017-01-14 17:57:35,0,0.0332947,0.019183812568798083,0.3001986,0.017354939289929747
49874,3036874,2017-01-14 17:57:47,0,0.022825424,0.01553578189993908,0.20874412,0.010968478035876528
49875,3036875,2017-01-14 17:57:54,0,0.0185721,0.01385251161151102,0.26036984,0.01440606254946898
49876,3036876,2017-01-14 17:58:10,0,0.08977617,0.03380532321924173,0.60713416,0.05680492902090231
49877,3036877,2017-01-14 17:58:22,0,0.022788258,0.015521690059476173,0.25386035,0.013950154832768201
49878,3036878,2017-01-14 17:58:22,0,0.009664159,0.009646985055520016,0.31168583,0.018260489835214538
49879,3036879,2017-01-14 17:58:26,0,0.022954894,0.015584796138367054,0.8570442,0.1806332833568325
49880,3036880,2017-01-14 17:59:00,0,0.016979825,0.013180069985473709,0.26507777,0.014740141390359911
49881,3036881,2017-01-14 17:59:04,0,0.03508389,0.01975568142292984,0.3030278,0.01757554532130264
49882,3036882,2017-01-14 17:59:26,0,0.014587945,0.012115853307004687,0.2719291,0.015232994453029955
49883,3036883,2017-01-14 17:59:48,0,0.012890229,0.011313363915787116,0.3180752,0.018775707466511797
49884,3036884,2017-01-14 17:59:51,0,0.007815105,0.00857889580990686,0.426752,0.029064223835164493
49885,3036885,2017-01-14 17:59:51,0,0.09019104,0.033896912696866725,0.7484111,0.10130259360006567
49886,3036886,2017-01-14 17:59:59,0,0.0036268202,0.005615927563833823,0.18130267,0.009292280339888456
49887,3036887,2017-01-14 18:00:02,0,0.0016327407,0.003615955284064274,0.15917704,0.008007523112636803
49888,3036888,2017-01-14 18:00:17,0,0.024900349,0.01630758522632146,0.37432492,0.023707329382099605
49889,3036889,2017-01-14 18:00:21,0,0.00989583,0.009774147250281239,0.30550876,0.0177702892030377
49890,3036890,2017-01-14 18:00:48,0,0.01638839,0.012923362051100184,0.44866785,0.03156882219684323
49891,3036891,2017-01-14 18:00:56,0,0.02012103,0.014483048006365634,0.45650133,0.03250729886442872
49892,3036892,2017-01-14 18:00:57,0,0.12254444,0.04068002883684085,0.24633288,0.013431434020864453
49893,3036893,2017-01-14 18:00:58,0,0.004969497,0.006681737138819484,0.22135474,0.011772122339916915
49894,3036894,2017-01-14 18:01:09,0,0.00049633795,0.0018743677990205577,0.361569,0.02252203403488165
49895,3036895,2017-01-14 18:01:39,0,0.04660504,0.023185810695529083,0.25679845,0.014155077081966186
49896,3036896,2017-01-14 18:01:42,0,0.008034145,0.008710886927742906,0.4009716,0.026326481586623075
49897,3036897,2017-01-14 18:01:49,0,0.00830991,0.008874806350697567,0.26448643,0.014697976344165373
49898,3036898,2017-01-14 18:02:00,0,0.011853187,0.010800168871704048,0.27529526,0.01547810047363842
49899,3036899,2017-01-14 18:02:01,0,0.01794272,0.01358982851780913,0.40586025,0.026829473459593793
49900,3036900,2017-01-14 18:02:25,0,0.014472113,0.01206244968397225,0.32714674,0.019521911187061175
49901,3036901,2017-01-14 18:02:29,0,0.006063445,0.007457212274923681,0.14577693,0.0072560339127064905
49902,3036902,2017-01-14 18:03:03,0,0.015729807,0.012632708060841947,0.653623,0.06795812458491968
49903,3036903,2017-01-14 18:03:08,0,0.008401418,0.008928664623424279,0.41273052,0.027548849427175153
49904,3036904,2017-01-14 18:03:14,0,0.084713995,0.03267595214304812,0.432334,0.02968589660885726
49905,3036905,2017-01-14 18:03:14,0,0.13763659,0.04365928927711808,0.32639995,0.019459816727075047
49906,3036906,2017-01-14 18:03:31,0,0.014840444,0.012231626321476261,0.48668253,0.036358860927998636
49907,3036907,2017-01-14 18:03:41,0,0.028802661,0.01768852335060143,0.28308386,0.016052879648467053
49908,3036908,2017-01-14 18:03:50,0,0.013246828,0.011485600840498607,0.33966622,0.02058122267476146
49909,3036909,2017-01-14 18:04:02,0,0.051186215,0.02445251068070938,0.30540162,0.01776185412102291
49910,3036910,2017-01-14 18:04:03,0,0.008653446,0.00907566791430898,0.35656324,0.022068226779694795
49911,3036911,2017-01-14 18:04:20,0,0.100607015,0.03615310118156272,0.3593746,0.022322329019569216
49912,3036912,2017-01-14 18:04:32,0,0.038688026,0.020872303840505806,0.19177039,0.009920394025152103
49913,3036913,2017-01-14 18:04:44,0,0.020214263,0.014520319128650023,0.33964914,0.020579753747344852
49914,3036914,2017-01-14 18:05:13,0,0.012443213,0.01109446760496214,0.3431947,0.020886179151045847
49915,3036915,2017-01-14 18:05:26,0,0.020716185,0.014719708169590178,0.41058874,0.02732299708593128
49916,3036916,2017-01-14 18:05:52,0,0.1906269,0.05357497576011264,0.2761735,0.015542374838576229
49917,3036917,2017-01-14 18:06:29,0,0.010241339,0.00996137148298858,0.22281188,0.011866411085582623
49918,3036918,2017-01-14 18:06:30,0,0.15151715,0.046326006220375276,0.2151327,0.01137286395144726
49919,3036919,2017-01-14 18:06:50,0,0.0016934839,0.0036895589907138403,0.4015366,0.026384245235771722
49920,3036920,2017-01-14 18:06:51,0,0.0034255139,0.005441773650476289,0.25986528,0.014370477239604053
49921,3036921,2017-01-14 18:06:51,0,0.023046838,0.015619531842538531,0.2667015,0.01485622276159501
49922,3036922,2017-01-14 18:07:00,0,0.0678531,0.028730043424471174,0.31936884,0.018881052113163856
49923,3036923,2017-01-14 18:07:00,0,0.027249152,0.017148896296725287,0.34148666,0.02073819997899899
49924,3036924,2017-01-14 18:07:05,0,0.02730773,0.01716947625965507,0.37292162,0.02357485264068915
49925,3036925,2017-01-14 18:07:25,0,0.1463881,0.04534780096037758,0.24212717,0.013145484114973703
49926,3036926,2017-01-14 18:07:52,0,0.010091325,0.009880430847774135,0.47784021,0.03518968851555316
49927,3036927,2017-01-14 18:08:05,0,0.03131314,0.01853532514398689,0.43311116,0.02977330761144925
49928,3036928,2017-01-14 18:08:21,0,0.1912012,0.05367927519156756,0.26109532,0.014457302956127658
49929,3036929,2017-01-14 18:08:23,0,0.054226138,0.025268538831395515,0.15657547,0.007860107932133828
49930,3036930,2017-01-14 18:08:29,0,0.036435146,0.02017961468974923,0.33616695,0.02028160633331958
49931,3036931,2017-01-14 18:08:52,0,0.01003127,0.009847878593145173,0.22436695,0.011967369922395197
49932,3036932,2017-01-14 18:09:06,0,0.02075409,0.014734680857840252,0.23410875,0.01260779103693332
49933,3036933,2017-01-14 18:09:09,0,0.047020443,0.023302643928131975,0.71395385,0.08700171204671837
49934,3036934,2017-01-14 18:09:54,0,0.008071316,0.008733126169624518,0.21202646,0.011175549546175572
49935,3036935,2017-01-14 18:10:09,0,0.019450722,0.014212854051950191,0.62752026,0.06139672223894035
49936,3036936,2017-01-14 18:10:12,0,0.035304803,0.019825444090085742,0.28180447,0.015957720573248905
49937,3036937,2017-01-14 18:10:13,0,0.02061346,0.014679071603315432,0.71215844,0.08633687158373193
49938,3036938,2017-01-14 18:10:21,0,0.016686808,0.0130533837082003,0.3176019,0.01873725082625761
49939,3036939,2017-01-14 18:10:22,0,0.020843118,0.014769801640852596,0.6294115,0.06184500968555691
49940,3036940,2017-01-14 18:11:09,0,0.0070835953,0.008125696675862248,0.15537277,0.007792208337315409
49941,3036941,2017-01-14 18:11:14,0,0.0044876835,0.006316131668348778,0.52829516,0.04237757030998573
49942,3036942,2017-01-14 18:11:23,0,0.04823308,0.02364137777816358,0.3828664,0.02452512846150789
49943,3036943,2017-01-14 18:11:24,0,0.016465008,0.01295684251845324,0.33447394,0.02013764054816214
49944,3036944,2017-01-14 18:11:29,0,0.045502286,0.022873627772370175,0.91662174,0.28258206852196627
49945,3036945,2017-01-14 18:11:29,0,0.00029782156,0.0014138188497172717,0.26206693,0.01452606450259308
49946,3036946,2017-01-14 18:11:32,0,0.037791513,0.02059869011217603,0.2820593,0.015976651717444477
49947,3036947,2017-01-14 18:11:33,0,0.01618899,0.012835907150526599,0.45162144,0.031919885009058055
49948,3036948,2017-01-14 18:11:59,0,0.005727096,0.00722597298738333,0.25329873,0.013911141872774486
49949,3036949,2017-01-14 18:12:00,0,0.03970861,0.021180648761792313,0.24932878,0.01363680792667399
49950,3036950,2017-01-14 18:12:04,0,0.0025354272,0.004609543149999375,0.613964,0.0582960499809601
49951,3036951,2017-01-14 18:12:11,0,0.010151837,0.009913143883042388,0.3931931,0.025540937874291354
49952,3036952,2017-01-14 18:12:22,0,0.012985846,0.011359750152691849,0.3164863,0.01864679525860083
49953,3036953,2017-01-14 18:12:26,0,0.059623197,0.026674983745226047,0.30629396,0.017832177660313468
49954,3036954,2017-01-14 18:12:30,0,0.02656311,0.016906462650460863,0.38530755,0.02476253596304223
49955,3036955,2017-01-14 18:12:39,0,0.011103128,0.010416554029467402,0.2760518,0.015533459207464035
49956,3036956,2017-01-14 18:12:42,0,0.08185058,0.03202691724615156,0.57582647,0.05051188658194858
49957,3036957,2017-01-14 18:12:46,0,0.008572013,0.00902837994135683,0.36986932,0.02328850300324384
49958,3036958,2017-01-14 18:12:58,0,0.008500425,0.008986643987527515,0.40124157,0.026354070226521344
49959,3036959,2017-01-14 18:13:29,0,0.009061428,0.009309667919677689,0.3527641,0.021727936891764443
49960,3036960,2017-01-14 18:13:37,0,0.030565564,0.018286241542272687,0.8451129,0.16767326826419782
49961,3036961,2017-01-14 18:13:43,0,0.011951736,0.010849765484749268,0.48145068,0.03566281927374682
49962,3036962,2017-01-14 18:14:00,0,0.018492486,0.01381949930711474,0.22674051,0.012122135126153762
49963,3036963,2017-01-14 18:14:10,0,0.036345713,0.020151759170170116,0.53268015,0.04306671972143804
49964,3036964,2017-01-14 18:14:28,0,0.04196382,0.021850788692408103,0.19193341,0.009930283549373588
49965,3036965,2017-01-14 18:15:04,0,0.018856967,0.013970135125302631,0.25314468,0.013900449846408128
49966,3036966,2017-01-14 18:15:06,0,0.03263532,0.01896985532418809,0.2484142,0.013573962712902211
49967,3036967,2017-01-14 18:15:20,0,0.01607788,0.012786971313983809,0.20944184,0.011012372622564848
49968,3036968,2017-01-14 18:15:24,0,0.014947485,0.01228044550922421,0.19740766,0.010264336471973586
49969,3036969,2017-01-14 18:15:35,0,0.00528982,0.006916075092291633,0.21911754,0.01162794122222885
49970,3036970,2017-01-14 18:16:13,0,0.017437197,0.013375930072978458,0.21027422,0.011064824980218125
49971,3036971,2017-01-14 18:16:22,0,0.0020064902,0.004051407941276809,0.16327456,0.00824122408754466
49972,3036972,2017-01-14 18:16:39,0,0.06990012,0.029226520578686147,0.27285713,0.015300372825259981
49973,3036973,2017-01-14 18:16:50,0,0.005406251,0.006999673038130573,0.213303,0.011256477652999022
49974,3036974,2017-01-14 18:17:06,0,0.06298198,0.02752577651004229,0.2776256,0.01564894368650395
49975,3036975,2017-01-14 18:17:16,0,0.023981482,0.01596932758518259,0.37072217,0.02336826638876032
49976,3036976,2017-01-14 18:17:25,0,0.15908004,0.04775469959421899,0.79981405,0.13005228514970266
49977,3036977,2017-01-14 18:18:02,0,0.009631682,0.00962905129558544,0.14638266,0.007289591216323736
49978,3036978,2017-01-14 18:18:05,0,0.058575533,0.0264059144264738,0.85163,0.17455108780953346
49979,3036979,2017-01-14 18:18:14,0,0.027458783,0.017222458793742443,0.38845658,0.025071258476981953
49980,3036980,2017-01-14 18:18:45,0,0.04225169,0.0219352678159481,0.48323113,0.03589828926896274
49981,3036981,2017-01-14 18:18:47,0,0.016864248,0.013130214536030978,0.27693036,0.015597874425234838
49982,3036982,2017-01-14 18:19:10,0,0.019450668,0.01421283211766925,0.3147752,0.018508555308626398
49983,3036983,2017-01-14 18:19:19,0,0.103521705,0.036770738668789084,0.56681865,0.048849919314812563
49984,3036984,2017-01-14 18:19:28,0,0.04204561,0.021874814254822156,0.82280743,0.1472184303375491
49985,3036985,2017-01-14 18:19:45,0,0.011835,0.010790995674218054,0.27413905,0.015393689120752438
49986,3036986,2017-01-14 18:19:56,0,0.01380064,0.011749105648597432,0.36086798,0.022458105375592806
49987,3036987,2017-01-14 18:20:09,0,0.07512768,0.03047099462905336,0.42858595,0.029267286600335812
49988,3036988,2017-01-14 18:20:13,0,0.18392518,0.05235410897555406,0.24473545,0.013322500639409289
49989,3036989,2017-01-14 18:20:16,0,0.07769621,0.03107102476560909,0.9092073,0.2648317379383177
49990,3036990,2017-01-14 18:20:20,0,0.037857935,0.02061905245182508,0.45577067,0.03241875246429431
49991,3036991,2017-01-14 18:20:30,0,0.01971153,0.0143184537098773,0.31360075,0.018414020776214953
49992,3036992,2017-01-14 18:21:01,0,0.04101279,0.02157001645259199,0.28543955,0.016228868755640405
49993,3036993,2017-01-14 18:21:06,0,0.019287836,0.014146591376717548,0.37897712,0.024150289480902528
49994,3036994,2017-01-14 18:21:11,0,0.05651633,0.025871631582786013,0.5345326,0.04336129311481829
49995,3036995,2017-01-14 18:21:27,0,0.037176505,0.020409450648424195,0.23403212,0.012602699596636319
49996,3036996,2017-01-14 18:21:35,0,0.066289395,0.028347064049905515,0.2905535,0.01661442196752749
49997,3036997,2017-01-14 18:21:42,0,0.051497716,0.02453698347444892,0.33480257,0.02016553539284328
49998,3036998,2017-01-14 18:21:51,0,0.18712083,0.05293714698647035,0.6604561,0.06981979819788675
49999,3036999,2017-01-14 18:22:16,0,0.047578104,0.023458844243449004,0.49305797,0.037224196164320066
