row_id,transaction_id,timestamp,label,xgb_probability,xgb_probability_calibrated,graphsage_probability,graphsage_probability_calibrated
8500,2995500,2017-01-03 22:32:48,0,0.001191562,0.032256837029529695,0.47420174,0.020542033933025353
8501,2995501,2017-01-03 22:33:24,0,0.0010179203,0.03255494339579514,0.47743243,0.02234517894232988
8502,2995502,2017-01-03 22:33:33,0,0.0071537746,0.029038321462759184,0.44780043,0.010252064457619283
8503,2995503,2017-01-03 22:33:40,0,8.5104555e-05,0.03761395363997937,0.46493208,0.016118011389012733
8504,2995504,2017-01-03 22:33:44,1,0.035795636,0.026377217697233925,0.55928856,0.1683561584430737
8505,2995505,2017-01-03 22:33:49,0,0.0007564992,0.033123849265546096,0.4647928,0.01605917499571091
8506,2995506,2017-01-03 22:33:49,0,0.25619507,0.02313864129935367,0.45291063,0.011740079116128791
8507,2995507,2017-01-03 22:33:54,0,0.0074778344,0.02896254512385463,0.44722366,0.010096130489620745
8508,2995508,2017-01-03 22:34:08,0,0.0049624313,0.02967043179524509,0.47172764,0.019257505241262053
8509,2995509,2017-01-03 22:34:22,0,0.00011168663,0.037025088643725695,0.45377466,0.012011640506187173
8510,2995510,2017-01-03 22:34:27,0,0.0035409618,0.030264469213055808,0.45832166,0.013544661624980157
8511,2995511,2017-01-03 22:34:52,0,0.0047770767,0.029736908718062813,0.45564547,0.01262075516001071
8512,2995512,2017-01-03 22:35:03,0,0.08836566,0.02493113740560977,0.47185394,0.019321146201239106
8513,2995513,2017-01-03 22:35:13,0,0.0012361223,0.03218772054098001,0.51346004,0.056174549959472526
8514,2995514,2017-01-03 22:35:24,0,0.0009990428,0.03259054662057241,0.53052145,0.08568050964618928
8515,2995515,2017-01-03 22:35:25,0,0.012358197,0.028114568012159762,0.45285216,0.01172191907775605
8516,2995516,2017-01-03 22:35:32,1,0.007912485,0.028866150986016043,0.45788705,0.01339026670589775
8517,2995517,2017-01-03 22:35:43,0,0.002291882,0.031046118603838217,0.4602612,0.014255070753322534
8518,2995518,2017-01-03 22:35:45,0,0.01596987,0.027689285688794446,0.46656147,0.016822000994915973
8519,2995519,2017-01-03 22:35:57,0,0.00046558105,0.03407471890848847,0.44275644,0.008964130652446913
8520,2995520,2017-01-03 22:36:19,0,0.065278284,0.025416205252250593,0.455608,0.01260826810374131
8521,2995521,2017-01-03 22:36:28,0,0.0010324415,0.0325280273165103,0.46115568,0.014594798971033785
8522,2995522,2017-01-03 22:36:29,0,0.0019671884,0.0313250103458858,0.46545056,0.01633885367482169
8523,2995523,2017-01-03 22:36:41,0,0.00778606,0.02889360402525665,0.48416975,0.02661264837113447
8524,2995524,2017-01-03 22:36:55,0,0.00026092748,0.0352431662830839,0.4600967,0.014193433531868924
8525,2995525,2017-01-03 22:37:01,0,0.0011300805,0.03235681503767928,0.47940624,0.023521420333304875
8526,2995526,2017-01-03 22:37:02,0,0.00880337,0.02868484771551098,0.4551772,0.012465523874381984
8527,2995527,2017-01-03 22:37:19,0,0.0041526514,0.029982678617552366,0.47280392,0.019806412377541053
8528,2995528,2017-01-03 22:37:42,0,0.005955714,0.02935362078268189,0.4725822,0.019692100698027414
8529,2995529,2017-01-03 22:38:50,0,0.003908332,0.03008962689672131,0.4786823,0.023083203252801485
8530,2995530,2017-01-03 22:38:51,0,0.009153693,0.02861877090132822,0.46606946,0.016606331572542595
8531,2995531,2017-01-03 22:38:56,0,0.0021574958,0.031156152476855978,0.47628176,0.021686011620942025
8532,2995532,2017-01-03 22:39:06,1,0.005616693,0.029455061891404982,0.4806298,0.02428048382988628
8533,2995533,2017-01-03 22:39:13,0,0.00015428671,0.03633659437918025,0.45676526,0.012999625790950601
8534,2995534,2017-01-03 22:39:16,0,0.00018424164,0.035963758311101504,0.5223757,0.07014621323451864
8535,2995535,2017-01-03 22:40:03,0,0.001821536,0.03146632764208291,0.46086988,0.014485402033238023
8536,2995536,2017-01-03 22:40:55,0,0.013064125,0.028022017191339718,0.4824813,0.025474424446831317
8537,2995537,2017-01-03 22:41:02,0,0.02672656,0.026848175421287368,0.4503395,0.010966868731326183
8538,2995538,2017-01-03 22:41:15,0,0.0009177484,0.032752437580574674,0.47365585,0.020251647521275253
8539,2995539,2017-01-03 22:41:34,0,0.008874614,0.028671189303713103,0.45942086,0.013942929291667818
8540,2995540,2017-01-03 22:41:57,0,0.0029084147,0.03061579186459982,0.4818754,0.025077574961779696
8541,2995541,2017-01-03 22:41:58,0,0.0007669905,0.03309724273200035,0.45283794,0.011717508157758788
8542,2995542,2017-01-03 22:41:59,0,0.0039006097,0.03009312106711869,0.4542756,0.012171877509588097
8543,2995543,2017-01-03 22:42:26,0,0.005739806,0.02941749755957455,0.47270533,0.019755507331972042
8544,2995544,2017-01-03 22:42:39,0,0.00079555216,0.033026710935328746,0.5358062,0.09738554654085388
8545,2995545,2017-01-03 22:42:49,0,0.016847765,0.02760110280239283,0.45545813,0.012558430174759931
8546,2995546,2017-01-03 22:43:14,0,0.005723312,0.029422480854749192,0.5489955,0.1330947664072723
8547,2995547,2017-01-03 22:43:38,0,0.0012006721,0.032242487196185346,0.4581587,0.013486568124344234
8548,2995548,2017-01-03 22:43:42,0,0.023952557,0.027025862100449292,0.5167246,0.0609553965499397
8549,2995549,2017-01-03 22:43:47,0,0.0024218366,0.030946000552248644,0.47744042,0.022349821605839183
8550,2995550,2017-01-03 22:43:52,0,0.001559253,0.031753769126848796,0.45712662,0.01312423251746193
8551,2995551,2017-01-03 22:44:01,0,6.525316e-05,0.03819803800637205,0.44770053,0.010224889310390489
8552,2995552,2017-01-03 22:44:04,0,0.00021428191,0.035649271545741504,0.47224262,0.019518279289171426
8553,2995553,2017-01-03 22:44:15,0,0.003678635,0.030196799701303106,0.5592382,0.16816634112855106
8554,2995554,2017-01-03 22:44:20,0,0.0007092046,0.033248833144632256,0.4653645,0.01630198993148342
8555,2995555,2017-01-03 22:44:29,0,0.002673484,0.03076729635268978,0.47422007,0.020551853593850835
8556,2995556,2017-01-03 22:44:30,0,0.00058481016,0.033624890722907544,0.5165547,0.0606974514540664
8557,2995557,2017-01-03 22:45:02,0,0.0011715787,0.03228872380393505,0.47194612,0.019367721937275883
8558,2995558,2017-01-03 22:45:24,0,0.0013142857,0.03207260582234539,0.4592086,0.01386514718280019
8559,2995559,2017-01-03 22:45:32,0,0.00012128949,0.03684815312253584,0.45911497,0.01383096662350305
8560,2995560,2017-01-03 22:45:34,0,0.0015461935,0.031769389135863906,0.47534937,0.021165760922714744
8561,2995561,2017-01-03 22:45:45,0,0.0023004068,0.031039369600601358,0.45340407,0.011894423756662362
8562,2995562,2017-01-03 22:46:23,0,0.03298939,0.026508452988861758,0.4838885,0.026419696662863142
8563,2995563,2017-01-03 22:47:30,0,0.0017834387,0.03150526170725302,0.45214182,0.01150347799973131
8564,2995564,2017-01-03 22:47:34,0,0.00030644517,0.034914902194778705,0.46994054,0.018378566624055286
8565,2995565,2017-01-03 22:47:38,0,0.0013025712,0.032089390810434174,0.52835125,0.08125795589624446
8566,2995566,2017-01-03 22:47:47,0,0.00073434884,0.03318132652930298,0.4630042,0.015322024006038324
8567,2995567,2017-01-03 22:47:54,0,0.0062395236,0.02927326171236402,0.46228874,0.015036464273098266
8568,2995568,2017-01-03 22:47:58,0,0.0009788689,0.03262938815507074,0.4811902,0.024636017916944048
8569,2995569,2017-01-03 22:48:09,0,0.097882785,0.02476635842806899,0.45831093,0.01354082940836551
8570,2995570,2017-01-03 22:48:14,0,0.00031233788,0.0348762132774343,0.537317,0.10098855633804595
8571,2995571,2017-01-03 22:48:58,0,0.00016100895,0.03624664458444811,0.46451378,0.01594195374074781
8572,2995572,2017-01-03 22:49:13,0,0.00018313908,0.035976310350417096,0.48462954,0.02693103454383543
8573,2995573,2017-01-03 22:49:38,0,0.0052836565,0.029561185018262173,0.46169233,0.01480238859418653
8574,2995574,2017-01-03 22:49:50,0,0.012234797,0.028131312489481468,0.51169574,0.053740430924060896
8575,2995575,2017-01-03 22:49:58,0,0.011327074,0.0282601915673301,0.47314718,0.019984652865048396
8576,2995576,2017-01-03 22:50:00,0,0.0018015484,0.031486645969384976,0.5346736,0.09476110205930642
8577,2995577,2017-01-03 22:50:25,0,0.0021031338,0.031202732624407124,0.4611565,0.014595108103037775
8578,2995578,2017-01-03 22:50:28,0,0.00071236724,0.03324020440897585,0.46564326,0.016421682906143507
8579,2995579,2017-01-03 22:50:30,0,0.0013611796,0.03200695983668946,0.5228803,0.07102697455506499
8580,2995580,2017-01-03 22:50:54,0,0.008491066,0.028746120873356668,0.46720058,0.017106224450414622
8581,2995581,2017-01-03 22:51:08,0,0.0013968957,0.031958542790042115,0.4740878,0.020481094480076942
8582,2995582,2017-01-03 22:51:27,0,0.011160867,0.028284956948796673,0.4716791,0.019233097198704995
8583,2995583,2017-01-03 22:51:31,0,0.02975296,0.026674824246083167,0.46690804,0.016975552176684023
8584,2995584,2017-01-03 22:52:15,0,0.038460203,0.02626199978645038,0.46058273,0.014376295675278466
8585,2995585,2017-01-03 22:52:48,0,0.000108899294,0.037079466055936074,0.46189836,0.014882844556375235
8586,2995586,2017-01-03 22:52:48,0,0.00035594028,0.034611878539022166,0.46824902,0.01758263071067041
8587,2995587,2017-01-03 22:53:27,0,0.019499782,0.02736117912918902,0.49473268,0.03493176618508538
8588,2995588,2017-01-03 22:54:01,0,0.0063232356,0.029250291446913705,0.46382278,0.015655215190446936
8589,2995589,2017-01-03 22:54:02,0,0.0021279096,0.0311813479189387,0.48219293,0.025284801751948017
8590,2995590,2017-01-03 22:54:05,0,0.00049631594,0.03394801982034081,0.4624371,0.015095247954821832
8591,2995591,2017-01-03 22:54:06,0,0.00063546037,0.03346242960110962,0.46101922,0.014542464556675964
8592,2995592,2017-01-03 22:54:08,0,0.00447238,0.029852317763518904,0.4772563,0.022243035320097762
8593,2995593,2017-01-03 22:54:10,0,0.004920526,0.02968522977067255,0.48352787,0.026174256570919315
8594,2995594,2017-01-03 22:54:36,1,0.0010607556,0.032476675483839736,0.47347566,0.020156676085762503
8595,2995595,2017-01-03 22:54:40,0,0.0766452,0.02515944803303418,0.49762896,0.037619118329813836
8596,2995596,2017-01-03 22:54:47,0,0.0032368815,0.03042430520117467,0.45892563,0.013762105306592491
8597,2995597,2017-01-03 22:54:49,0,0.0011478296,0.032327374236542285,0.47885606,0.02318765051854011
8598,2995598,2017-01-03 22:54:55,0,0.015356059,0.027753995358943413,0.47022906,0.018517778358112386
8599,2995599,2017-01-03 22:54:56,0,0.12934156,0.02431290468089784,0.45068437,0.011067625988375107
8600,2995600,2017-01-03 22:55:15,0,0.0004967623,0.033946241473678765,0.4735177,0.020178785815209488
8601,2995601,2017-01-03 22:55:15,0,0.015187815,0.027772203363862626,0.46541855,0.01632513518979646
8602,2995602,2017-01-03 22:55:25,1,0.0005626933,0.03370055109301465,0.536441,0.09888518350830888
8603,2995603,2017-01-03 22:55:42,0,0.14351335,0.024141311621104684,0.46909893,0.0179782655731808
8604,2995604,2017-01-03 22:55:45,0,0.049856033,0.025846697337693236,0.49864927,0.03861229377031845
8605,2995605,2017-01-03 22:55:55,0,0.0036773733,0.030197407673993495,0.47701746,0.022105251258375442
8606,2995606,2017-01-03 22:56:09,0,0.0030515871,0.03052966084792973,0.4807837,0.024377623135523642
8607,2995607,2017-01-03 22:56:09,0,0.014182603,0.027885572688490724,0.46651044,0.016799509858211065
8608,2995608,2017-01-03 22:56:19,0,0.008592713,0.0287259223021485,0.46924198,0.01804570228273149
8609,2995609,2017-01-03 22:56:23,0,0.004436336,0.02986651466348664,0.4688326,0.017853372945371895
8610,2995610,2017-01-03 22:56:25,0,0.007486949,0.028960463910441867,0.48181897,0.02504093092371774
8611,2995611,2017-01-03 22:56:41,0,0.0042978716,0.029922204720043328,0.47980815,0.023768183030555758
8612,2995612,2017-01-03 22:56:46,0,0.0035315007,0.03026922087825014,0.4576818,0.01331794879675562
8613,2995613,2017-01-03 22:57:13,0,0.0027247195,0.030733089714271244,0.46492118,0.016113396616824826
8614,2995614,2017-01-03 22:57:38,0,0.0009817128,0.032623861767448095,0.44546905,0.009635820020848118
8615,2995615,2017-01-03 22:57:43,0,0.01989248,0.02732856141582733,0.45752966,0.013264588569777582
8616,2995616,2017-01-03 22:57:44,0,0.028473267,0.026745802487992503,0.53724575,0.10081602793850081
8617,2995617,2017-01-03 22:57:45,0,0.007533485,0.028949879566236295,0.4838864,0.026418250120214922
8618,2995618,2017-01-03 22:58:14,0,0.003622713,0.030223959578895652,0.46841112,0.017657427686011258
8619,2995619,2017-01-03 22:58:48,1,0.010033651,0.028463835492996123,0.45924672,0.01387908444844092
8620,2995620,2017-01-03 22:59:38,0,0.002020774,0.03127577851324532,0.47573215,0.021377859368664775
8621,2995621,2017-01-03 22:59:45,0,0.0006400464,0.033448400264719354,0.4653428,0.016292710185111275
8622,2995622,2017-01-03 22:59:47,0,0.036973607,0.02632523721556788,0.47109088,0.01893974694500302
8623,2995623,2017-01-03 22:59:47,0,0.0015631106,0.0317491815081823,0.49551645,0.03564020279288326
8624,2995624,2017-01-03 22:59:47,0,0.002758534,0.030710883347126745,0.48245454,0.02545676832721264
8625,2995625,2017-01-03 23:00:39,0,0.04069733,0.026171383695371746,0.47310278,0.019961507745933558
8626,2995626,2017-01-03 23:01:06,0,0.037084833,0.0263204168009717,0.4568226,0.013019321262619878
8627,2995627,2017-01-03 23:02:03,0,0.022248521,0.027145895968425253,0.4757734,0.021400836705880444
8628,2995628,2017-01-03 23:02:26,0,0.008723169,0.028700362939174724,0.45866817,0.013669000901035604
8629,2995629,2017-01-03 23:02:34,1,0.010201372,0.028435924623737837,0.49738577,0.037386044252251
8630,2995630,2017-01-03 23:02:38,0,0.01258876,0.028083745475035695,0.4712427,0.019015039875696076
8631,2995631,2017-01-03 23:03:15,0,0.0066541396,0.029162518930235547,0.4543576,0.012198299709691104
8632,2995632,2017-01-03 23:03:23,0,0.004314735,0.029915322057245272,0.4728305,0.019820160687070983
8633,2995633,2017-01-03 23:03:25,0,0.0034787792,0.030295947330095503,0.46636838,0.01673703812467635
8634,2995634,2017-01-03 23:03:32,0,0.0005129642,0.03388280506312188,0.5353179,0.09624615144813037
8635,2995635,2017-01-03 23:03:34,0,0.030450722,0.026637434019701135,0.47162113,0.019203993756560005
8636,2995636,2017-01-03 23:03:44,0,0.0034938313,0.030288273615795457,0.47183368,0.019310921069138714
8637,2995637,2017-01-03 23:03:44,0,0.037041876,0.026322276730112868,0.46801636,0.01747580729942029
8638,2995638,2017-01-03 23:03:57,0,0.110263206,0.024573521357533178,0.4867763,0.028466987023598275
8639,2995639,2017-01-03 23:04:19,0,5.3561056e-05,0.0386378749985625,0.44871923,0.010505328407892464
8640,2995640,2017-01-03 23:04:25,0,0.0035289442,0.030270507128872557,0.4757422,0.0213834520773161
8641,2995641,2017-01-03 23:04:32,0,0.013205487,0.028004112520799207,0.49111405,0.03183301480964289
8642,2995642,2017-01-03 23:05:07,0,0.09818373,0.024761402348800258,0.4613607,0.014673765311357346
8643,2995643,2017-01-03 23:05:09,0,0.020533916,0.02727669430927861,0.4718856,0.019337125976216486
8644,2995644,2017-01-03 23:05:09,0,0.0025535417,0.030850153695133675,0.45022058,0.010932335379753888
8645,2995645,2017-01-03 23:05:10,0,0.1772991,0.023786408134669743,0.47733778,0.022290231111880096
8646,2995646,2017-01-03 23:05:13,0,0.003768497,0.03015405401872807,0.48377877,0.026344781191941467
8647,2995647,2017-01-03 23:05:23,0,0.008983607,0.028650514500694425,0.46478397,0.01605545598620803
8648,2995648,2017-01-03 23:05:29,0,0.0055738036,0.02946835194431715,0.46777827,0.01736714699468996
8649,2995649,2017-01-03 23:05:32,0,0.0032858865,0.03039750299431478,0.48653564,0.028290677515832148
8650,2995650,2017-01-03 23:05:58,0,0.013109112,0.028016297311864315,0.47628465,0.021687643761390017
8651,2995651,2017-01-03 23:06:02,0,0.0015338939,0.03178422812388901,0.48961392,0.030627648977265488
8652,2995652,2017-01-03 23:06:05,0,0.004546895,0.02982334599261854,0.48246932,0.02546651901667628
8653,2995653,2017-01-03 23:06:14,0,0.00028019547,0.035097357014828225,0.45816344,0.013488253953621852
8654,2995654,2017-01-03 23:06:30,0,0.2207251,0.02340673438353026,0.47018477,0.018496343444810378
8655,2995655,2017-01-03 23:06:33,0,0.1385818,0.024199205191957094,0.4475448,0.01018266930873643
8656,2995656,2017-01-03 23:07:05,0,0.0026342422,0.030793966123260894,0.47340775,0.020120989605121445
8657,2995657,2017-01-03 23:07:09,0,0.029794157,0.026672591792946156,0.4661958,0.01666145076812292
8658,2995658,2017-01-03 23:07:17,0,0.068655595,0.025335584730220788,0.45958525,0.014003463387523084
8659,2995659,2017-01-03 23:07:23,0,0.004707385,0.029762608315480162,0.46754384,0.01726080168346913
8660,2995660,2017-01-03 23:07:29,0,0.0006320143,0.03347304219591031,0.45073736,0.011083186688367042
8661,2995661,2017-01-03 23:07:40,0,0.0023885043,0.030971129993768724,0.47360173,0.020223075961179775
8662,2995662,2017-01-03 23:07:56,0,0.00295709,0.030586017404942226,0.47806334,0.022714811815211802
8663,2995663,2017-01-03 23:08:15,0,0.0017513393,0.03153875338128977,0.461461,0.014712556118900851
8664,2995664,2017-01-03 23:08:26,0,0.007597768,0.028935371025137963,0.4725874,0.019694782105487304
8665,2995665,2017-01-03 23:08:33,0,0.0033251434,0.03037633436659092,0.47911522,0.023344295658014453
8666,2995666,2017-01-03 23:08:58,0,0.008828972,0.02867992630424504,0.46528858,0.016269546021677236
8667,2995667,2017-01-03 23:09:35,0,0.0005473731,0.0337548246225412,0.46533328,0.016288645542042703
8668,2995668,2017-01-03 23:10:14,0,0.0035637093,0.030253099147416085,0.47598773,0.021520625655126503
8669,2995669,2017-01-03 23:10:37,0,0.0025863145,0.030827113040607673,0.46500427,0.01614858200462019
8670,2995670,2017-01-03 23:11:02,0,0.001550049,0.031764763190518956,0.44794822,0.010292396814396105
8671,2995671,2017-01-03 23:11:15,0,0.017034998,0.027582915073178,0.47778714,0.022552266267316524
8672,2995672,2017-01-03 23:12:34,0,0.03403554,0.026458238407549906,0.4945351,0.03475531836047157
8673,2995673,2017-01-03 23:12:52,0,0.008842134,0.028677401865028495,0.46212068,0.01497014414402901
8674,2995674,2017-01-03 23:12:52,0,0.013524379,0.02796444682688719,0.49183998,0.0324326040141433
8675,2995675,2017-01-03 23:12:59,0,0.054273013,0.025711097011749617,0.4732608,0.02004398580868953
8676,2995676,2017-01-03 23:13:01,0,0.0021752457,0.0311412110941395,0.46369335,0.015602066693579901
8677,2995677,2017-01-03 23:13:11,0,0.0033266416,0.030375531675819335,0.5343272,0.09397141647494187
8678,2995678,2017-01-03 23:13:34,0,0.0026254137,0.030800023900412334,0.4657924,0.016486064205056435
8679,2995679,2017-01-03 23:13:49,0,0.0056678895,0.02943933664034943,0.5379605,0.10255945995763388
8680,2995680,2017-01-03 23:13:57,0,0.0021721935,0.031143771168144593,0.4635695,0.015551371070514469
8681,2995681,2017-01-03 23:14:04,0,0.033062533,0.026504889504063614,0.47090355,0.018847234697944523
8682,2995682,2017-01-03 23:14:20,0,0.009854969,0.02849411327455869,0.45716527,0.013137630230843609
8683,2995683,2017-01-03 23:14:29,0,0.049906053,0.025845095078251612,0.48672676,0.028430612338147417
8684,2995684,2017-01-03 23:14:35,0,0.0057490934,0.029414698306776763,0.453676,0.011980320420245105
8685,2995685,2017-01-03 23:14:50,0,0.000490627,0.03397083537509146,0.52187324,0.06927931810040724
8686,2995686,2017-01-03 23:14:50,0,0.0010163931,0.032557797794654675,0.47228163,0.019538172722817118
8687,2995687,2017-01-03 23:15:12,0,0.0030611635,0.03052405259319289,0.46912768,0.01799180345492447
8688,2995688,2017-01-03 23:15:25,0,0.03134552,0.02659075330812791,0.49710587,0.03711949714741365
8689,2995689,2017-01-03 23:15:31,0,0.09508181,0.024813197754397644,0.4952485,0.03539646459881814
8690,2995690,2017-01-03 23:15:37,0,0.040800486,0.026167328468751735,0.45704842,0.013097167865262462
8691,2995691,2017-01-03 23:15:50,0,0.044493113,0.026028638209397926,0.45724982,0.013166982227107117
8692,2995692,2017-01-03 23:15:57,0,0.037575893,0.02629930969631081,0.4845178,0.02685332947105903
8693,2995693,2017-01-03 23:16:54,0,0.01083618,0.028334469569132815,0.4731348,0.0199781882503638
8694,2995694,2017-01-03 23:16:56,0,0.03789353,0.02628580618247605,0.44677028,0.009975177538684992
8695,2995695,2017-01-03 23:16:59,0,0.019328056,0.02737565775454942,0.46453354,0.015950227676563622
8696,2995696,2017-01-03 23:17:06,0,0.0017411354,0.03154953565986774,0.45368487,0.011983136062882326
8697,2995697,2017-01-03 23:17:31,0,0.08458738,0.02500134753387382,0.45863938,0.01365862830223592
8698,2995698,2017-01-03 23:17:34,0,0.0030738134,0.030516672597992765,0.46655726,0.016820147522924416
8699,2995699,2017-01-03 23:17:51,1,0.0014979651,0.031828304476662954,0.5648151,0.1902649615733433
8700,2995700,2017-01-03 23:18:01,0,0.012668522,0.02807321969899604,0.4743921,0.020644237129122063
8701,2995701,2017-01-03 23:18:02,0,0.016116465,0.027674214669796037,0.47370088,0.02027545032154454
8702,2995702,2017-01-03 23:18:03,0,0.0027901584,0.030690373294607526,0.48733306,0.02887897000424955
8703,2995703,2017-01-03 23:18:29,0,0.0023332126,0.03101364148195556,0.50698674,0.047723775357454964
8704,2995704,2017-01-03 23:18:30,0,0.0024922404,0.030894100261192343,0.4792153,0.023405059108254106
8705,2995705,2017-01-03 23:18:44,1,0.18445188,0.023718900665772164,0.48863733,0.029866750995418245
8706,2995706,2017-01-03 23:18:44,0,0.0014158976,0.03193331321991472,0.46781063,0.017381879263574058
8707,2995707,2017-01-03 23:19:06,1,0.0021833521,0.03113442998346973,0.48565546,0.02765478004826396
8708,2995708,2017-01-03 23:19:07,0,0.004357803,0.029897871928160687,0.51295865,0.05547239851457267
8709,2995709,2017-01-03 23:19:16,0,0.016988408,0.027587421322213687,0.4520348,0.011470912989454511
8710,2995710,2017-01-03 23:19:42,0,0.0013503709,0.03202187677076797,0.50092214,0.040915921062954434
8711,2995711,2017-01-03 23:19:44,1,0.007367799,0.028987881923948952,0.48977685,0.03075640095676017
8712,2995712,2017-01-03 23:19:57,0,0.0038609274,0.03011119208486627,0.46294665,0.01529886121952984
8713,2995713,2017-01-03 23:20:04,0,0.006459981,0.02921344764056767,0.4652731,0.01626294266228174
8714,2995714,2017-01-03 23:20:23,0,0.0029136369,0.030612572445863604,0.45067593,0.01106515119242201
8715,2995715,2017-01-03 23:20:28,1,0.007307823,0.029001859900079117,0.5579777,0.1634726682566253
8716,2995716,2017-01-03 23:21:03,0,0.01600127,0.027686045569223595,0.47389495,0.02037834518579935
8717,2995717,2017-01-03 23:22:31,0,0.0039211432,0.030083846076906656,0.5474105,0.12826949192828485
8718,2995718,2017-01-03 23:22:35,0,0.00011901848,0.03688862699428844,0.45932186,0.013906595735605678
8719,2995719,2017-01-03 23:22:49,0,0.005379123,0.029530060660243548,0.4831675,0.0259312044633148
8720,2995720,2017-01-03 23:22:59,0,0.008651401,0.02871437391100293,0.46342793,0.015493626005462046
8721,2995721,2017-01-03 23:23:42,0,0.00084119587,0.032919365808248835,0.49476355,0.03495941556928075
8722,2995722,2017-01-03 23:23:42,0,0.00052089774,0.03385250966520563,0.45699063,0.013077203411016557
8723,2995723,2017-01-03 23:24:00,0,6.2934254e-05,0.038278278806216155,0.44905952,0.010600663097737297
8724,2995724,2017-01-03 23:24:07,0,7.474915e-05,0.03789818735120368,0.4561268,0.012782274720031874
8725,2995725,2017-01-03 23:24:23,0,0.0011925271,0.0322553113963952,0.4544852,0.01223953767865323
8726,2995726,2017-01-03 23:24:26,0,0.00014069045,0.03653189834776685,0.45218867,0.011517762007759934
8727,2995727,2017-01-03 23:24:51,0,0.005358427,0.029536758556348866,0.4500342,0.010878420124438777
8728,2995728,2017-01-03 23:24:55,0,0.00073050056,0.03319149871377756,0.45426866,0.012169642204042704
8729,2995729,2017-01-03 23:25:24,0,0.056475576,0.025647565698375438,0.4650251,0.016157415304867553
8730,2995730,2017-01-03 23:25:53,0,0.0005866337,0.0336187878734661,0.49806774,0.038043185338630284
8731,2995731,2017-01-03 23:25:56,0,0.00024929622,0.03533679693060371,0.45902467,0.013798082168766594
8732,2995732,2017-01-03 23:26:02,0,0.0013709245,0.03199361779084668,0.4728895,0.019850711371030283
8733,2995733,2017-01-03 23:26:11,0,0.0033236125,0.030377154914367557,0.47613677,0.02160430495535376
8734,2995734,2017-01-03 23:26:12,0,0.00040601325,0.03434757223474192,0.45749423,0.013252190414975735
8735,2995735,2017-01-03 23:26:21,0,0.0005856759,0.03362199088789738,0.46628252,0.01669939211022373
8736,2995736,2017-01-03 23:26:27,0,0.012088895,0.02815133951623908,0.46478495,0.01605587056400642
8737,2995737,2017-01-03 23:26:34,0,0.00033489647,0.03473491152687212,0.46084952,0.014477641299788225
8738,2995738,2017-01-03 23:26:39,0,0.0017427903,0.03154778237479082,0.46601084,0.016580815199908325
8739,2995739,2017-01-03 23:26:40,0,0.0002578945,0.035267150203844515,0.47104618,0.018917631155004656
8740,2995740,2017-01-03 23:26:57,0,0.00024941747,0.03533579729582953,0.4864459,0.028225205929069748
8741,2995741,2017-01-03 23:27:23,0,0.0006613349,0.03338463550822799,0.48192638,0.025110740595793223
8742,2995742,2017-01-03 23:27:32,0,0.002228129,0.031097445857946007,0.49507558,0.03524002938027436
8743,2995743,2017-01-03 23:28:47,0,0.00026049622,0.035246558574632054,0.45254296,0.011626343144685816
8744,2995744,2017-01-03 23:28:54,0,0.001373762,0.031989751674701944,0.45932418,0.013907447783769827
8745,2995745,2017-01-03 23:29:10,0,0.0014250978,0.031921225826413144,0.46560237,0.016404073564267724
8746,2995746,2017-01-03 23:29:18,0,0.00026310256,0.03522614689363289,0.458644,0.013660292126349822
8747,2995747,2017-01-03 23:29:20,0,0.0011996827,0.032244040109560085,0.49642557,0.03647925046879841
8748,2995748,2017-01-03 23:29:20,0,0.0020068514,0.031288436333557997,0.50004995,0.04001676610650481
8749,2995749,2017-01-03 23:29:29,0,0.00030841716,0.034901868195574004,0.47794807,0.022646835723662242
8750,2995750,2017-01-03 23:29:57,0,0.0012104316,0.03222724142975992,0.46395782,0.01571085214358225
8751,2995751,2017-01-03 23:30:09,0,0.0012021724,0.03224013509413476,0.4489587,0.010572329228620702
8752,2995752,2017-01-03 23:30:36,0,0.00016441669,0.036202548675213025,0.4618841,0.014877267751889406
8753,2995753,2017-01-03 23:30:38,0,0.0010431594,0.032508415949167625,0.4559583,0.012725503724579916
8754,2995754,2017-01-03 23:30:59,0,0.0005935342,0.033595873669606195,0.5267846,0.0781970279467461
8755,2995755,2017-01-03 23:31:08,0,0.0018043726,0.03148376061450261,0.45830724,0.01353950966706806
8756,2995756,2017-01-03 23:32:22,0,0.0024273898,0.03094184937788264,0.47521067,0.021089412797279557
8757,2995757,2017-01-03 23:32:26,0,0.0031762908,0.030458041241632535,0.5686907,0.20693188156865489
8758,2995758,2017-01-03 23:32:30,0,0.0011365485,0.03234603037044822,0.4651491,0.016210095442716226
8759,2995759,2017-01-03 23:33:23,0,0.012405282,0.02810822496381458,0.4678199,0.017386100410927884
8760,2995760,2017-01-03 23:33:26,0,0.0015745889,0.031735601526059726,0.49615684,0.03622927884041676
8761,2995761,2017-01-03 23:33:39,0,0.0036516625,0.0302098448655875,0.46088934,0.014492825671536362
8762,2995762,2017-01-03 23:33:49,0,0.00019934976,0.03579933315968779,0.4694687,0.018153093554552604
8763,2995763,2017-01-03 23:33:50,0,0.00065612356,0.03340004240758775,0.4931096,0.03350754561098169
8764,2995764,2017-01-03 23:33:54,0,0.0009069528,0.0327750684193259,0.5670077,0.1995605331285894
8765,2995765,2017-01-03 23:33:59,0,0.001496825,0.03182972126019804,0.4559988,0.01273912679232169
8766,2995766,2017-01-03 23:34:00,0,0.0003308538,0.03475948040713755,0.5240238,0.07306100682791375
8767,2995767,2017-01-03 23:34:34,0,0.00033011526,0.034764003025188735,0.4674206,0.017205152288088173
8768,2995768,2017-01-03 23:35:01,0,0.06564138,0.02540734197302896,0.47526717,0.021120484045487938
8769,2995769,2017-01-03 23:35:03,1,0.016343348,0.027651168486598314,0.47428283,0.02058551448792596
8770,2995770,2017-01-03 23:35:14,0,0.00031793438,0.034840176171546784,0.4882866,0.029597977926412344
8771,2995771,2017-01-03 23:36:03,0,0.0015861108,0.031722074661292864,0.46670273,0.01688442492056556
8772,2995772,2017-01-03 23:36:19,0,0.0013144065,0.03207243350349491,0.45093814,0.011142341092203176
8773,2995773,2017-01-03 23:36:21,0,0.002659717,0.030776605393028948,0.47101903,0.018904211750305527
8774,2995774,2017-01-03 23:37:12,0,5.0840892e-05,0.038754786023124446,0.454818,0.012347721572417454
8775,2995775,2017-01-03 23:37:13,1,0.0007578261,0.033120462720640315,0.482114,0.025233127538769922
8776,2995776,2017-01-03 23:37:29,0,0.0003001261,0.03495727310785913,0.45445487,0.012229721506985184
8777,2995777,2017-01-03 23:37:49,1,0.003582147,0.030243939290951302,0.47740477,0.0223291100819609
8778,2995778,2017-01-03 23:38:00,0,0.0027159243,0.030738913228181886,0.47250906,0.01965453704061435
8779,2995779,2017-01-03 23:38:01,0,0.00037565661,0.034503384417598905,0.47653085,0.021827083203593067
8780,2995780,2017-01-03 23:38:01,0,0.0007307126,0.033190936728586626,0.47339967,0.020116750146055472
8781,2995781,2017-01-03 23:38:07,0,0.010120571,0.0284493105395105,0.48230615,0.02535908802258469
8782,2995782,2017-01-03 23:38:08,0,0.0037394948,0.030167731394741038,0.48394623,0.026459190379196997
8783,2995783,2017-01-03 23:38:21,1,0.0058231554,0.029392543838409425,0.48022753,0.024028343256169732
8784,2995784,2017-01-03 23:39:28,0,0.0004945921,0.033954903958017625,0.5641108,0.18735255528339562
8785,2995785,2017-01-03 23:39:31,0,0.00031299604,0.03487194004851973,0.46606484,0.016604319491628588
8786,2995786,2017-01-03 23:39:56,0,0.0010958716,0.03241496080002242,0.4833,0.026020315049832283
8787,2995787,2017-01-03 23:40:15,0,0.0024336015,0.030937217847861704,0.45764205,0.013303984970102125
8788,2995788,2017-01-03 23:40:25,0,0.000110900764,0.03704027362677167,0.45261866,0.011649671585735627
8789,2995789,2017-01-03 23:40:34,0,0.010312368,0.028417716477653742,0.46138746,0.014684104389605372
8790,2995790,2017-01-03 23:40:38,0,0.0009466025,0.03269330320863131,0.47069982,0.01874712648098525
8791,2995791,2017-01-03 23:40:57,0,0.0014157918,0.03193345273200573,0.45743915,0.013232943008594721
8792,2995792,2017-01-03 23:41:00,1,0.0043904246,0.029884774914477975,0.47404248,0.020456898258409243
8793,2995793,2017-01-03 23:41:09,1,0.0018058977,0.031482204550434593,0.47221327,0.01950332279927575
8794,2995794,2017-01-03 23:41:24,0,0.00013428922,0.0366308660924675,0.452939,0.011748900583468225
8795,2995795,2017-01-03 23:41:37,0,0.0007515645,0.03313649888058678,0.46025982,0.014254556034847128
8796,2995796,2017-01-03 23:41:43,0,0.00018723618,0.03593006317000315,0.47180024,0.019294061095323407
8797,2995797,2017-01-03 23:41:57,0,0.00025889697,0.03525919027260691,0.46441263,0.015899663538486843
8798,2995798,2017-01-03 23:42:15,0,0.0020093399,0.03128616711525111,0.4738064,0.020331338232847877
8799,2995799,2017-01-03 23:42:25,0,0.0026858095,0.030759004627934607,0.46936607,0.01810440277868984
8800,2995800,2017-01-03 23:42:35,0,0.00072804483,0.03319801954754992,0.44571427,0.00969889956791129
8801,2995801,2017-01-03 23:42:47,1,0.0017879793,0.03150057561353961,0.47623137,0.021657577679562282
8802,2995802,2017-01-03 23:42:49,0,0.0017019655,0.03159155389704291,0.4602341,0.014244902821407127
8803,2995803,2017-01-03 23:42:52,0,0.00020124849,0.035779604828021484,0.54983896,0.13572592311106568
8804,2995804,2017-01-03 23:42:55,0,5.6934026e-05,0.03850131957443014,0.4448265,0.009472420088902771
8805,2995805,2017-01-03 23:42:55,0,0.006689606,0.02915338477810961,0.45836988,0.013561898350626243
8806,2995806,2017-01-03 23:42:56,0,0.002876344,0.03063569781428849,0.5081892,0.0491962046650115
8807,2995807,2017-01-03 23:43:18,0,0.00067791843,0.03333644705299234,0.46295595,0.015302601421469926
8808,2995808,2017-01-03 23:43:18,0,0.00093565945,0.03271550331758672,0.4708327,0.01881236649645275
8809,2995809,2017-01-03 23:43:19,0,0.009908364,0.028485005553989893,0.47533816,0.02115958275270229
8810,2995810,2017-01-03 23:43:37,0,0.009711567,0.028518831538145363,0.45070034,0.011072314711671938
8811,2995811,2017-01-03 23:43:45,0,0.0010145887,0.03256117586668089,0.5503843,0.1374507608490504
8812,2995812,2017-01-03 23:43:57,0,0.0019544808,0.03133689305951581,0.4576754,0.013315697290823776
8813,2995813,2017-01-03 23:44:13,0,0.0098128235,0.02850133858417722,0.45143312,0.01128949321148387
8814,2995814,2017-01-03 23:44:46,0,0.0028545328,0.03064936979920534,0.4534722,0.011915888519946061
8815,2995815,2017-01-03 23:44:54,0,0.014124844,0.027892339353009925,0.47803196,0.022696286850826763
8816,2995816,2017-01-03 23:45:12,0,0.0043079862,0.029918073124657888,0.499519,0.039478700430811746
8817,2995817,2017-01-03 23:45:24,0,0.00023830666,0.035429600180319674,0.47208497,0.01943808516761584
8818,2995818,2017-01-03 23:45:34,0,0.009622072,0.028534452527237113,0.46750972,0.01724537461675682
8819,2995819,2017-01-03 23:45:51,0,0.0015286367,0.031790609052811114,0.4789583,0.023249332610730908
8820,2995820,2017-01-03 23:46:08,0,0.0001950834,0.035844395109914,0.45480198,0.012342488243608927
8821,2995821,2017-01-03 23:46:39,0,0.0022373057,0.03108996294937552,0.45634913,0.012857556952604463
8822,2995822,2017-01-03 23:46:43,0,0.0001409527,0.03652794568148886,0.44941336,0.01070069019067059
8823,2995823,2017-01-03 23:47:13,0,0.0001922363,0.035875049285279015,0.48073542,0.02434710906375479
8824,2995824,2017-01-03 23:47:49,0,0.0003428367,0.03468755430545797,0.513442,0.056149113335993296
8825,2995825,2017-01-03 23:47:59,0,0.0018430708,0.031444697950909255,0.4651406,0.01620648188984603
8826,2995826,2017-01-03 23:48:06,0,0.0009063554,0.03277632900946633,0.46692333,0.016982357212102683
8827,2995827,2017-01-03 23:48:06,0,0.004995847,0.029658725600615818,0.46352804,0.015534439235303538
8828,2995828,2017-01-03 23:48:26,0,0.00039479576,0.03440367001315626,0.46832508,0.017617687299235855
8829,2995829,2017-01-03 23:48:29,0,0.00012012858,0.036868741952343284,0.47210336,0.019447422104444573
8830,2995830,2017-01-03 23:49:05,0,0.0011045408,0.032400046183771306,0.46935183,0.018097654925229415
8831,2995831,2017-01-03 23:49:12,0,0.00069882214,0.033277448015469675,0.47796783,0.02265847323224524
8832,2995832,2017-01-03 23:49:18,0,0.00047092314,0.034052074315118905,0.54864156,0.13200386883672485
8833,2995833,2017-01-03 23:50:44,0,0.0017916544,0.03149679187515581,0.47886917,0.023195551904252192
8834,2995834,2017-01-03 23:51:00,0,0.00076911855,0.033091892693425155,0.48526224,0.027375187146140064
8835,2995835,2017-01-03 23:51:16,0,0.0004052229,0.03435147078892886,0.4894092,0.03046661613262919
8836,2995836,2017-01-03 23:51:39,0,0.048511673,0.02589037904794637,0.44661096,0.0099330094292512
8837,2995837,2017-01-03 23:51:39,0,0.0011773098,0.03227952050371774,0.4667914,0.016923719513913502
8838,2995838,2017-01-03 23:52:09,0,0.0006088237,0.03354608889121391,0.4963006,0.0363628055279968
8839,2995839,2017-01-03 23:52:21,0,0.0017503152,0.031539832537697224,0.47674572,0.02194949328369034
8840,2995840,2017-01-03 23:52:57,0,0.00036344887,0.03456982943196598,0.5616472,0.17744291311756433
8841,2995841,2017-01-03 23:54:09,0,0.0019518269,0.03133938497829316,0.4711923,0.018990013501453455
8842,2995842,2017-01-03 23:55:02,0,6.871679e-05,0.03808362654381397,0.46145135,0.01470881790752072
8843,2995843,2017-01-03 23:56:10,0,0.004074756,0.03001604073599152,0.44811308,0.010337571797589453
8844,2995844,2017-01-03 23:56:20,0,0.000121479556,0.036844802191340356,0.5259571,0.07662358722227869
8845,2995845,2017-01-03 23:57:00,0,0.0025073136,0.030883189535334515,0.461813,0.01484946079652758
8846,2995846,2017-01-03 23:57:15,0,0.0032017666,0.030443774724531324,0.4608062,0.014461133390076672
8847,2995847,2017-01-03 23:57:41,0,0.00065862713,0.03339262473678413,0.4716078,0.019197311251892887
8848,2995848,2017-01-03 23:57:52,0,0.00065524655,0.03340264792904822,0.50139326,0.04140961452769109
8849,2995849,2017-01-03 23:58:10,0,0.00041870706,0.03428603215790375,0.4603121,0.014274195286290908
8850,2995850,2017-01-03 23:58:55,0,0.00048077042,0.03401103463074437,0.46510646,0.016191959512989428
8851,2995851,2017-01-03 23:59:38,0,0.0006506485,0.03341636880928673,0.4737971,0.020326407905256187
8852,2995852,2017-01-04 00:00:00,0,0.00049743534,0.03394356299397676,0.4628696,0.015267906887240147
8853,2995853,2017-01-04 00:00:02,0,0.00027459732,0.035138601951783706,0.47706082,0.022130205275707727
8854,2995854,2017-01-04 00:00:03,0,0.0028233859,0.030669085880027546,0.46116215,0.01459728365662409
8855,2995855,2017-01-04 00:00:24,0,0.007765205,0.02889817761142753,0.46892476,0.017896492066235017
8856,2995856,2017-01-04 00:00:39,0,0.0023844163,0.030974237425082325,0.49694863,0.03697056476254246
8857,2995857,2017-01-04 00:00:42,0,0.0021986084,0.031121739746324484,0.47426224,0.020574464109622395
8858,2995858,2017-01-04 00:00:53,0,0.0010474379,0.03250064656973462,0.533104,0.09123017650796802
8859,2995859,2017-01-04 00:00:56,0,0.00084956456,0.03290035252331703,0.47942737,0.02353433130796867
8860,2995860,2017-01-04 00:01:25,0,0.00060871843,0.03354642722258432,0.45186543,0.011419560029050754
8861,2995861,2017-01-04 00:01:27,0,0.00024441638,0.03537746130601392,0.4861214,0.02798965461921135
8862,2995862,2017-01-04 00:01:36,1,0.0003463497,0.034666970246145505,0.4666751,0.01687219900087539
8863,2995863,2017-01-04 00:01:44,0,0.00070325425,0.03326517823068323,0.4797564,0.023736278056243416
8864,2995864,2017-01-04 00:02:09,0,0.0019547066,0.03133668116471702,0.48808253,0.029442651116070293
8865,2995865,2017-01-04 00:02:18,0,0.0007455976,0.03315191221376475,0.46262744,0.015170997724837085
8866,2995866,2017-01-04 00:02:33,0,0.00024705497,0.03535536830579044,0.4543824,0.012206301714147032
8867,2995867,2017-01-04 00:02:39,0,7.5446806e-05,0.03787776699460432,0.4703564,0.01857954917354934
8868,2995868,2017-01-04 00:02:49,0,0.0007736311,0.03308059951974197,0.46729767,0.017149811340020294
8869,2995869,2017-01-04 00:04:33,0,0.001720901,0.03157111546919239,0.45813,0.01347636210705719
8870,2995870,2017-01-04 00:04:37,0,0.00036825702,0.03454338202964348,0.4542406,0.01216060912006587
8871,2995871,2017-01-04 00:05:01,0,0.0003218677,0.03481524709124911,0.4702976,0.018551002486534365
8872,2995872,2017-01-04 00:05:15,0,0.0003034669,0.03493475618964023,0.45808998,0.013462141347477063
8873,2995873,2017-01-04 00:05:40,0,0.00030410144,0.0349305089157306,0.4521757,0.0115138076444722
8874,2995874,2017-01-04 00:05:48,0,0.00040571223,0.03434905614517231,0.46901023,0.017936577923562607
8875,2995875,2017-01-04 00:06:04,0,0.0027873497,0.030692184898189992,0.45215577,0.011507728686385065
8876,2995876,2017-01-04 00:06:19,0,0.0014057583,0.031946730816149564,0.49734378,0.03734593963670322
8877,2995877,2017-01-04 00:06:45,0,0.0008802329,0.032832327007958614,0.53587055,0.09753666639421887
8878,2995878,2017-01-04 00:07:11,0,0.00409865,0.03000573617852528,0.48672917,0.028432384069706697
8879,2995879,2017-01-04 00:07:15,0,2.0668254e-05,0.040828051399691825,0.4587934,0.01371420993056701
8880,2995880,2017-01-04 00:07:22,0,0.0010194392,0.032552109141789215,0.468568,0.01773011263341419
8881,2995881,2017-01-04 00:08:14,0,9.45944e-05,0.03738386607125133,0.50954,0.05090179403330077
8882,2995882,2017-01-04 00:08:24,0,0.00032103198,0.03482051678264621,0.4620712,0.014950675224169483
8883,2995883,2017-01-04 00:10:02,0,0.00039227563,0.034416504474211455,0.45984477,0.014099548456750278
8884,2995884,2017-01-04 00:10:40,0,0.000110272595,0.037052493383469845,0.50342673,0.04360670110891087
8885,2995885,2017-01-04 00:10:41,0,0.0007212046,0.033216305928863266,0.4526304,0.01165329433062561
8886,2995886,2017-01-04 00:10:46,0,0.0031795173,0.030456227705162802,0.46816626,0.017544560381574023
8887,2995887,2017-01-04 00:11:12,0,0.0047610304,0.02974279081325419,0.46216086,0.014985971996402921
8888,2995888,2017-01-04 00:11:17,0,0.00033263757,0.0347486008587126,0.45223108,0.011530707016877736
8889,2995889,2017-01-04 00:11:31,0,0.00060855015,0.033546968045173556,0.471872,0.01933026303136234
8890,2995890,2017-01-04 00:11:48,0,0.00033756098,0.034718888828711124,0.47201335,0.019401762548784434
8891,2995891,2017-01-04 00:12:26,0,0.00058016606,0.03364052441904368,0.46241564,0.015086731881158649
8892,2995892,2017-01-04 00:12:32,0,0.0014003549,0.03195392306156155,0.47426897,0.020578077636927473
8893,2995893,2017-01-04 00:12:33,0,0.00052078377,0.033852941421872056,0.46220335,0.015002733430826334
8894,2995894,2017-01-04 00:12:35,0,0.0002275967,0.0355244960934641,0.44429046,0.009338166405525374
8895,2995895,2017-01-04 00:13:16,0,5.0086233e-05,0.03878839310456143,0.45002112,0.010874645279912963
8896,2995896,2017-01-04 00:13:32,0,9.545514e-05,0.03736421447342013,0.44645685,0.009892386851080738
8897,2995897,2017-01-04 00:14:20,0,0.0001739668,0.03608393225725908,0.45580947,0.012675563939433473
8898,2995898,2017-01-04 00:14:25,0,0.00033883372,0.03471128244072531,0.44936156,0.010685990756507906
8899,2995899,2017-01-04 00:14:28,0,0.0023972988,0.030964464033755912,0.47372475,0.020288079501227352
8900,2995900,2017-01-04 00:14:36,0,0.00056852144,0.03368031267155056,0.4925534,0.03303247800844158
8901,2995901,2017-01-04 00:14:52,0,0.0047145616,0.02975994337534847,0.4618562,0.01486634171531224
8902,2995902,2017-01-04 00:15:16,0,8.2844424e-05,0.037672751439623085,0.5265219,0.0776943501113397
8903,2995903,2017-01-04 00:15:21,0,0.0008858779,0.03282007879732073,0.52291584,0.0710893658773899
8904,2995904,2017-01-04 00:15:28,0,0.0010316506,0.032529483038792995,0.4775208,0.022396594865189284
8905,2995905,2017-01-04 00:15:30,0,0.003587473,0.03024130256310114,0.48046932,0.02417958690655544
8906,2995906,2017-01-04 00:16:27,0,0.0020974274,0.031207695674712762,0.45848015,0.01360139513389958
8907,2995907,2017-01-04 00:16:28,0,0.00029718538,0.034977313510160375,0.4947043,0.03490637719434673
8908,2995908,2017-01-04 00:16:55,0,0.00011152178,0.03702826462168271,0.4779118,0.022625489049476016
8909,2995909,2017-01-04 00:17:15,0,0.001139991,0.0323403166648092,0.46093908,0.014511816549792009
8910,2995910,2017-01-04 00:17:26,0,0.0016921278,0.03160226727334242,0.48154476,0.024863558663468694
8911,2995911,2017-01-04 00:17:33,0,0.00018371484,0.03596974567478473,0.47321877,0.020022019555345525
8912,2995912,2017-01-04 00:18:45,0,0.0006562402,0.03339969613488571,0.48039806,0.024134917927318294
8913,2995913,2017-01-04 00:19:27,0,0.023099119,0.027084833526833694,0.46193162,0.014895872799466837
8914,2995914,2017-01-04 00:19:30,0,0.010151017,0.028444253501398314,0.46416304,0.015795775107224876
8915,2995915,2017-01-04 00:19:54,0,0.004480372,0.0298491861577702,0.46477765,0.016052792886281406
8916,2995916,2017-01-04 00:19:54,0,0.0048894226,0.029696299250953063,0.46587092,0.016520064647109527
8917,2995917,2017-01-04 00:20:03,0,0.00016267513,0.03622496248953794,0.47726077,0.022245622185817146
8918,2995918,2017-01-04 00:20:43,0,0.00026578744,0.0352053420628997,0.48514166,0.027289997869493772
8919,2995919,2017-01-04 00:21:15,0,0.0010091426,0.032571410782238686,0.48355055,0.02618962639502642
8920,2995920,2017-01-04 00:21:21,0,0.00016148035,0.036240486354392934,0.45726657,0.01317280432918434
8921,2995921,2017-01-04 00:21:29,0,0.00018817006,0.03591967120371198,0.4793775,0.023503876794118816
8922,2995922,2017-01-04 00:21:36,0,0.00224415,0.031084403038438645,0.45784277,0.013374630480032651
8923,2995923,2017-01-04 00:21:57,0,0.0010065449,0.03257631316856377,0.49073204,0.0315217977741875
8924,2995924,2017-01-04 00:22:00,0,0.00037508534,0.03450644264466708,0.45938435,0.013929520413781515
8925,2995925,2017-01-04 00:22:00,0,9.797301e-05,0.03730778577856752,0.46268195,0.015192757697918474
8926,2995926,2017-01-04 00:22:34,0,0.0028088347,0.030678375541459402,0.4628212,0.015248479375797165
8927,2995927,2017-01-04 00:22:50,0,0.00040656593,0.03434485076064348,0.4614084,0.014692203292722267
8928,2995928,2017-01-04 00:23:31,0,0.0016106955,0.0316935551161096,0.4861713,0.0280257641897387
8929,2995929,2017-01-04 00:24:07,0,0.0015821613,0.03172669974135139,0.46329632,0.01544012851730279
8930,2995930,2017-01-04 00:24:08,0,3.8216098e-05,0.03940109265288894,0.45088577,0.011126884139579777
8931,2995931,2017-01-04 00:24:20,0,0.0022322384,0.031094090923317094,0.47113162,0.01895992368314507
8932,2995932,2017-01-04 00:24:40,0,0.0011181878,0.03237681621493912,0.46636045,0.016733558847790386
8933,2995933,2017-01-04 00:24:52,0,0.0019602578,0.03133148102305694,0.4705988,0.01869767428415401
8934,2995934,2017-01-04 00:25:29,0,0.00053071236,0.03381569809644797,0.4753852,0.02118552309886374
8935,2995935,2017-01-04 00:25:38,0,0.0044307564,0.02986872316426787,0.45670536,0.012979080944329925
8936,2995936,2017-01-04 00:25:40,1,0.00016653507,0.036175620654548796,0.45266178,0.011662981822838836
8937,2995937,2017-01-04 00:25:43,0,0.0046247724,0.029793596220267626,0.48892948,0.03009244286859906
8938,2995938,2017-01-04 00:26:15,0,0.00037742255,0.0344939618084069,0.45613578,0.012785303920879803
8939,2995939,2017-01-04 00:26:15,0,0.00021061901,0.03568503623691895,0.45998088,0.014150197502181223
8940,2995940,2017-01-04 00:26:42,0,0.008940705,0.028658621016038166,0.45364562,0.011970697301088387
8941,2995941,2017-01-04 00:26:43,0,0.00016087115,0.0362484484658746,0.48013398,0.023970071955758863
8942,2995942,2017-01-04 00:27:44,0,8.5100495e-05,0.03761405777713152,0.5449953,0.12120960250222924
8943,2995943,2017-01-04 00:28:11,0,0.00032620618,0.034788120517902886,0.45860323,0.013645614348205503
8944,2995944,2017-01-04 00:28:35,0,0.00037163583,0.034525013992684817,0.4803335,0.02409452148053492
8945,2995945,2017-01-04 00:29:42,0,0.0010908004,0.03242374312810359,0.47777396,0.02254454256611677
8946,2995946,2017-01-04 00:29:45,0,0.0005667693,0.03368637400180142,0.46314406,0.015378459959088465
8947,2995947,2017-01-04 00:29:58,0,0.0019143532,0.03137495761041681,0.46176806,0.014831912335835406
8948,2995948,2017-01-04 00:30:22,0,0.00049460185,0.03395486506715131,0.477828,0.022576240053741047
8949,2995949,2017-01-04 00:31:24,0,0.00020627904,0.03572827155071685,0.45357668,0.011948881972537786
8950,2995950,2017-01-04 00:31:43,0,4.0626994e-05,0.0392617134851069,0.5077657,0.048672773174820744
8951,2995951,2017-01-04 00:31:56,0,0.011240002,0.02827311785321723,0.48249912,0.02548618866316378
8952,2995952,2017-01-04 00:31:57,0,0.0013549681,0.03201551700065267,0.53175306,0.08828745977444097
8953,2995953,2017-01-04 00:32:11,0,0.0011744178,0.03228415866647527,0.51724637,0.06175415555751609
8954,2995954,2017-01-04 00:32:54,0,0.00013682457,0.03659108388159477,0.47602826,0.021543350679548292
8955,2995955,2017-01-04 00:33:24,0,0.0039767358,0.030058989409421387,0.46855006,0.017721785549493992
8956,2995956,2017-01-04 00:34:06,0,0.00014700627,0.036438804323516615,0.46141505,0.014694773269725408
8957,2995957,2017-01-04 00:34:24,0,0.002122125,0.03118631726940947,0.48027545,0.024058246767444332
8958,2995958,2017-01-04 00:34:30,0,0.0010802478,0.03244215720212544,0.47025004,0.018527941683480962
8959,2995959,2017-01-04 00:35:36,0,0.022013322,0.027163207495891847,0.52207965,0.06963421823992563
8960,2995960,2017-01-04 00:35:38,0,0.00028624485,0.035053754478552065,0.47737134,0.02230969696981534
8961,2995961,2017-01-04 00:35:38,0,0.00046796282,0.0340645891218743,0.47881648,0.023163818523774807
8962,2995962,2017-01-04 00:36:36,0,0.0038998558,0.0300934625832534,0.46164802,0.014785137759752123
8963,2995963,2017-01-04 00:36:40,0,0.0010900446,0.03242505566789742,0.4719835,0.019386636277668432
8964,2995964,2017-01-04 00:37:26,0,0.00032517378,0.034794540971348584,0.49386144,0.03416017009966399
8965,2995965,2017-01-04 00:37:27,0,0.00014334022,0.03649231443454263,0.48243597,0.025444526112114264
8966,2995966,2017-01-04 00:37:35,0,0.05836361,0.025595050521310624,0.46272334,0.015209303192964011
8967,2995967,2017-01-04 00:37:38,0,0.0002788122,0.0351074669756841,0.48051995,0.024211376536263717
8968,2995968,2017-01-04 00:37:46,0,0.0044133766,0.029875621278977693,0.45426723,0.012169181761570514
8969,2995969,2017-01-04 00:37:56,0,0.0008690643,0.03285680628506323,0.47884965,0.023183790563514613
8970,2995970,2017-01-04 00:38:09,0,0.0028203267,0.030671034688005614,0.48477563,0.027032965983200458
8971,2995971,2017-01-04 00:38:55,0,0.0008386912,0.03292509515693381,0.47597066,0.02151105803574801
8972,2995972,2017-01-04 00:38:56,0,0.00066695333,0.033368167954450766,0.4887459,0.029950431317529072
8973,2995973,2017-01-04 00:39:00,0,0.0006921976,0.033295941349034325,0.5273621,0.07931277015417376
8974,2995974,2017-01-04 00:39:01,0,0.0032200348,0.0304336179864833,0.47076845,0.018780794369412327
8975,2995975,2017-01-04 00:39:06,0,0.00022477955,0.03555024166067686,0.46403617,0.015743222251436366
8976,2995976,2017-01-04 00:39:15,1,0.0038574482,0.03011278579851035,0.49717835,0.03718834220525709
8977,2995977,2017-01-04 00:39:20,0,0.0013828829,0.03197738122842877,0.47052842,0.01866330772171843
8978,2995978,2017-01-04 00:39:27,0,0.00045772156,0.03410853807321607,0.4635304,0.015535400375781355
8979,2995979,2017-01-04 00:39:58,1,0.0044825166,0.02984834691775985,0.49003196,0.030959045257326897
8980,2995980,2017-01-04 00:40:07,0,0.008859573,0.028674063263109485,0.49663335,0.03667366550430273
8981,2995981,2017-01-04 00:40:12,0,0.0009023375,0.03278483035240401,0.5460006,0.12410583281806703
8982,2995982,2017-01-04 00:40:34,0,0.005051807,0.029639305065352332,0.46093744,0.014511190341197562
8983,2995983,2017-01-04 00:40:44,0,0.0033961812,0.030338689272590934,0.46622536,0.01667437529441475
8984,2995984,2017-01-04 00:40:48,0,0.00024518638,0.03537098813170476,0.4670015,0.017017193254677845
8985,2995985,2017-01-04 00:40:51,0,0.00048319437,0.03400106865504437,0.4696838,0.018255539702486438
8986,2995986,2017-01-04 00:40:54,0,0.00046587404,0.034073469867468544,0.45966148,0.014031622337070409
8987,2995987,2017-01-04 00:40:58,0,0.0020306082,0.031266892882161404,0.46892306,0.01789569626418055
8988,2995988,2017-01-04 00:41:19,0,0.005770866,0.029408154431471545,0.46866533,0.01777535548818584
8989,2995989,2017-01-04 00:41:55,0,0.00065407547,0.033406132833681774,0.45174158,0.0113821472009113
8990,2995990,2017-01-04 00:42:18,0,0.00058585784,0.0336213819774723,0.46708673,0.01705525609520452
8991,2995991,2017-01-04 00:42:18,0,0.0012906914,0.03210657595638122,0.4485027,0.01044509612136736
8992,2995992,2017-01-04 00:43:00,0,0.009263014,0.028598692608379155,0.47010055,0.018455646129558932
8993,2995993,2017-01-04 00:43:03,0,0.003916198,0.030086075190681988,0.47736123,0.022303834732687034
8994,2995994,2017-01-04 00:43:03,0,0.0009443316,0.03269788785253315,0.4510233,0.011167528611288956
8995,2995995,2017-01-04 00:43:19,0,0.0011294499,0.032357870025643325,0.45502332,0.012414924739642539
8996,2995996,2017-01-04 00:43:46,0,0.0009531185,0.03268021252048035,0.45173836,0.011381176564394349
8997,2995997,2017-01-04 00:43:56,0,0.0017478248,0.031542459544967844,0.4759103,0.021477278834150876
8998,2995998,2017-01-04 00:45:01,0,0.0059711332,0.029349152408969112,0.467774,0.01736520801523011
8999,2995999,2017-01-04 00:45:07,0,0.008104096,0.028825408078211393,0.4991286,0.039087526001363365
9000,2996000,2017-01-04 00:45:17,0,0.00031326534,0.03487019430018011,0.53988194,0.10738093535579131
9001,2996001,2017-01-04 00:45:24,0,0.0017202932,0.031571767821930205,0.4518867,0.011425999588110053
9002,2996002,2017-01-04 00:45:32,0,0.0010981592,0.03241101299269325,0.47413722,0.020507501771837383
9003,2996003,2017-01-04 00:45:34,0,0.0010403234,0.03251358442589497,0.45373696,0.011999664959999625
9004,2996004,2017-01-04 00:45:49,0,0.0064079277,0.02922737511298448,0.48166823,0.024943274183793388
9005,2996005,2017-01-04 00:46:12,0,0.002251514,0.031078440903134604,0.4684208,0.017661906859316866
9006,2996006,2017-01-04 00:46:21,0,0.0035709194,0.030249511239102786,0.4761985,0.021639050382104473
9007,2996007,2017-01-04 00:46:44,0,0.00047500004,0.03403497449032934,0.49239832,0.032901171211181426
9008,2996008,2017-01-04 00:46:51,0,0.0784911,0.025121322989454638,0.4541204,0.012122009386105567
9009,2996009,2017-01-04 00:47:13,0,0.009084372,0.028631633265696132,0.45720884,0.013152748321433327
9010,2996010,2017-01-04 00:47:14,0,0.0016001337,0.03170575067724523,0.48000753,0.023891524055450145
9011,2996011,2017-01-04 00:47:26,0,0.0033230293,0.03037746763845988,0.45572934,0.012648753144927215
9012,2996012,2017-01-04 00:47:38,0,0.006109622,0.029309555400731813,0.47469962,0.02081040336078679
9013,2996013,2017-01-04 00:47:43,0,0.0010290291,0.032534316312757376,0.4535136,0.01192894917491904
9014,2996014,2017-01-04 00:47:44,0,0.00905924,0.02863632182506089,0.47745982,0.022361103018540777
9015,2996015,2017-01-04 00:48:06,0,0.0016753401,0.03162070192311604,0.5347117,0.0948484418005376
9016,2996016,2017-01-04 00:48:18,1,0.0029731577,0.03057630216830579,0.474885,0.020911190188307647
9017,2996017,2017-01-04 00:48:31,0,0.008814312,0.028682742613616547,0.4665203,0.01680385603778741
9018,2996018,2017-01-04 00:48:31,0,0.05659216,0.025644272459532293,0.4598452,0.01409970344987197
9019,2996019,2017-01-04 00:48:42,0,0.0031362234,0.030480724748256416,0.4802651,0.024051790658140115
9020,2996020,2017-01-04 00:49:09,0,0.0027113056,0.030741979328237242,0.45741048,0.013222934299825165
9021,2996021,2017-01-04 00:49:13,0,0.023672665,0.027044959465992335,0.46369684,0.0156034962049916
9022,2996022,2017-01-04 00:49:32,0,0.014793676,0.027815695065947586,0.46537718,0.01630742249722539
9023,2996023,2017-01-04 00:49:38,0,0.01102858,0.028304945537932818,0.48613885,0.028002282460412187
9024,2996024,2017-01-04 00:49:57,0,0.12608804,0.02435471403344861,0.4797139,0.02371008311491748
9025,2996025,2017-01-04 00:50:39,0,0.0052328142,0.02957800307592351,0.48793024,0.029327259037806256
9026,2996026,2017-01-04 00:50:39,0,0.0015087612,0.03181494390973174,0.47770625,0.022504881123831574
9027,2996027,2017-01-04 00:51:02,0,0.00038528873,0.0344525475944418,0.47275615,0.019781728773921946
9028,2996028,2017-01-04 00:52:15,0,0.008497544,0.028744826186648902,0.46058697,0.014377897854779489
9029,2996029,2017-01-04 00:52:28,0,0.0032903182,0.030395099969528137,0.4637821,0.015638491722966073
9030,2996030,2017-01-04 00:53:13,0,0.0245805,0.026983843174911377,0.46824306,0.017579886197125343
9031,2996031,2017-01-04 00:53:27,0,0.0022381255,0.03108929604850995,0.46492788,0.016116233414701937
9032,2996032,2017-01-04 00:53:40,0,0.0025356563,0.030862859705466466,0.47317567,0.019999516747991112
9033,2996033,2017-01-04 00:53:59,0,0.0009185974,0.032750669716964075,0.4659206,0.016541609820117095
9034,2996034,2017-01-04 00:54:00,0,0.20763889,0.02351416568624033,0.47209048,0.01944088427810763
9035,2996035,2017-01-04 00:54:12,0,0.020634726,0.027268695813398632,0.47487727,0.02090698399769706
9036,2996036,2017-01-04 00:54:26,0,0.021737183,0.0271837784706779,0.47906697,0.02331505432093948
9037,2996037,2017-01-04 00:54:28,0,0.0035765741,0.030246702625837445,0.46932992,0.018087283811857948
9038,2996038,2017-01-04 00:54:28,0,0.018184597,0.0274756105737624,0.47371364,0.020282197547244245
9039,2996039,2017-01-04 00:54:30,0,0.0014888126,0.031839710762377474,0.47465315,0.020785215857491268
9040,2996040,2017-01-04 00:55:32,0,0.009277515,0.028596048039937993,0.47800383,0.022679691933807426
9041,2996041,2017-01-04 00:55:44,1,0.0062711774,0.029264538157666022,0.4737633,0.020308482051797312
9042,2996042,2017-01-04 00:55:45,0,0.0028010588,0.030683360545421413,0.502214,0.04228335462438119
9043,2996043,2017-01-04 00:56:23,0,0.0030797676,0.030513209985246474,0.45105833,0.0111778999472642
9044,2996044,2017-01-04 00:56:39,0,0.008329044,0.02877884714950102,0.46336192,0.015466769953150983
9045,2996045,2017-01-04 00:56:44,0,0.006399151,0.02922973514362154,0.48476118,0.027022864352201532
9046,2996046,2017-01-04 00:56:52,0,0.0023470502,0.031002903452969945,0.5387261,0.1044567572159063
9047,2996047,2017-01-04 00:56:56,0,0.00082659506,0.03295302123972667,0.458629,0.013654893467417448
9048,2996048,2017-01-04 00:57:40,0,0.00041048348,0.03432567150764647,0.45808288,0.013459622737239094
9049,2996049,2017-01-04 00:57:46,0,0.003438571,0.030316618728065247,0.49868476,0.03864729324206304
9050,2996050,2017-01-04 00:57:46,0,0.0044705183,0.02985304809481175,0.47785175,0.02259018803622295
9051,2996051,2017-01-04 00:59:53,0,0.0003474647,0.03466048310705908,0.48512283,0.02727671417115761
9052,2996052,2017-01-04 01:00:13,0,0.0016113045,0.0316928545217701,0.5030296,0.04316902565926734
9053,2996053,2017-01-04 01:00:27,0,0.0075106206,0.028955071363039386,0.46924645,0.018047813637580734
9054,2996054,2017-01-04 01:01:18,0,0.020563686,0.027274328008739197,0.46620357,0.016664850328587145
9055,2996055,2017-01-04 01:01:20,0,0.00033556248,0.03473089396867141,0.4554456,0.012554266731533238
9056,2996056,2017-01-04 01:01:20,0,0.00023098744,0.03549395107728601,0.48965415,0.030659394044419926
9057,2996057,2017-01-04 01:01:24,0,0.0008587021,0.032879816879089814,0.4740356,0.020453225916072203
9058,2996058,2017-01-04 01:01:25,0,0.00069894735,0.03327710027419544,0.47095367,0.018871945886112934
9059,2996059,2017-01-04 01:01:45,0,0.0021964784,0.03112350585428414,0.46948606,0.018161334351175694
9060,2996060,2017-01-04 01:01:52,0,0.03865341,0.02625396460819672,0.4582865,0.01353210441055808
9061,2996061,2017-01-04 01:02:12,0,0.021018496,0.027238613085740597,0.46353513,0.015537334998506387
9062,2996062,2017-01-04 01:02:19,0,0.009184937,0.028613006993603737,0.46204036,0.014938548943870459
9063,2996063,2017-01-04 01:02:22,0,0.0019851811,0.03130832343890407,0.50229186,0.04236713320314024
9064,2996064,2017-01-04 01:02:38,0,0.004526102,0.029831379907654363,0.47955427,0.023612014661345406
9065,2996065,2017-01-04 01:03:04,0,0.025081545,0.02695110360524393,0.46251518,0.01512627650337855
9066,2996066,2017-01-04 01:03:13,0,0.005008561,0.02965429328495756,0.4628723,0.015268983576163492
9067,2996067,2017-01-04 01:03:45,0,0.004403141,0.029879697243857455,0.4713555,0.019071173136336224
9068,2996068,2017-01-04 01:04:01,0,0.0011175057,0.032377970127654324,0.5122906,0.05454975062439218
9069,2996069,2017-01-04 01:04:18,0,0.0009428909,0.03270080244849706,0.4857919,0.027752435881429376
9070,2996070,2017-01-04 01:04:36,0,0.022100264,0.027156785992933353,0.48466343,0.026954643972304175
9071,2996071,2017-01-04 01:04:53,0,0.0013112582,0.03207692855505929,0.46055785,0.014366877923319086
9072,2996072,2017-01-04 01:04:57,0,0.00051925564,0.03385874009964749,0.4568128,0.013015951319883074
9073,2996073,2017-01-04 01:05:18,0,0.011853306,0.028184216906175927,0.457192,0.013146903823893595
9074,2996074,2017-01-04 01:05:36,0,0.0028777446,0.030634823536473094,0.48357686,0.0262074711882321
9075,2996075,2017-01-04 01:05:38,0,0.008366137,0.028771296350523196,0.5268131,0.07825173058115514
9076,2996076,2017-01-04 01:05:39,0,0.023897188,0.027029621617650462,0.46184748,0.014862938399510507
9077,2996077,2017-01-04 01:05:48,0,0.00043121737,0.03422727940014945,0.4988995,0.03885967373825125
9078,2996078,2017-01-04 01:05:54,0,0.00062087516,0.03350776917786988,0.4819781,0.02514441482438644
9079,2996079,2017-01-04 01:05:56,0,0.00031531212,0.034856977382658985,0.4575085,0.013257183772340963
9080,2996080,2017-01-04 01:06:05,0,0.0018685643,0.03141943420940075,0.45139486,0.011278050081563008
9081,2996081,2017-01-04 01:06:24,0,0.00040524395,0.03435136689003039,0.48039332,0.024131950306059694
9082,2996082,2017-01-04 01:06:47,0,0.0009142482,0.03275974413962852,0.4727162,0.01976111787783041
9083,2996083,2017-01-04 01:07:06,0,0.0004450258,0.034164484184841394,0.508923,0.050115860351083806
9084,2996084,2017-01-04 01:07:07,0,0.0045253183,0.029831683470153914,0.46874645,0.017813148228753947
9085,2996085,2017-01-04 01:07:20,0,0.002077142,0.031225454407789153,0.47658667,0.021858818813078003
9086,2996086,2017-01-04 01:07:28,0,0.003976704,0.030059003463173608,0.49835095,0.03831933314439383
9087,2996087,2017-01-04 01:07:48,0,0.032028545,0.026556032216703017,0.47323462,0.02003030478355905
9088,2996088,2017-01-04 01:07:50,0,0.00048007022,0.034013923400124664,0.45449278,0.012241988095927797
9089,2996089,2017-01-04 01:08:19,0,0.01972104,0.027342718347720115,0.48811957,0.02947078631719576
9090,2996090,2017-01-04 01:08:26,0,0.0003551089,0.03461659187215709,0.44412875,0.009298032138060625
9091,2996091,2017-01-04 01:08:44,0,0.007472018,0.028963874626771493,0.466219,0.01667159934741369
9092,2996092,2017-01-04 01:08:48,0,0.009260722,0.02859911100690896,0.45980212,0.014083714691088697
9093,2996093,2017-01-04 01:08:49,0,0.0015796609,0.031729634105229665,0.45391014,0.012054772872295375
9094,2996094,2017-01-04 01:08:56,0,0.0009338639,0.032719172064597644,0.4841924,0.026628246758540433
9095,2996095,2017-01-04 01:09:03,0,0.0016434368,0.031656278397703914,0.5169393,0.06128287785079232
9096,2996096,2017-01-04 01:09:21,0,0.005897755,0.029370526062507812,0.47848213,0.02296343058463012
9097,2996097,2017-01-04 01:09:35,0,0.007970934,0.028853614053174995,0.4769562,0.022070036317430063
9098,2996098,2017-01-04 01:09:41,0,0.0015501966,0.03176458646158203,0.4689301,0.017898991387598505
9099,2996099,2017-01-04 01:10:25,0,0.0067436863,0.029139554049666123,0.47308698,0.019953281198096452
9100,2996100,2017-01-04 01:10:31,0,0.00059549505,0.03358941369281987,0.47659215,0.021861938874163354
9101,2996101,2017-01-04 01:10:41,0,0.0014255552,0.03192062704056439,0.4688416,0.01785757999573707
9102,2996102,2017-01-04 01:10:58,0,0.026105309,0.02688625834995723,0.4716488,0.01921788923565507
9103,2996103,2017-01-04 01:11:23,0,0.0011876118,0.03226309525646546,0.463248,0.015420536101210521
9104,2996104,2017-01-04 01:11:25,0,0.01230406,0.028121892357893755,0.46425486,0.015833916621808303
9105,2996105,2017-01-04 01:11:32,0,0.00014432495,0.03647780051743345,0.50146264,0.041482799399452895
9106,2996106,2017-01-04 01:11:45,0,0.0063556186,0.0292414912534509,0.46540487,0.016319275680145573
9107,2996107,2017-01-04 01:12:00,0,0.00018848809,0.035916144666380226,0.4658464,0.01650943783563223
9108,2996108,2017-01-04 01:12:15,0,0.007085068,0.029054850236096455,0.46875873,0.017818875314423617
9109,2996109,2017-01-04 01:12:20,0,0.0016894257,0.03160522142186452,0.47748965,0.02237846048611467
9110,2996110,2017-01-04 01:12:28,0,0.06625181,0.025392550240380386,0.45289,0.011733670921418478
9111,2996111,2017-01-04 01:13:47,0,0.005968688,0.02934986018592658,0.45412004,0.012121894712642476
9112,2996112,2017-01-04 01:13:50,0,0.0072348183,0.029019037655312125,0.47880566,0.023157308340808508
9113,2996113,2017-01-04 01:14:12,0,0.0018313976,0.031456389263635615,0.4729959,0.019905910814544747
9114,2996114,2017-01-04 01:14:16,0,0.014660355,0.02783068060140478,0.47679055,0.021975111770794375
9115,2996115,2017-01-04 01:14:34,0,0.015346516,0.027755022590103054,0.45478562,0.012337150140098545
9116,2996116,2017-01-04 01:14:36,0,4.66517e-05,0.038948411989644646,0.4536037,0.011957431830779424
9117,2996117,2017-01-04 01:15:08,0,0.009467331,0.028561824423985107,0.47446474,0.020683379471073706
9118,2996118,2017-01-04 01:15:15,0,0.0026905278,0.03075584111406934,0.47262895,0.019716154101161294
9119,2996119,2017-01-04 01:15:18,0,0.0021260616,0.03118293388077005,0.46539262,0.016314030665916204
9120,2996120,2017-01-04 01:15:52,0,0.08980873,0.024905084928449242,0.4623769,0.015071367477761333
9121,2996121,2017-01-04 01:15:58,0,0.00016287224,0.0362224130625941,0.45572662,0.012647846791966007
9122,2996122,2017-01-04 01:16:15,0,0.0121735195,0.02813969306494712,0.4611601,0.014596493550667259
9123,2996123,2017-01-04 01:16:24,0,0.002307796,0.031033541051976404,0.5236503,0.07239075731183141
9124,2996124,2017-01-04 01:16:29,0,0.0061888183,0.029287333128463627,0.47683656,0.022001441782809137
9125,2996125,2017-01-04 01:16:55,0,0.0016944805,0.031599699123002756,0.49581748,0.03591595727727142
9126,2996126,2017-01-04 01:17:51,0,0.0023347393,0.031012453488386806,0.46628594,0.01670089323525689
9127,2996127,2017-01-04 01:18:02,0,0.0013756467,0.03198718848762472,0.45733735,0.0131974360974591
9128,2996128,2017-01-04 01:18:10,0,0.008854918,0.02867495371448227,0.47132266,0.019054813382757888
9129,2996129,2017-01-04 01:18:12,0,0.007025833,0.029069236217433663,0.45625433,0.01282540339767418
9130,2996130,2017-01-04 01:18:19,0,0.0014085183,0.03194306838469443,0.4593059,0.01390075292855473
9131,2996131,2017-01-04 01:18:34,0,0.027350467,0.026810837600932995,0.4578051,0.013361344210288494
9132,2996132,2017-01-04 01:18:38,0,0.009317343,0.028588806623065052,0.45564318,0.012619989894793477
9133,2996133,2017-01-04 01:18:40,0,0.0023905844,0.030969550997832183,0.461768,0.014831889075422157
9134,2996134,2017-01-04 01:18:44,0,0.0043049706,0.029919303868489195,0.4761199,0.021594818527723766
9135,2996135,2017-01-04 01:18:46,0,0.0006978502,0.03328014973559224,0.47001132,0.01841262439864022
9136,2996136,2017-01-04 01:19:08,0,0.045097206,0.026007066085696112,0.4522183,0.011526802919448213
9137,2996137,2017-01-04 01:19:09,0,0.0002590046,0.035258337608096206,0.4779877,0.02267018680545332
9138,2996138,2017-01-04 01:19:10,0,9.771261e-05,0.03731355026579638,0.46411645,0.015776460002323297
9139,2996139,2017-01-04 01:19:56,0,0.017612135,0.027528133847101358,0.48185366,0.025063457086369107
9140,2996140,2017-01-04 01:20:12,0,0.014086455,0.02789685277859832,0.4818534,0.02506328283973158
9141,2996141,2017-01-04 01:20:35,0,0.00795806,0.02885636707673201,0.46247727,0.015111204517269768
9142,2996142,2017-01-04 01:20:41,0,0.00060654467,0.033553425572735565,0.47150183,0.019144230634780147
9143,2996143,2017-01-04 01:20:45,0,0.010640888,0.028365003927258013,0.46722057,0.017115192551171186
9144,2996144,2017-01-04 01:20:55,1,0.002921506,0.030607732608803204,0.47493744,0.02093979456544828
9145,2996145,2017-01-04 01:21:00,0,6.700625e-05,0.03813934908800926,0.5063433,0.04695321364651055
9146,2996146,2017-01-04 01:21:09,0,8.709459e-05,0.03756353138044975,0.46018896,0.014227971954333977
9147,2996147,2017-01-04 01:21:15,0,0.026619047,0.026854700288058364,0.51379627,0.05665010011471693
9148,2996148,2017-01-04 01:21:17,0,9.7353884e-05,0.03732151805089774,0.48310548,0.025889596836545528
9149,2996149,2017-01-04 01:21:42,0,0.00016478034,0.036197900117950405,0.45322424,0.01183794723795294
9150,2996150,2017-01-04 01:21:55,0,0.00037387278,0.034512950129938276,0.48675075,0.028448225028533818
9151,2996151,2017-01-04 01:22:11,0,0.0018349846,0.031452788362162004,0.47631487,0.02170471265689671
9152,2996152,2017-01-04 01:22:17,0,0.006057861,0.029324243599967915,0.46383104,0.015658611013732025
9153,2996153,2017-01-04 01:22:20,0,0.00015511113,0.03632534251502114,0.4606161,0.014388937305617112
9154,2996154,2017-01-04 01:22:48,0,0.034348037,0.02644354506025117,0.47571754,0.02136973007014191
9155,2996155,2017-01-04 01:22:51,0,0.00065503584,0.0334032744805913,0.46336305,0.015467230306913365
9156,2996156,2017-01-04 01:23:39,0,0.005993832,0.02934259662326656,0.4694698,0.018153603189060133
9157,2996157,2017-01-04 01:23:43,0,0.0012540432,0.03216066215431422,0.5257125,0.07616409734185503
9158,2996158,2017-01-04 01:23:54,0,0.0025037073,0.030885793654237045,0.47994953,0.023855582534943926
9159,2996159,2017-01-04 01:23:55,0,0.001902198,0.03138665421301561,0.4767358,0.021943825025387154
9160,2996160,2017-01-04 01:24:09,0,0.00021719084,0.03562132555712496,0.45052743,0.011021663720604077
9161,2996161,2017-01-04 01:24:15,0,0.0011278818,0.03236049607289935,0.48230004,0.025355074029078193
9162,2996162,2017-01-04 01:24:23,0,0.010377731,0.028407089861947468,0.45242298,0.011589459812297215
9163,2996163,2017-01-04 01:24:51,0,0.00027991194,0.03509942494950845,0.48430744,0.026707606830791028
9164,2996164,2017-01-04 01:25:41,0,8.846466e-05,0.03752951928200037,0.4663178,0.01671485345359844
9165,2996165,2017-01-04 01:25:51,0,0.00014650433,0.03644604692145811,0.46526918,0.016261263611090048
9166,2996166,2017-01-04 01:26:20,0,0.0025171177,0.030876129953797998,0.5602281,0.17192933439229188
9167,2996167,2017-01-04 01:26:25,0,0.00030927075,0.034896253617197066,0.46412838,0.015781400898243737
9168,2996168,2017-01-04 01:26:37,0,0.0020649543,0.03123621229272491,0.4655139,0.01636604271257359
9169,2996169,2017-01-04 01:26:57,0,0.0017536525,0.03153631831198281,0.4691842,0.01801843110779401
9170,2996170,2017-01-04 01:27:10,0,0.0013656145,0.03200087549832424,0.4816037,0.024901586552299314
9171,2996171,2017-01-04 01:27:50,0,0.0008806108,0.03283150450680815,0.51743245,0.06204139468755864
9172,2996172,2017-01-04 01:28:07,0,0.0014005029,0.03195372572383511,0.45490104,0.012374856628248762
9173,2996173,2017-01-04 01:28:39,0,0.0008406049,0.032920716032947876,0.46173707,0.014819821710482834
9174,2996174,2017-01-04 01:28:45,0,0.00052765664,0.03382708158602105,0.4717156,0.01925144912169896
9175,2996175,2017-01-04 01:28:55,0,0.0019135162,0.03137576053746684,0.47711575,0.022161852938458165
9176,2996176,2017-01-04 01:28:58,0,0.00018305249,0.03597729960782723,0.49688256,0.03690815410769207
9177,2996177,2017-01-04 01:29:08,0,0.0068770065,0.02910594988905379,0.45613414,0.01278475036023374
9178,2996178,2017-01-04 01:29:09,0,0.0011719369,0.03228814718371512,0.4723992,0.019598245794350613
9179,2996179,2017-01-04 01:29:12,0,0.00029072518,0.03502208380171755,0.47504884,0.02100067243982674
9180,2996180,2017-01-04 01:29:23,0,0.00046679692,0.03406954093199965,0.46813697,0.01753110349787377
9181,2996181,2017-01-04 01:29:27,0,0.0040124576,0.030043209705525042,0.47756577,0.022422806415306883
9182,2996182,2017-01-04 01:29:50,0,0.0021801384,0.03113711513457692,0.46522662,0.016243110107192194
9183,2996183,2017-01-04 01:30:23,0,0.0018386514,0.03144911507266866,0.47330132,0.020065195293737542
9184,2996184,2017-01-04 01:30:44,0,0.0015678171,0.03174360064315848,0.48288012,0.025738945324807493
9185,2996185,2017-01-04 01:31:07,0,0.0015255235,0.031794398598874694,0.48007205,0.023931572066844355
9186,2996186,2017-01-04 01:31:37,0,0.0014131152,0.03193698517641086,0.4994683,0.039427692342085166
9187,2996187,2017-01-04 01:31:54,0,0.002239262,0.03108837198047756,0.46836448,0.017635874204363758
9188,2996188,2017-01-04 01:31:56,0,0.007550842,0.02894594935349006,0.44931883,0.010673877261090887
9189,2996189,2017-01-04 01:31:57,0,0.0006128267,0.03353327248325681,0.5149273,0.05827787092197787
9190,2996190,2017-01-04 01:32:01,0,0.008234895,0.02879817220031734,0.4762025,0.021641300384039504
9191,2996191,2017-01-04 01:32:02,0,0.0019439298,0.03134682115023351,0.4773343,0.022288209405909705
9192,2996192,2017-01-04 01:32:24,0,0.0040260004,0.030037265948178543,0.46154577,0.014745409013155832
9193,2996193,2017-01-04 01:33:30,0,8.102788e-05,0.03772125017533423,0.45611054,0.012776781673961549
9194,2996194,2017-01-04 01:33:37,0,0.0010083603,0.032572885763534586,0.4903025,0.031175359894552328
9195,2996195,2017-01-04 01:33:49,0,0.03871739,0.026251312896871267,0.4632703,0.015429573887392531
9196,2996196,2017-01-04 01:33:54,0,0.018984891,0.027404995183757587,0.47319826,0.0200113097601098
9197,2996197,2017-01-04 01:33:56,0,0.00022893018,0.03551242667603282,0.47140792,0.019097314675958432
9198,2996198,2017-01-04 01:34:04,0,0.00029819747,0.034970392791547844,0.4884011,0.02968544591033342
9199,2996199,2017-01-04 01:34:14,0,0.000259543,0.03525407758900194,0.46056494,0.014369561652535097
9200,2996200,2017-01-04 01:34:23,0,0.0009995793,0.03258952489627099,0.5216505,0.06889823040606803
9201,2996201,2017-01-04 01:34:37,0,0.015202521,0.027770603406983486,0.4721765,0.019484601142703624
9202,2996202,2017-01-04 01:34:57,0,0.0011130474,0.0323855309642678,0.4809128,0.024459402189592853
9203,2996203,2017-01-04 01:34:57,0,0.00028657145,0.03505142814912146,0.4777509,0.022531023532532744
9204,2996204,2017-01-04 01:35:36,0,0.0003705579,0.03453085476332942,0.4523937,0.011580480730344307
9205,2996205,2017-01-04 01:35:56,0,0.00025566787,0.03528494829005272,0.4640421,0.01574567512041937
9206,2996206,2017-01-04 01:36:21,0,0.0006918395,0.0332969463315556,0.4816786,0.024949981317248945
9207,2996207,2017-01-04 01:36:28,0,0.018668965,0.027432495202906793,0.4677547,0.01735642422886136
9208,2996208,2017-01-04 01:37:25,0,0.0013349869,0.03204332679058579,0.48706955,0.028683269485480164
9209,2996209,2017-01-04 01:37:37,0,0.15633008,0.02399879603817791,0.4631882,0.015396311766024712
9210,2996210,2017-01-04 01:37:39,0,0.0009965721,0.03259525882603759,0.47315717,0.01998986022159707
9211,2996211,2017-01-04 01:39:04,0,0.0048802644,0.029699572699728297,0.45541334,0.012543572550510747
9212,2996212,2017-01-04 01:39:19,0,0.008382915,0.028767892499078403,0.44731218,0.010119909915817514
9213,2996213,2017-01-04 01:39:29,0,0.00025328965,0.03530413958752108,0.476905,0.022040652355747176
9214,2996214,2017-01-04 01:40:23,0,0.010497493,0.028387799797177576,0.477456,0.022358884424338154
9215,2996215,2017-01-04 01:40:24,0,0.002665339,0.030772797754632562,0.4533689,0.011883358695746308
9216,2996216,2017-01-04 01:40:54,0,0.002831136,0.03066415861616128,0.47856763,0.023014514587406158
9217,2996217,2017-01-04 01:40:54,0,0.04872946,0.025883220310456038,0.4828368,0.025710095778017944
9218,2996218,2017-01-04 01:40:59,0,0.00332158,0.03037824501764763,0.4664449,0.016770663742235393
9219,2996219,2017-01-04 01:41:14,0,0.007276363,0.029009240066037327,0.44451708,0.009394694529561804
9220,2996220,2017-01-04 01:41:39,0,0.0026045511,0.030814424775837658,0.53392327,0.09305800509654248
9221,2996221,2017-01-04 01:41:40,0,0.00039571078,0.03439903138898943,0.49630585,0.03636768608078655
9222,2996222,2017-01-04 01:41:43,0,0.0001982823,0.03581051160647975,0.4521834,0.01151615283142021
9223,2996223,2017-01-04 01:41:59,0,0.010502116,0.028387059779724895,0.46740714,0.017199079799585758
9224,2996224,2017-01-04 01:42:38,0,0.0059979185,0.029341419098638476,0.44938204,0.010691798825694763
9225,2996225,2017-01-04 01:43:38,0,0.047190107,0.025934527381309337,0.4696805,0.018253959797375836
9226,2996226,2017-01-04 01:44:05,0,0.022452699,0.027131020775286483,0.45875868,0.013701661212023838
9227,2996227,2017-01-04 01:44:09,0,0.008976762,0.028651805200529398,0.46293607,0.015294606622989865
9228,2996228,2017-01-04 01:44:13,0,0.012901981,0.028042804735830477,0.47696844,0.02207707152403942
9229,2996229,2017-01-04 01:44:52,0,0.06275873,0.025479089829818783,0.4518616,0.011418396956302312
9230,2996230,2017-01-04 01:45:07,0,0.034135044,0.02645354493283023,0.4852709,0.02738130301925433
9231,2996231,2017-01-04 01:45:35,0,0.002282042,0.031053941680335217,0.4609428,0.0145132398489636
9232,2996232,2017-01-04 01:45:35,1,0.0013303359,0.032049863102027905,0.51274174,0.05517122837208984
9233,2996233,2017-01-04 01:45:39,0,0.011838028,0.02818637246382854,0.47049975,0.018649322522898183
9234,2996234,2017-01-04 01:46:09,0,0.00047605915,0.03403055755618729,0.5154491,0.05904357135804312
9235,2996235,2017-01-04 01:46:28,0,0.0019471677,0.03134376840178663,0.46590254,0.016533774401465893
9236,2996236,2017-01-04 01:47:21,0,0.004737853,0.02975132391126564,0.47693187,0.022056075054332228
9237,2996237,2017-01-04 01:47:31,0,0.00054884347,0.03374954648068568,0.48953658,0.03056671698214184
9238,2996238,2017-01-04 01:47:49,0,0.0017853897,0.03150324662338606,0.46337804,0.015473325193438203
9239,2996239,2017-01-04 01:47:53,0,0.00016605953,0.03618163395380077,0.45435992,0.012199049680565444
9240,2996240,2017-01-04 01:48:05,0,0.011247604,0.028271985074933483,0.45780674,0.01336192206371119
9241,2996241,2017-01-04 01:49:00,0,0.00027254983,0.0351539091469323,0.4557029,0.012639921388864911
9242,2996242,2017-01-04 01:49:20,0,0.0034823536,0.030294121886351076,0.46572775,0.01645812783104958
9243,2996243,2017-01-04 01:49:41,0,0.0077192825,0.028908294178262288,0.4476474,0.010210462863645079
9244,2996244,2017-01-04 01:50:06,0,0.008203705,0.028804625396793196,0.47201315,0.01940165683646725
9245,2996245,2017-01-04 01:50:19,0,0.0009204399,0.032746839089627784,0.53405195,0.09334811832729772
9246,2996246,2017-01-04 01:51:01,1,0.041788522,0.026129007422674617,0.4748922,0.020915121039391516
9247,2996247,2017-01-04 01:51:04,0,0.0044246293,0.029871151797929704,0.46849212,0.01769492138954642
9248,2996248,2017-01-04 01:51:30,0,0.00040862002,0.034334770286954336,0.4520657,0.011480307801632837
9249,2996249,2017-01-04 01:51:35,0,0.0068131597,0.029121956671551777,0.54035765,0.10860551395932375
9250,2996250,2017-01-04 01:51:45,0,0.061357643,0.02551515343145385,0.45016438,0.010916048974355134
9251,2996251,2017-01-04 01:52:44,0,0.00040431283,0.03435596991126105,0.51812404,0.06311996256133197
9252,2996252,2017-01-04 01:52:54,0,0.0010819692,0.03243914040657803,0.51516193,0.05862098206446787
9253,2996253,2017-01-04 01:53:54,0,0.003195158,0.030447464066258936,0.51620567,0.060170661496301535
9254,2996254,2017-01-04 01:54:16,0,0.0006855397,0.033314717002595765,0.47445282,0.020676952491522856
9255,2996255,2017-01-04 01:54:28,0,0.005453504,0.02950621068220693,0.46710166,0.017061932263857382
9256,2996256,2017-01-04 01:54:39,0,0.0006509961,0.03341532792997793,0.46934444,0.01809415491029025
9257,2996257,2017-01-04 01:54:50,0,0.0048292107,0.02971794034741689,0.48096287,0.02449118854616771
9258,2996258,2017-01-04 01:54:57,0,0.00042972944,0.034234172300624865,0.4808,0.02438793471071846
9259,2996259,2017-01-04 01:55:03,0,0.0007416236,0.03316225000658855,0.46483856,0.016078487102302287
9260,2996260,2017-01-04 01:55:24,0,0.00017926659,0.03602103772528086,0.46101102,0.014539327341217887
9261,2996261,2017-01-04 01:55:31,0,0.0056571476,0.029442623634376552,0.46620315,0.016664667959561348
9262,2996262,2017-01-04 01:55:45,0,0.0061501293,0.029298151570914345,0.48183808,0.025053333367661967
9263,2996263,2017-01-04 01:56:29,0,0.0002132455,0.03565932526219174,0.48704615,0.02866595711046471
9264,2996264,2017-01-04 01:56:44,0,0.0033365693,0.03037022256429818,0.46615285,0.016642693687129274
9265,2996265,2017-01-04 01:57:00,0,0.00048613444,0.03398905123168684,0.46110955,0.014577086055608984
9266,2996266,2017-01-04 01:57:06,0,0.0007344157,0.033181150241345624,0.44464624,0.00942706239638567
9267,2996267,2017-01-04 01:57:10,0,0.00330144,0.03038908428896286,0.5197594,0.06574076947233344
9268,2996268,2017-01-04 01:57:17,0,0.00097295915,0.03264092661928612,0.4693809,0.018111421445968973
9269,2996269,2017-01-04 01:57:30,0,0.0010727196,0.032455410234409204,0.47767618,0.022487289106500337
9270,2996270,2017-01-04 01:57:51,0,0.00043114234,0.03422762637602758,0.48681358,0.028494396194136493
9271,2996271,2017-01-04 01:58:45,0,0.0053871884,0.029527457858091098,0.5043751,0.04466906763670846
9272,2996272,2017-01-04 01:58:48,0,0.0019813331,0.031311878725653434,0.47714642,0.022179541839487536
9273,2996273,2017-01-04 01:59:05,0,0.0013609813,0.0320072324793701,0.47223932,0.01951659328004425
9274,2996274,2017-01-04 01:59:45,0,0.0017826722,0.031506053996495725,0.5109225,0.05270538471813059
9275,2996275,2017-01-04 02:00:05,0,0.015850894,0.027701623738482114,0.5183114,0.06341513838198282
9276,2996276,2017-01-04 02:00:15,0,0.0009982531,0.03259205133157883,0.47044826,0.0186242270764333
9277,2996277,2017-01-04 02:00:24,0,0.0025821861,0.03082999842976758,0.49574023,0.035845001370865506
9278,2996278,2017-01-04 02:00:39,0,0.017413996,0.027546727706022706,0.46870184,0.017792353952301623
9279,2996279,2017-01-04 02:01:10,0,0.00015966585,0.036264295550222814,0.5605394,0.17312683574054308
9280,2996280,2017-01-04 02:01:16,0,0.0023939519,0.030966997874021945,0.4696393,0.018234300393039367
9281,2996281,2017-01-04 02:02:01,0,0.017159034,0.027570980526006428,0.48358166,0.026210726150543224
9282,2996282,2017-01-04 02:02:02,0,0.00046438279,0.03407983588582035,0.45556575,0.012594196110441554
9283,2996283,2017-01-04 02:02:12,0,0.0050296807,0.029646956700837206,0.48094136,0.024477523079238114
9284,2996284,2017-01-04 02:02:14,0,0.003311368,0.03038373241247483,0.48335865,0.02605985400242259
9285,2996285,2017-01-04 02:02:32,0,0.00063191913,0.03347333614842957,0.4639954,0.015726370377841567
9286,2996286,2017-01-04 02:02:56,0,0.0024902804,0.03089552408964256,0.45838746,0.013568188994900738
9287,2996287,2017-01-04 02:02:57,0,0.00086305913,0.03287010602994723,0.56110173,0.17530697978995322
9288,2996288,2017-01-04 02:03:01,0,0.0024525204,0.030923188047029492,0.4762249,0.02165393147385862
9289,2996289,2017-01-04 02:03:25,0,0.008309537,0.02878283236604381,0.47761923,0.022454007180852973
9290,2996290,2017-01-04 02:03:26,0,0.0030691833,0.030519370072886166,0.46646106,0.01677776913096541
9291,2996291,2017-01-04 02:03:34,0,0.0007215741,0.03321531344587522,0.4688867,0.01787867155435592
9292,2996292,2017-01-04 02:03:38,0,0.0006849598,0.03331636135559946,0.464757,0.01604409056248562
9293,2996293,2017-01-04 02:03:57,0,0.0027599037,0.0307099898764662,0.47486785,0.020901853232856083
9294,2996294,2017-01-04 02:04:10,0,0.00072383654,0.03320924827294282,0.48054892,0.024229581634553382
9295,2996295,2017-01-04 02:04:18,0,0.0008817628,0.032828999265109335,0.46852806,0.017711582452001527
9296,2996296,2017-01-04 02:04:18,0,0.00029354743,0.03500239719430621,0.46810907,0.01751829935421607
9297,2996297,2017-01-04 02:04:29,0,0.0025134473,0.030878769453940743,0.45632422,0.012849099067907365
9298,2996298,2017-01-04 02:04:35,0,0.011795788,0.028192347482772526,0.47101814,0.018903769995341567
9299,2996299,2017-01-04 02:04:54,0,0.0008958751,0.03279858807632973,0.4623302,0.015052867701629521
9300,2996300,2017-01-04 02:05:44,0,0.011533024,0.028230026412384784,0.4734762,0.020156958189300862
9301,2996301,2017-01-04 02:05:51,0,0.0064019705,0.02922897660316052,0.46509925,0.016188894452433808
9302,2996302,2017-01-04 02:06:11,0,0.0036081637,0.030231098240315814,0.45309407,0.011797227022244491
9303,2996303,2017-01-04 02:06:38,0,0.00018217492,0.035987352468002526,0.45898625,0.013784115797791775
9304,2996304,2017-01-04 02:06:44,0,0.025013184,0.02695553047320392,0.44694182,0.010020774514738508
9305,2996305,2017-01-04 02:07:11,0,0.0013376914,0.03203953697939745,0.5382322,0.10322919060403757
9306,2996306,2017-01-04 02:07:12,0,0.0009947389,0.03259876315422093,0.48569593,0.02768371357048128
9307,2996307,2017-01-04 02:07:55,0,0.0008778299,0.03283756607619376,0.49505764,0.03522383621385097
9308,2996308,2017-01-04 02:07:57,0,0.052343316,0.025768920316915318,0.44523695,0.009576481802129767
9309,2996309,2017-01-04 02:09:17,0,0.06565405,0.02540703367089869,0.47069514,0.018744833412386454
9310,2996310,2017-01-04 02:09:21,0,0.0006558004,0.0334010020814716,0.48063207,0.024281910732056232
9311,2996311,2017-01-04 02:09:31,0,0.001306641,0.032083541349276636,0.4719991,0.019394545193214485
9312,2996312,2017-01-04 02:09:49,0,0.00053592253,0.03379644733116077,0.47519317,0.021079802164562646
9313,2996313,2017-01-04 02:10:43,0,0.0063136467,0.02925290635127628,0.47739872,0.022325596513489247
9314,2996314,2017-01-04 02:11:13,0,0.0024836077,0.03090038037247786,0.47824955,0.022825032184113508
9315,2996315,2017-01-04 02:12:13,0,0.0007140406,0.033235655307485866,0.5454074,0.12238963372505193
9316,2996316,2017-01-04 02:12:18,0,0.0028508122,0.030651713014525885,0.4812261,0.02465895341635444
9317,2996317,2017-01-04 02:12:41,0,0.0012141626,0.03222144728351408,0.47892132,0.02322700372140148
9318,2996318,2017-01-04 02:13:50,0,0.0005403362,0.033780293510701755,0.46628195,0.01669914411089483
9319,2996319,2017-01-04 02:13:59,0,0.0003445507,0.0346774835698413,0.47665843,0.02189968511513865
9320,2996320,2017-01-04 02:14:13,0,0.0036362943,0.030217323118266772,0.46593547,0.01654806446881834
9321,2996321,2017-01-04 02:14:23,0,0.00048662518,0.03398705278883493,0.45631474,0.012845883256658112
9322,2996322,2017-01-04 02:14:24,0,0.0013997728,0.03195469958404317,0.45467204,0.012300156478395849
9323,2996323,2017-01-04 02:14:37,0,0.0003734964,0.034514974555291726,0.47011963,0.01846485515898964
9324,2996324,2017-01-04 02:14:57,0,0.0013018406,0.0320904427763857,0.46938914,0.01811533440643854
9325,2996325,2017-01-04 02:15:15,0,0.018295327,0.027465649671228547,0.46811524,0.017521130256442745
9326,2996326,2017-01-04 02:15:24,0,0.0006711927,0.03335583903792313,0.5093665,0.050679613168134366
9327,2996327,2017-01-04 02:15:42,0,0.021194305,0.027225021534758385,0.47799698,0.022675650464242244
9328,2996328,2017-01-04 02:16:16,0,0.0051602987,0.02960229017131245,0.4757048,0.021362631831995264
9329,2996329,2017-01-04 02:17:10,0,0.009921386,0.028482792219304356,0.4728634,0.019837189369732375
9330,2996330,2017-01-04 02:17:19,0,0.00032075695,0.03482225418666053,0.45816636,0.013489293120398585
9331,2996331,2017-01-04 02:17:45,0,0.00053843524,0.033787233764617945,0.5525176,0.14437991178394396
9332,2996332,2017-01-04 02:17:46,0,0.0007622376,0.033109248433969264,0.4540202,0.012089922978720523
9333,2996333,2017-01-04 02:18:35,0,0.009033408,0.02864115527272809,0.46822205,0.017570215108672488
9334,2996334,2017-01-04 02:18:37,0,0.0014641797,0.031870780969932296,0.46407637,0.015759857276582606
9335,2996335,2017-01-04 02:18:44,0,0.0013497267,0.032022769855515346,0.47290924,0.019860935991891725
9336,2996336,2017-01-04 02:20:19,0,0.00478098,0.02973548106767766,0.47581774,0.021425567405573852
9337,2996337,2017-01-04 02:20:37,0,0.0084955515,0.02874522425539885,0.47134835,0.019067609051396695
9338,2996338,2017-01-04 02:20:38,0,0.0007232426,0.03321083862106168,0.48222363,0.025304921689830662
9339,2996339,2017-01-04 02:20:44,0,0.0004443452,0.03416753076401016,0.49550685,0.03563144585298295
9340,2996340,2017-01-04 02:22:07,0,0.00085126865,0.032896505144254136,0.45937055,0.013924455674840469
9341,2996341,2017-01-04 02:22:37,0,0.00031995124,0.03482735302048144,0.53460807,0.0946112934893186
9342,2996342,2017-01-04 02:22:48,0,0.0004405672,0.034184532518403025,0.483851,0.02639405736754093
9343,2996343,2017-01-04 02:22:51,0,0.007426959,0.028974210730661185,0.47961783,0.023651022717116093
9344,2996344,2017-01-04 02:24:07,0,0.00018899143,0.03591057618143714,0.4503777,0.010977986940905769
9345,2996345,2017-01-04 02:24:28,0,0.0015355569,0.031782214468016455,0.48461735,0.026922546688528108
9346,2996346,2017-01-04 02:24:31,0,0.0032908907,0.030394789771802343,0.4574527,0.013237679426217843
9347,2996347,2017-01-04 02:24:31,0,0.000149732,0.03639992444950969,0.53033584,0.08529380118495719
9348,2996348,2017-01-04 02:24:43,0,0.009228054,0.028605086328677358,0.45493016,0.012384386147639906
9349,2996349,2017-01-04 02:24:45,0,0.00090574595,0.03277761592913077,0.44997245,0.010860614740170927
9350,2996350,2017-01-04 02:24:48,0,0.0017073854,0.03158567936617272,0.48350173,0.026156554738406983
9351,2996351,2017-01-04 02:25:18,0,0.014909333,0.0278028087726889,0.4486979,0.010499378059067086
9352,2996352,2017-01-04 02:25:21,0,0.0059968126,0.029341737682325376,0.45502406,0.012415169265528818
9353,2996353,2017-01-04 02:25:34,0,0.00038123378,0.034473783607870734,0.46506304,0.016173514351013954
9354,2996354,2017-01-04 02:25:46,0,0.0009851876,0.03261713237020121,0.44965342,0.010769074234197401
9355,2996355,2017-01-04 02:26:05,0,0.0039422545,0.03007436332980576,0.46509778,0.016188273909718224
9356,2996356,2017-01-04 02:26:07,0,0.0043015257,0.02992071094655159,0.46353942,0.015539087311949086
9357,2996357,2017-01-04 02:26:07,0,0.0012142811,0.0322212635470637,0.4609047,0.014498683066981512
9358,2996358,2017-01-04 02:26:08,0,0.0064585465,0.02921382992832937,0.48020664,0.02401531824096029
9359,2996359,2017-01-04 02:26:12,0,0.0041630724,0.02997826537944091,0.48147726,0.024820082175264185
9360,2996360,2017-01-04 02:27:13,0,0.0019890498,0.03130475632575921,0.48725617,0.028821733779270473
9361,2996361,2017-01-04 02:27:16,0,0.0006857361,0.03331416041442178,0.47800025,0.022677583253825063
9362,2996362,2017-01-04 02:27:29,0,0.0012425162,0.03217801931256416,0.46906498,0.017962299406800407
9363,2996363,2017-01-04 02:27:37,0,0.0010242659,0.03254313189249502,0.45674616,0.01299307049062246
9364,2996364,2017-01-04 02:27:47,0,0.0016665546,0.03163042718472656,0.45010713,0.010899484618178454
9365,2996365,2017-01-04 02:27:58,0,0.0066111386,0.0291736624928416,0.4732138,0.02001941942777903
9366,2996366,2017-01-04 02:30:42,0,0.0027159567,0.03073889176308282,0.46845987,0.017679986374858556
9367,2996367,2017-01-04 02:30:44,0,0.00253697,0.03086192327350091,0.47471133,0.020816757419762973
9368,2996368,2017-01-04 02:30:52,0,0.012340744,0.02811692561291156,0.4747648,0.020845786905793917
9369,2996369,2017-01-04 02:31:07,0,0.0003998703,0.03437808690017852,0.46212634,0.014972374087410754
9370,2996370,2017-01-04 02:31:57,0,0.027886033,0.026779480055414216,0.47830474,0.022857802690622687
9371,2996371,2017-01-04 02:31:58,0,0.05215779,0.025774592047312243,0.49578202,0.03588336431857755
9372,2996372,2017-01-04 02:32:22,0,0.01562867,0.027724929377850184,0.4829042,0.02575500185330841
9373,2996373,2017-01-04 02:32:27,0,0.0010762818,0.03244912699821934,0.475166,0.021064878917290596
9374,2996374,2017-01-04 02:32:42,0,0.0045128637,0.029836515082758367,0.46616483,0.016647924338307245
9375,2996375,2017-01-04 02:33:26,0,0.0006976118,0.03328081307110412,0.4915627,0.032202305430455554
9376,2996376,2017-01-04 02:33:38,0,0.008412806,0.02876184577552072,0.46310547,0.015362866682963359
9377,2996377,2017-01-04 02:33:45,0,0.0019272226,0.03136265892452815,0.5454445,0.12249628418290107
9378,2996378,2017-01-04 02:33:54,0,0.012500809,0.028095433012727426,0.5009101,0.04090337805421938
9379,2996379,2017-01-04 02:34:11,0,0.0007977054,0.03302150243115885,0.47774518,0.022527671191393667
9380,2996380,2017-01-04 02:34:33,0,0.0013256144,0.03205652310356641,0.4608887,0.014492586875166281
9381,2996381,2017-01-04 02:35:28,0,0.07255085,0.025247327850660767,0.4964658,0.036516817889737214
9382,2996382,2017-01-04 02:36:37,0,0.010435032,0.028397831512205197,0.47755212,0.022414847744508228
9383,2996383,2017-01-04 02:36:49,0,0.040771272,0.026168475836196345,0.48263547,0.025576365079680814
9384,2996384,2017-01-04 02:37:01,0,0.007991774,0.02884916726728585,0.46893692,0.017902189338203343
9385,2996385,2017-01-04 02:37:05,0,0.001456457,0.03188063558264629,0.49342164,0.033776934520632226
9386,2996386,2017-01-04 02:37:06,0,0.0008878057,0.03281591472721069,0.5041363,0.04439928540027947
9387,2996387,2017-01-04 02:37:10,0,0.0004956992,0.033950480003218014,0.46741042,0.017200557425653764
9388,2996388,2017-01-04 02:37:48,0,0.00016709002,0.03616862608714398,0.47388393,0.020372485322996504
9389,2996389,2017-01-04 02:37:56,0,0.027759919,0.026786807872227984,0.45960885,0.014012175989420228
9390,2996390,2017-01-04 02:38:08,0,0.003441579,0.03031506353036888,0.4745332,0.020720323971377963
9391,2996391,2017-01-04 02:38:37,1,0.0010058662,0.03257759621998952,0.55832356,0.1647497404438779
9392,2996392,2017-01-04 02:38:46,0,0.00035899473,0.03459466124734802,0.45893958,0.013767166634849066
9393,2996393,2017-01-04 02:39:00,0,0.011049246,0.028301806410797936,0.478219,0.022806914754079966
9394,2996394,2017-01-04 02:40:39,0,0.0064015617,0.02922908657289771,0.47412118,0.02049892931839817
9395,2996395,2017-01-04 02:42:34,0,0.00013702002,0.036588049498359025,0.45985305,0.014102626487845686
9396,2996396,2017-01-04 02:43:29,0,0.0030028978,0.030558465010693498,0.50173354,0.041769747091624274
9397,2996397,2017-01-04 02:44:10,0,0.003184846,0.030453236954567784,0.47527868,0.02112681517470456
9398,2996398,2017-01-04 02:44:24,0,0.00031594044,0.03485293821532955,0.45253858,0.011624994427544808
9399,2996399,2017-01-04 02:44:57,0,0.00089541514,0.03279957126455303,0.47204202,0.019416295766030368
9400,2996400,2017-01-04 02:45:17,0,0.0062631173,0.029266755072874632,0.51301754,0.055554435064180625
9401,2996401,2017-01-04 02:45:42,0,0.000326283,0.034787643547798515,0.4830922,0.025880687903160154
9402,2996402,2017-01-04 02:45:46,0,0.0035549267,0.03025747993289516,0.46792734,0.017435103237402074
9403,2996403,2017-01-04 02:45:51,0,0.0003402911,0.0347026095637021,0.5230494,0.07132441827063034
9404,2996404,2017-01-04 02:45:56,0,0.013301145,0.027992109882526053,0.47460723,0.020760348256523942
9405,2996405,2017-01-04 02:46:00,0,0.037014514,0.02632346261345526,0.4763272,0.02171168536182658
9406,2996406,2017-01-04 02:46:06,0,0.006415765,0.0292252706324612,0.49552998,0.035652553050399854
9407,2996407,2017-01-04 02:46:54,0,0.0063434797,0.02924478449690656,0.49932477,0.03928361687268696
9408,2996408,2017-01-04 02:47:09,0,0.00071299274,0.033238502636307767,0.47840393,0.02291680522870084
9409,2996409,2017-01-04 02:47:36,0,0.037969086,0.02628261109909008,0.47203204,0.019411233622453287
9410,2996410,2017-01-04 02:47:45,0,0.0038649768,0.030109339081623145,0.4923907,0.03289472484162401
9411,2996411,2017-01-04 02:47:48,0,0.00025435712,0.03529550209149775,0.51143295,0.053386519279088156
9412,2996412,2017-01-04 02:48:58,0,0.0023189213,0.031024802366732475,0.4731611,0.019991912437480403
9413,2996413,2017-01-04 02:48:59,0,0.10437025,0.024662601714182563,0.48243207,0.025441952631963492
9414,2996414,2017-01-04 02:49:06,0,0.0013340598,0.03204462781424274,0.48019275,0.024006663458738406
9415,2996415,2017-01-04 02:49:11,0,0.016554745,0.027629993194666875,0.47078842,0.0187906002256627
9416,2996416,2017-01-04 02:49:20,0,0.00028027323,0.03509679021536284,0.47258687,0.01969450628721224
9417,2996417,2017-01-04 02:49:51,0,0.00024084325,0.035407784140070016,0.49193555,0.03251235305636338
9418,2996418,2017-01-04 02:50:07,0,0.0027880284,0.030691746951553984,0.47257406,0.01968791841055851
9419,2996419,2017-01-04 02:50:20,0,0.0022316214,0.03109459422301949,0.46483728,0.016077946156621944
9420,2996420,2017-01-04 02:51:14,0,0.00030098602,0.034951451994128996,0.46094242,0.014513091819519413
9421,2996421,2017-01-04 02:51:16,0,0.0034649954,0.030303005226281033,0.47386435,0.020362084139685363
9422,2996422,2017-01-04 02:52:49,0,0.000845328,0.0329099530247735,0.45945424,0.013955199832367945
9423,2996423,2017-01-04 02:53:23,0,0.0002034714,0.03575675645808277,0.45066336,0.011061461861506104
9424,2996424,2017-01-04 02:53:38,0,0.13291419,0.024268091568282437,0.4660149,0.016582578194965194
9425,2996425,2017-01-04 02:54:17,0,0.002780309,0.030696734766925797,0.46977443,0.0182988751521659
9426,2996426,2017-01-04 02:55:45,0,0.0020258673,0.03127117076813992,0.49899524,0.038954743293138284
9427,2996427,2017-01-04 02:55:55,0,0.0009316928,0.03272361824770743,0.48252016,0.025500084293047683
9428,2996428,2017-01-04 02:56:21,0,0.00041341202,0.034311459962107806,0.4482667,0.010379841904856036
9429,2996429,2017-01-04 02:56:55,0,0.0034183152,0.030327129069075757,0.46044797,0.014325364941790982
9430,2996430,2017-01-04 02:58:42,0,0.0003476103,0.03465963758005402,0.48694256,0.028589418764210128
9431,2996431,2017-01-04 02:59:21,0,0.0046290546,0.02979197569645973,0.46930152,0.018073845242667988
9432,2996432,2017-01-04 03:00:33,0,0.0011457076,0.032330868706760184,0.45964956,0.014027215428298176
9433,2996433,2017-01-04 03:00:59,0,0.001288326,0.03211001771715687,0.5019436,0.04199354049837628
9434,2996434,2017-01-04 03:02:04,0,0.015233457,0.027767243093562606,0.45842844,0.013582860421035039
9435,2996435,2017-01-04 03:02:11,0,0.011791269,0.02819298800433397,0.53289,0.09075818623392984
9436,2996436,2017-01-04 03:04:23,0,0.0009259428,0.032735446398524354,0.46090943,0.014500491932206505
9437,2996437,2017-01-04 03:04:44,0,0.09104435,0.024883096556919955,0.5088826,0.050064790199030484
9438,2996438,2017-01-04 03:04:45,0,0.0036194269,0.030225569300561878,0.48375165,0.02632629767361807
9439,2996439,2017-01-04 03:04:48,0,0.0009333129,0.032720299383789085,0.54147655,0.11153502691629892
9440,2996440,2017-01-04 03:06:10,0,0.0003619389,0.034578211315169895,0.46260944,0.015163818481912552
9441,2996441,2017-01-04 03:06:26,0,0.0024711064,0.030909515817248403,0.48901343,0.030157601924544218
9442,2996442,2017-01-04 03:06:31,0,0.00042072218,0.034276444222426754,0.45871484,0.013685832402167133
9443,2996443,2017-01-04 03:07:34,0,0.002214564,0.03110856667820551,0.4712931,0.019040098299645387
9444,2996444,2017-01-04 03:07:34,0,0.0016344555,0.0316664253090199,0.46903235,0.017946963016729326
9445,2996445,2017-01-04 03:08:05,0,0.0007630563,0.033107174813478905,0.49637967,0.03643644113178509
9446,2996446,2017-01-04 03:08:19,0,0.0019841657,0.03130926087048755,0.48525804,0.027372214043881335
9447,2996447,2017-01-04 03:08:29,0,0.00316353,0.030465232664141414,0.4905955,0.03141126190981854
9448,2996448,2017-01-04 03:09:17,0,0.0013727059,0.031991189657431585,0.47394106,0.020402863482023532
9449,2996449,2017-01-04 03:09:40,0,0.0023259015,0.031019342081202408,0.46335828,0.015465292065396286
9450,2996450,2017-01-04 03:10:51,0,0.00036616917,0.034554821260341755,0.47557917,0.021292849597444423
9451,2996451,2017-01-04 03:11:00,0,0.006596852,0.029177381643634343,0.48113108,0.024598268957606036
9452,2996452,2017-01-04 03:12:47,0,0.05393643,0.025721032613604197,0.47000068,0.018407501062431327
9453,2996453,2017-01-04 03:12:51,0,0.0024871377,0.03089780962177777,0.4767869,0.021973032594539064
9454,2996454,2017-01-04 03:12:55,0,0.0023633342,0.03099035221235155,0.4790472,0.023303089894402915
9455,2996455,2017-01-04 03:13:26,0,0.021933937,0.02716909371195436,0.4913002,0.031985737464079976
9456,2996456,2017-01-04 03:14:02,0,0.0058919764,0.029372221048148774,0.4617466,0.014823540880859222
9457,2996457,2017-01-04 03:14:55,0,0.00778515,0.028893803403117885,0.4626969,0.015198735400995993
9458,2996458,2017-01-04 03:15:01,0,0.0011155938,0.03238120855484341,0.46920475,0.01802813105648029
9459,2996459,2017-01-04 03:15:13,0,0.0005337234,0.03380454862427284,0.45785168,0.013377775236225038
9460,2996460,2017-01-04 03:15:18,0,0.015602019,0.027727747512578345,0.4771882,0.022203664801388016
9461,2996461,2017-01-04 03:15:38,0,0.002577364,0.030833374922013546,0.45976594,0.014070295564477649
9462,2996462,2017-01-04 03:16:12,0,0.003305316,0.03038699285823343,0.47159907,0.01919293222317179
9463,2996463,2017-01-04 03:16:26,0,0.006313383,0.029252978284504915,0.48774493,0.029187435704372607
9464,2996464,2017-01-04 03:16:27,0,0.030798223,0.026619139990515128,0.47536746,0.021175738419451272
9465,2996465,2017-01-04 03:17:49,0,0.004705837,0.029763183639814506,0.46192276,0.014892404522252602
9466,2996466,2017-01-04 03:18:58,0,0.0064379196,0.029219336020802063,0.46011344,0.014199697034806889
9467,2996467,2017-01-04 03:19:06,0,0.006000287,0.029340737067690616,0.47338074,0.02010681975617
9468,2996468,2017-01-04 03:20:02,0,0.0023894657,0.0309704000538377,0.47583038,0.021432619402305935
9469,2996469,2017-01-04 03:22:07,0,0.0028257552,0.030667578079914208,0.503346,0.04351741841960257
9470,2996470,2017-01-04 03:22:27,0,0.00018706807,0.035931939586637075,0.47676665,0.021961447240080468
9471,2996471,2017-01-04 03:24:54,1,0.0029022454,0.030619603055427186,0.4943077,0.03455331840787037
9472,2996472,2017-01-04 03:26:04,0,0.0003679107,0.03454527484083931,0.45743552,0.013231673304625251
9473,2996473,2017-01-04 03:26:12,0,0.0011587025,0.03230957531014236,0.47314194,0.019981917587818625
9474,2996474,2017-01-04 03:26:25,0,0.0012200088,0.03221240585932909,0.45836082,0.013558658178002825
9475,2996475,2017-01-04 03:26:46,0,0.007970531,0.028853700219746578,0.4700638,0.01843791694257135
9476,2996476,2017-01-04 03:27:31,0,0.0010971334,0.032412782213856746,0.47312048,0.019970731603615503
9477,2996477,2017-01-04 03:29:13,0,0.0050549475,0.029638221917680497,0.5507017,0.1384633072456812
9478,2996478,2017-01-04 03:29:46,0,0.0021742615,0.031142036176579943,0.4687232,0.017802310588960743
9479,2996479,2017-01-04 03:29:50,1,0.0007471058,0.033148004027539625,0.45565063,0.012622474686925832
9480,2996480,2017-01-04 03:29:52,0,0.0017614134,0.03152817307474659,0.46253067,0.015132442219026529
9481,2996481,2017-01-04 03:30:16,0,0.00080969266,0.03299277454276866,0.4854828,0.02753168263987127
9482,2996482,2017-01-04 03:30:37,0,0.0017853319,0.03150330634869783,0.4916444,0.032270012823453
9483,2996483,2017-01-04 03:30:58,0,0.0015766773,0.031733142005116476,0.488112,0.029465034938007555
9484,2996484,2017-01-04 03:31:43,0,0.0057422672,0.029416755316582194,0.49203256,0.032593488986726225
9485,2996485,2017-01-04 03:31:55,0,0.023804227,0.02703595390045324,0.46528667,0.016268731593613937
9486,2996486,2017-01-04 03:31:59,0,0.007623064,0.028929697153518067,0.48144886,0.02480181144115676
9487,2996487,2017-01-04 03:32:14,0,0.0007112842,0.033243154650927795,0.4680234,0.01747902722420782
9488,2996488,2017-01-04 03:32:35,0,0.0010062068,0.03257695215925185,0.48796642,0.02935463349347335
9489,2996489,2017-01-04 03:33:29,0,0.005405185,0.029521664835981135,0.4850518,0.02722668329502423
9490,2996490,2017-01-04 03:34:04,0,0.0060934746,0.029314123421470106,0.46449557,0.01593433243855743
9491,2996491,2017-01-04 03:34:46,0,0.00410424,0.030003334644467472,0.49065226,0.03145717251812661
9492,2996492,2017-01-04 03:35:05,0,0.0027517567,0.03071531096681905,0.46025866,0.014254119657267134
9493,2996493,2017-01-04 03:35:32,1,0.0049792426,0.029664532152714834,0.52122486,0.068175447656397
9494,2996494,2017-01-04 03:35:44,0,0.015025874,0.027789928900444322,0.49299756,0.033411308273114504
9495,2996495,2017-01-04 03:36:37,0,0.014092318,0.027896162671439666,0.4709825,0.018886166867437566
9496,2996496,2017-01-04 03:37:25,0,0.018063748,0.027486553856473934,0.5363374,0.09863892059387476
9497,2996497,2017-01-04 03:39:58,0,0.014441797,0.02785555702450117,0.49975395,0.03971594616959709
9498,2996498,2017-01-04 03:40:14,0,0.0106027,0.028371043211085814,0.4792605,0.023432559685274995
9499,2996499,2017-01-04 03:41:26,0,0.0013021673,0.03208997229041794,0.48734087,0.028884788504672212
9500,2996500,2017-01-04 03:41:53,0,0.00077630446,0.033073941876175524,0.4596951,0.014044057080257216
9501,2996501,2017-01-04 03:42:05,0,0.004389933,0.029884971578682,0.4716557,0.019221345924999047
9502,2996502,2017-01-04 03:42:24,0,0.0020822939,0.031220926979626223,0.48626298,0.028092193794342447
9503,2996503,2017-01-04 03:45:04,1,0.00027990498,0.035099475709836174,0.48642486,0.028209875783123683
9504,2996504,2017-01-04 03:45:38,0,0.0030713785,0.030518090659450655,0.4647312,0.01603322224836781
9505,2996505,2017-01-04 03:45:40,0,0.0017644503,0.03152499607093533,0.46323553,0.015415475742252981
9506,2996506,2017-01-04 03:46:14,0,0.0017425481,0.03154803891854396,0.4803195,0.024085764518849806
9507,2996507,2017-01-04 03:47:19,0,0.0026811934,0.030762105284726334,0.49419814,0.034456402158463996
9508,2996508,2017-01-04 03:48:32,0,0.014505236,0.02784829603272308,0.46260086,0.015160396430927191
9509,2996509,2017-01-04 03:48:40,0,0.0019523463,0.03133889696008284,0.47234803,0.019572077900580173
9510,2996510,2017-01-04 03:50:00,0,0.0006080157,0.03354868677971551,0.46826157,0.01758840927328158
9511,2996511,2017-01-04 03:50:38,0,0.004876841,0.029700798053863203,0.45432124,0.01218657523710151
9512,2996512,2017-01-04 03:50:45,0,0.0035573752,0.030256257496274055,0.54998934,0.13619970977486834
9513,2996513,2017-01-04 03:51:04,0,0.00014951,0.03640306305410351,0.46823898,0.017578006445753115
9514,2996514,2017-01-04 03:52:52,0,0.0071433135,0.0290408273093345,0.460399,0.01430690356691811
9515,2996515,2017-01-04 03:53:13,0,0.0417587,0.02613015049274435,0.489905,0.03085803604899562
9516,2996516,2017-01-04 03:54:23,0,0.018349906,0.02746076296037706,0.4764902,0.021804000096288904
9517,2996517,2017-01-04 03:55:23,0,0.0024543912,0.030921806913566496,0.4685177,0.017706773217182302
9518,2996518,2017-01-04 03:55:37,1,0.007219231,0.02902272882412165,0.48846996,0.029738192675823904
9519,2996519,2017-01-04 03:56:16,0,0.007088577,0.029054002060643475,0.47972688,0.023718083640188153
9520,2996520,2017-01-04 03:56:53,0,0.0056870584,0.02943348721716542,0.460015,0.014162923548177364
9521,2996521,2017-01-04 03:56:54,0,0.0042548133,0.029939908329948105,0.5309713,0.08662439829656071
9522,2996522,2017-01-04 03:57:02,0,0.09382103,0.024834714141086015,0.48523226,0.02735398163381129
9523,2996523,2017-01-04 03:58:21,0,0.0748169,0.025198106389207574,0.5175508,0.06222476900517618
9524,2996524,2017-01-04 03:58:32,0,0.010234173,0.02843052229941162,0.4828904,0.025745799958429468
9525,2996525,2017-01-04 04:00:17,0,0.016308963,0.027654639665027646,0.4746,0.020756429527015726
9526,2996526,2017-01-04 04:00:32,0,0.0009006428,0.032788428133917524,0.46235394,0.01506227420545266
9527,2996527,2017-01-04 04:00:43,0,0.001007954,0.03257365226461292,0.4596841,0.014039988151708292
9528,2996528,2017-01-04 04:00:47,0,0.025706887,0.02691117708454228,0.4809899,0.024508366029652527
9529,2996529,2017-01-04 04:01:25,0,0.0073682037,0.028987788020761376,0.4827294,0.025638672868828347
9530,2996530,2017-01-04 04:02:26,0,0.0005692141,0.03367792192816796,0.4767481,0.02195085523908105
9531,2996531,2017-01-04 04:03:09,1,0.0017524658,0.03153756704103101,0.49404353,0.03432006773420357
9532,2996532,2017-01-04 04:03:54,0,0.0042301007,0.029950154426595075,0.47029185,0.018548212323307185
9533,2996533,2017-01-04 04:03:58,0,0.0070525897,0.029062722291769774,0.46961674,0.018223540545639655
9534,2996534,2017-01-04 04:05:50,0,0.007672138,0.028918745842089037,0.4934386,0.03379163426201131
9535,2996535,2017-01-04 04:06:08,1,0.00074332306,0.03315782190256051,0.49704427,0.037061080764757934
9536,2996536,2017-01-04 04:07:14,0,0.0017688408,0.031520413256071515,0.47112337,0.018955833513206698
9537,2996537,2017-01-04 04:07:59,0,0.008315279,0.02878165819553422,0.46070552,0.014422852146115592
9538,2996538,2017-01-04 04:08:02,0,0.006843774,0.029114261877123283,0.48434174,0.02673131520207035
9539,2996539,2017-01-04 04:09:01,0,0.0012607295,0.03215067098228763,0.48125833,0.024679582536084908
9540,2996540,2017-01-04 04:09:15,0,0.022803655,0.0271057764605325,0.52442974,0.07379608889381614
9541,2996541,2017-01-04 04:10:02,0,0.019771075,0.027338573513359034,0.50496936,0.04534730241111392
9542,2996542,2017-01-04 04:10:58,0,0.04803364,0.025906206494695747,0.50416076,0.04442682503777885
9543,2996543,2017-01-04 04:10:59,0,0.0010839186,0.032435730256266435,0.483111,0.02589329311731574
9544,2996544,2017-01-04 04:11:40,0,0.0014464752,0.03189345483539654,0.48653406,0.02828952380838477
9545,2996545,2017-01-04 04:12:00,0,0.013195499,0.028005371046346688,0.4721202,0.019455975957773916
9546,2996546,2017-01-04 04:12:09,0,0.0045263944,0.029831266649544424,0.49183568,0.03242902756737508
9547,2996547,2017-01-04 04:12:52,0,0.001908939,0.03138015784839432,0.48584592,0.027791202095025603
9548,2996548,2017-01-04 04:13:46,0,0.0065883826,0.02917959046184767,0.48677787,0.028468147726307545
9549,2996549,2017-01-04 04:14:51,0,0.0010235519,0.03254445700928797,0.48115665,0.024614586977529315
9550,2996550,2017-01-04 04:15:23,0,0.022131206,0.02715450693834965,0.4756752,0.021346172069722665
9551,2996551,2017-01-04 04:15:30,0,0.0027517343,0.030715325588393218,0.48209694,0.02522198293373511
9552,2996552,2017-01-04 04:16:46,0,0.0005955376,0.03358927376188559,0.50143415,0.04145273084879055
9553,2996553,2017-01-04 04:16:56,0,0.0006597309,0.033389363829776954,0.46313563,0.015375051001953022
9554,2996554,2017-01-04 04:17:02,0,0.00794053,0.028860123436261795,0.4769284,0.022054091060818723
9555,2996555,2017-01-04 04:17:17,0,0.016580189,0.02762746354029226,0.46576276,0.016473255922472094
9556,2996556,2017-01-04 04:20:39,0,0.0019130418,0.03137621576839606,0.46525845,0.016256685237671157
9557,2996557,2017-01-04 04:21:20,0,0.0033103751,0.03038426683892461,0.46891877,0.017893685970130538
9558,2996558,2017-01-04 04:21:22,0,0.00065774546,0.033395233585670876,0.46730277,0.017152102030489474
9559,2996559,2017-01-04 04:21:48,0,0.015742812,0.02771291591879086,0.4726561,0.01973013319367468
9560,2996560,2017-01-04 04:21:49,0,0.061290585,0.025516899999628268,0.47891226,0.023221537125000562
9561,2996561,2017-01-04 04:25:37,0,0.0008744531,0.03284495392393087,0.4961576,0.03622996961553984
9562,2996562,2017-01-04 04:26:27,1,0.0013941189,0.03196226003305705,0.53543377,0.09651543822801495
9563,2996563,2017-01-04 04:27:46,0,0.0022433803,0.031085027436842043,0.49126637,0.031957932839822
9564,2996564,2017-01-04 04:28:33,1,0.0016784981,0.03161721926677931,0.53342706,0.09194699874572489
9565,2996565,2017-01-04 04:28:50,0,0.001961793,0.0313300455573984,0.46709305,0.01705808083048711
9566,2996566,2017-01-04 04:30:03,0,0.004579219,0.02981093338212871,0.4835481,0.0261879698311457
9567,2996567,2017-01-04 04:30:29,0,0.00081898377,0.03297081526680166,0.4764955,0.02180701106334092
9568,2996568,2017-01-04 04:31:42,0,0.00029701967,0.034978449067433554,0.49621865,0.03628662860430786
9569,2996569,2017-01-04 04:32:59,0,0.008030164,0.028841007535835097,0.48633772,0.028146469455196506
9570,2996570,2017-01-04 04:35:17,0,0.0002938095,0.035000579208691804,0.4762172,0.021649597128977432
9571,2996571,2017-01-04 04:36:07,0,0.032066472,0.026554126539989144,0.4957962,0.03589639808813122
9572,2996572,2017-01-04 04:37:21,0,0.00017820297,0.0360335011655969,0.48038006,0.02412364657930303
9573,2996573,2017-01-04 04:38:30,0,0.00045672603,0.034112865486321524,0.52883047,0.0822160835334866
9574,2996574,2017-01-04 04:38:46,0,0.0014236132,0.031923170802089194,0.48077244,0.02437049987228855
9575,2996575,2017-01-04 04:39:54,0,0.0019410814,0.031349511189639634,0.48575366,0.027725033919936717
9576,2996576,2017-01-04 04:40:27,0,0.0009449481,0.03269664200727323,0.47953624,0.023600961851462963
9577,2996577,2017-01-04 04:42:13,0,0.003708713,0.030182370850805378,0.5263668,0.07739884770997302
9578,2996578,2017-01-04 04:42:22,0,0.00039589775,0.034398084992240584,0.45522925,0.012482690485768276
9579,2996579,2017-01-04 04:44:09,0,0.002180379,0.03113691403663203,0.48209882,0.025223210165302934
9580,2996580,2017-01-04 04:44:45,0,0.0012614134,0.03214965214359881,0.49458244,0.03479752898184206
9581,2996581,2017-01-04 04:51:23,0,0.00071404706,0.033235637764594345,0.4769141,0.022045883273178593
9582,2996582,2017-01-04 04:52:12,0,0.0010490927,0.03249765049490231,0.47293246,0.019872974235325015
9583,2996583,2017-01-04 04:52:41,0,0.0205888,0.02727233459729883,0.48098007,0.024502114877955408
9584,2996584,2017-01-04 04:53:04,0,0.000329796,0.0347659614532356,0.48048115,0.02418701146567022
9585,2996585,2017-01-04 04:53:32,0,0.0018292798,0.03145851879979749,0.48174298,0.024991650894602722
9586,2996586,2017-01-04 04:56:05,0,0.0015795061,0.03172981597335575,0.4655085,0.016363713425174006
9587,2996587,2017-01-04 04:56:21,0,0.008097333,0.028826828890152197,0.4773639,0.022305390933093708
9588,2996588,2017-01-04 04:56:42,0,0.0025352754,0.030863131336509933,0.46976507,0.01829439590273821
9589,2996589,2017-01-04 04:57:30,0,0.0013618985,0.03200597217810218,0.48600158,0.027903175096396154
9590,2996590,2017-01-04 04:57:48,0,0.0004086726,0.03433451290070621,0.51259017,0.05496168368211309
9591,2996591,2017-01-04 04:58:05,0,0.013838533,0.027926313790699566,0.47117126,0.01897957435353954
9592,2996592,2017-01-04 04:59:04,0,0.09865064,0.024753741644494145,0.47232366,0.019559623134212382
9593,2996593,2017-01-04 04:59:36,0,0.0031845039,0.030453428765614417,0.46489498,0.01610231884842096
9594,2996594,2017-01-04 04:59:40,0,0.0006257369,0.033492532174067856,0.4700591,0.01843564627291033
9595,2996595,2017-01-04 05:00:14,0,0.0002355579,0.03545351950213975,0.53094023,0.08655893313356898
9596,2996596,2017-01-04 05:00:25,0,0.00675931,0.029135580033868118,0.5013608,0.04137539091126273
9597,2996597,2017-01-04 05:01:40,0,0.013787043,0.027932501507083093,0.48482203,0.02706542003960141
9598,2996598,2017-01-04 05:03:05,0,0.0033024834,0.030388521068265645,0.4755807,0.02129369261368949
9599,2996599,2017-01-04 05:03:24,0,0.00095732673,0.03267180824069709,0.49138275,0.032053693411580986
9600,2996600,2017-01-04 05:04:01,0,0.00073972874,0.033167199738260024,0.45952386,0.01398082651136512
9601,2996601,2017-01-04 05:04:09,0,0.00036253838,0.03457487915967671,0.4858285,0.02777868769722024
9602,2996602,2017-01-04 05:04:14,0,0.00034961436,0.034648037977963536,0.5443784,0.11946180271312823
9603,2996603,2017-01-04 05:04:17,0,0.0009617937,0.0326629298003951,0.45651275,0.012913234596474848
9604,2996604,2017-01-04 05:04:59,0,0.0035926157,0.030238760459937647,0.4540898,0.012112199071218953
9605,2996605,2017-01-04 05:05:32,0,0.00017524758,0.036068549137661075,0.48525393,0.027369304501555582
9606,2996606,2017-01-04 05:06:00,0,0.00026775993,0.03519019844921974,0.49873683,0.03869868674866003
9607,2996607,2017-01-04 05:06:32,0,9.6011456e-05,0.037351612633932225,0.53795165,0.1025376326439312
9608,2996608,2017-01-04 05:06:40,0,0.0019321662,0.03135795757686922,0.48129407,0.024702461877422338
9609,2996609,2017-01-04 05:06:47,0,0.00053602544,0.03379606908301583,0.46010616,0.014196977318771984
9610,2996610,2017-01-04 05:08:13,0,0.0030021642,0.03055890278583816,0.49821362,0.03818518981400417
9611,2996611,2017-01-04 05:09:12,0,0.0009817324,0.032623823820606385,0.4618898,0.014879495896281243
9612,2996612,2017-01-04 05:10:01,1,0.004072636,0.030016958147766393,0.49740276,0.03740228001014338
9613,2996613,2017-01-04 05:11:24,0,6.434113e-05,0.0382292320652003,0.49816662,0.03813938541812084
9614,2996614,2017-01-04 05:11:33,0,0.0008748669,0.03284404698856794,0.51004356,0.0515518314583792
9615,2996615,2017-01-04 05:11:57,0,0.0020471506,0.03125204815087635,0.46881682,0.01784599204071631
9616,2996616,2017-01-04 05:12:24,0,0.00012311262,0.0368162361907607,0.5504158,0.13755106497328431
9617,2996617,2017-01-04 05:12:59,0,0.00014997105,0.036396550424480194,0.47618362,0.021630673640330736
9618,2996618,2017-01-04 05:13:16,0,0.0006725435,0.03335192801546413,0.46113205,0.014585722491296763
9619,2996619,2017-01-04 05:15:50,0,8.0513e-05,0.03773520565838318,0.5505893,0.13810414642593105
9620,2996620,2017-01-04 05:17:07,0,6.996665e-05,0.038043829298049864,0.5509981,0.1394146870671434
9621,2996621,2017-01-04 05:19:50,0,0.008820626,0.028681528964680892,0.48442805,0.026791057314395118
9622,2996622,2017-01-04 05:21:16,0,0.0008532208,0.032892107641997466,0.47211578,0.019453734949095212
9623,2996623,2017-01-04 05:24:36,0,0.0021322009,0.031177670654057424,0.480502,0.024200108010792427
9624,2996624,2017-01-04 05:26:39,0,9.239125e-05,0.037435038543940286,0.49810818,0.03808250119257616
9625,2996625,2017-01-04 05:28:24,0,0.0035693028,0.030250315007142356,0.4611651,0.01459841735961975
9626,2996626,2017-01-04 05:28:54,0,0.00061258,0.03353405991913029,0.48020065,0.02401158479880933
9627,2996627,2017-01-04 05:29:31,0,0.0010451772,0.03250474756775259,0.4889874,0.03013737117002097
9628,2996628,2017-01-04 05:31:46,0,0.0074845473,0.02896101207867384,0.5161061,0.06002122309297126
9629,2996629,2017-01-04 05:32:04,0,0.013160463,0.028009793327547192,0.48058257,0.024250743922583598
9630,2996630,2017-01-04 05:33:59,0,0.0019149866,0.031374350245085045,0.47154683,0.01916675304680059
9631,2996631,2017-01-04 05:34:13,0,0.000645104,0.03343305075468047,0.48384318,0.02638872481556177
9632,2996632,2017-01-04 05:35:43,0,0.032524426,0.02653129713556128,0.47908106,0.023323593668366772
9633,2996633,2017-01-04 05:36:03,0,0.0046174093,0.029796386314101617,0.5184247,0.06359429941304663
9634,2996634,2017-01-04 05:36:39,0,0.0005446681,0.03376457368556797,0.49734166,0.03734391984497796
9635,2996635,2017-01-04 05:38:49,0,0.0041206838,0.029996289799434927,0.50481206,0.04516682749180346
9636,2996636,2017-01-04 05:39:56,0,0.0060422365,0.029328703234988398,0.46302104,0.01532880776116657
9637,2996637,2017-01-04 05:40:23,0,0.001026194,0.032539558315742005,0.47328824,0.020058346615227172
9638,2996638,2017-01-04 05:41:31,0,0.00086131215,0.032873993456399304,0.4704758,0.018637642083533003
9639,2996639,2017-01-04 05:41:57,1,0.004682716,0.029771801284854408,0.4599287,0.014130757623018068
9640,2996640,2017-01-04 05:43:49,0,0.0038062152,0.030136430960612123,0.47575837,0.021392466462251257
9641,2996641,2017-01-04 05:44:14,0,0.036993198,0.026324387076464072,0.4740325,0.02045157277615028
9642,2996642,2017-01-04 05:44:32,0,0.00012206269,0.036834555624800674,0.54819036,0.13062436925063653
9643,2996643,2017-01-04 05:44:47,0,0.0015098319,0.031813624418474025,0.46107644,0.014564386390666142
9644,2996644,2017-01-04 05:46:30,0,0.0030097682,0.030554370862684265,0.46101445,0.014540639187537377
9645,2996645,2017-01-04 05:47:35,0,0.03363182,0.02647742693584659,0.48415673,0.026603683302836904
9646,2996646,2017-01-04 05:48:10,0,0.00046429422,0.03408021463187044,0.49663475,0.036674979477178356
9647,2996647,2017-01-04 05:50:32,0,0.0011451418,0.032331801565500744,0.47461665,0.020765445292045964
9648,2996648,2017-01-04 05:51:45,0,0.0002697645,0.035174928574699026,0.47251186,0.01965597462627842
9649,2996649,2017-01-04 05:54:45,0,0.016999472,0.0275863500305183,0.4894697,0.030514121005641732
9650,2996650,2017-01-04 05:57:17,0,0.00027836437,0.0351107513172605,0.471202,0.01899482093352569
9651,2996651,2017-01-04 05:58:34,0,0.0002308067,0.03549556722258988,0.48294345,0.02578119398957223
9652,2996652,2017-01-04 05:58:45,0,0.0032758755,0.03040294391743433,0.49935293,0.03931184762679564
9653,2996653,2017-01-04 06:01:45,0,0.002727844,0.030731025612905808,0.49682266,0.03685165819095138
9654,2996654,2017-01-04 06:02:30,0,0.008441128,0.028756137439131153,0.47458345,0.02074748203568733
9655,2996655,2017-01-04 06:03:58,0,0.000511684,0.03388774009535663,0.4695495,0.018191510804071543
9656,2996656,2017-01-04 06:04:07,0,0.00021118367,0.03567948028573631,0.47906902,0.023316299829662063
9657,2996657,2017-01-04 06:04:22,0,0.0044151577,0.029874913020762634,0.4850868,0.02725132021790768
9658,2996658,2017-01-04 06:05:25,0,0.005492428,0.02949386592409315,0.46205804,0.014945495486550345
9659,2996659,2017-01-04 06:05:57,0,0.002826528,0.030667086584588686,0.470451,0.018625562348969317
9660,2996660,2017-01-04 06:06:42,0,0.001988779,0.031305005759671614,0.49519983,0.03535236776210468
9661,2996661,2017-01-04 06:07:14,0,0.0016625593,0.03163486770078387,0.5000599,0.040026920138570496
9662,2996662,2017-01-04 06:07:33,0,0.020960532,0.027243120012294755,0.46660075,0.01683933596718465
9663,2996663,2017-01-04 06:07:43,0,0.0030142185,0.030551724103787085,0.48351866,0.026168018228469352
9664,2996664,2017-01-04 06:10:09,0,0.008907043,0.028665010098567475,0.49466935,0.03487511874643108
9665,2996665,2017-01-04 06:13:43,1,0.00091869856,0.03275045918154789,0.4645387,0.015952387324421346
9666,2996666,2017-01-04 06:14:09,0,0.0016900242,0.031604566678553866,0.48765078,0.029116646631642047
9667,2996667,2017-01-04 06:16:15,0,0.13466777,0.024246496831106298,0.48062062,0.024274701953030005
9668,2996668,2017-01-04 06:17:11,0,0.0066416445,0.02916574917294691,0.4860276,0.02792193336182453
9669,2996669,2017-01-04 06:20:50,0,0.0097851185,0.02850610602163568,0.46405607,0.015751457473571862
9670,2996670,2017-01-04 06:21:36,0,0.0012321426,0.03219378569998102,0.47592476,0.02148536446945753
9671,2996671,2017-01-04 06:21:42,0,0.0032636872,0.030409591829290965,0.48004138,0.023912529592774918
9672,2996672,2017-01-04 06:23:42,0,0.0035194426,0.030275296311329424,0.47734874,0.022296591141900256
9673,2996673,2017-01-04 06:25:13,0,0.01877228,0.027423449207797827,0.48625925,0.02808949131673055
9674,2996674,2017-01-04 06:25:32,0,0.0003156815,0.03485460176030129,0.48187184,0.02507526987177087
9675,2996675,2017-01-04 06:26:19,0,0.0028431679,0.03065653744025921,0.47045502,0.01862752188472431
9676,2996676,2017-01-04 06:29:07,0,0.011425145,0.02824575632784102,0.49018973,0.03108501639038206
9677,2996677,2017-01-04 06:29:55,1,0.011285903,0.028266290597160116,0.47680247,0.021981930081317203
9678,2996678,2017-01-04 06:31:41,0,0.0004637367,0.034082600630195845,0.5189604,0.0644478260354626
9679,2996679,2017-01-04 06:34:06,0,0.0022246523,0.031100289250408693,0.49403515,0.03431269823396193
9680,2996680,2017-01-04 06:35:33,0,0.010922389,0.028321173443321968,0.48454872,0.026874801514245997
9681,2996681,2017-01-04 06:36:07,0,0.0006872212,0.03330995696524801,0.4701144,0.018462336621415994
9682,2996682,2017-01-04 06:36:56,0,0.01646568,0.027638880088737196,0.48407263,0.0265458602262179
9683,2996683,2017-01-04 06:39:27,0,0.011821651,0.028188686442782957,0.4882923,0.029602321527323786
9684,2996684,2017-01-04 06:41:24,0,0.002729004,0.03073025997640257,0.50038815,0.04036314649490091
9685,2996685,2017-01-04 06:44:05,0,0.0017225696,0.03156932584032021,0.5200162,0.06616141589655242
9686,2996686,2017-01-04 06:45:53,0,0.0038597155,0.030111747041288113,0.48144218,0.024797518847612495
9687,2996687,2017-01-04 06:46:29,0,0.00022976659,0.03550489404358056,0.48035008,0.024104884764425485
9688,2996688,2017-01-04 06:50:55,0,0.0068982206,0.029100665902076828,0.49574968,0.03585367199512319
9689,2996689,2017-01-04 06:51:24,0,0.00896086,0.028654807650036803,0.47001553,0.01841464828298835
9690,2996690,2017-01-04 06:54:49,0,8.649593e-05,0.03757857085081356,0.47283694,0.019823491268114057
9691,2996691,2017-01-04 06:55:08,0,0.0016763852,0.03161954865927738,0.48517007,0.0273100403429574
9692,2996692,2017-01-04 06:56:22,0,0.0022664648,0.031066399225310938,0.4752074,0.021087611503102708
9693,2996693,2017-01-04 06:58:17,0,0.0007778328,0.03307014657086225,0.47416884,0.020524417873669015
9694,2996694,2017-01-04 07:00:02,1,0.0006545035,0.03340485825025075,0.46068928,0.014416685171931875
9695,2996695,2017-01-04 07:00:57,0,0.07921232,0.025106664486150534,0.47713882,0.02217515701624388
9696,2996696,2017-01-04 07:01:51,0,0.00057187054,0.03366878171655638,0.46423087,0.0158239424133975
9697,2996697,2017-01-04 07:02:11,0,0.00076655904,0.03309832928355627,0.46939453,0.018117891694596874
9698,2996698,2017-01-04 07:05:59,0,0.0029773233,0.030573792501397395,0.4918293,0.03242371327237244
9699,2996699,2017-01-04 07:10:17,0,0.00019853371,0.03580787308288897,0.4876678,0.02912942970383406
9700,2996700,2017-01-04 07:13:34,0,0.00045288232,0.034129667542262716,0.47109333,0.0189409566655689
9701,2996701,2017-01-04 07:13:50,0,0.0006612814,0.033384793003799484,0.494487,0.034712494075295273
9702,2996702,2017-01-04 07:13:56,0,0.0012064868,0.03223338803995299,0.5323162,0.08950345409441753
9703,2996703,2017-01-04 07:17:19,0,0.0002563017,0.03527986538781004,0.48451343,0.026850287043882853
9704,2996704,2017-01-04 07:18:23,0,0.0028786943,0.030634231009110165,0.47857937,0.023021538558940974
9705,2996705,2017-01-04 07:18:27,0,0.00447818,0.02985004460619807,0.48043832,0.024160147650832672
9706,2996706,2017-01-04 07:20:13,0,0.00037206247,0.03452270725550355,0.47993708,0.023847869152216983
9707,2996707,2017-01-04 07:23:06,0,0.00014650097,0.03644609551348021,0.4865139,0.028274812585510508
9708,2996708,2017-01-04 07:26:10,0,0.0020673985,0.031234049438369816,0.46961287,0.01822169337259842
9709,2996709,2017-01-04 07:31:22,0,0.01666568,0.027618993333562804,0.47566763,0.02134196379593354
9710,2996710,2017-01-04 07:40:29,0,0.005072381,0.029632221877432564,0.48558122,0.0276017828554257
9711,2996711,2017-01-04 07:42:00,0,0.0011087978,0.03239276742773555,0.459406,0.013937465710285335
9712,2996712,2017-01-04 07:44:53,0,0.0053202286,0.029549192292299426,0.48000777,0.02389167191921372
9713,2996713,2017-01-04 07:50:46,0,0.0058741365,0.02937746511842542,0.46787503,0.017411230739181525
9714,2996714,2017-01-04 08:08:37,0,0.0066616633,0.02916057697065539,0.48563436,0.027639707014056908
9715,2996715,2017-01-04 08:10:50,0,0.0021678952,0.031147382880923745,0.50189763,0.04194447992230541
9716,2996716,2017-01-04 08:12:00,0,0.008262016,0.028792581673448406,0.48134542,0.024735376185458652
9717,2996717,2017-01-04 08:20:09,0,0.07423868,0.025210525424362,0.48454624,0.026873082311109762
9718,2996718,2017-01-04 08:20:24,0,0.0034994355,0.03028542540072592,0.48654908,0.02830049675363234
9719,2996719,2017-01-04 08:21:07,0,0.030376595,0.026641364192510487,0.48851582,0.029773369343800375
9720,2996720,2017-01-04 08:26:40,0,0.003305021,0.030387151945766293,0.48828515,0.02959686369870088
9721,2996721,2017-01-04 08:26:48,0,0.036327466,0.026353536452087645,0.48583242,0.02778151098260293
9722,2996722,2017-01-04 08:34:24,0,0.01730277,0.027557262127800065,0.49830619,0.038275558870926395
9723,2996723,2017-01-04 08:42:29,0,0.0038422903,0.030119746927312233,0.46126157,0.014635533259917935
9724,2996724,2017-01-04 08:42:31,0,0.039016914,0.026238957556931338,0.4810881,0.02457086764292345
9725,2996725,2017-01-04 08:43:27,0,0.0029974708,0.03056170604993644,0.4720179,0.019404073257803002
9726,2996726,2017-01-04 08:44:31,0,0.05598581,0.025661475412678818,0.4767983,0.021979543439151792
9727,2996727,2017-01-04 08:47:05,0,0.0034726553,0.030299079390534767,0.53439903,0.09413467744328546
9728,2996728,2017-01-04 09:01:59,0,0.0067806444,0.02913016910021452,0.48738164,0.028915187475915476
9729,2996729,2017-01-04 09:03:27,0,0.00027210714,0.03515723476701359,0.4857297,0.0277078756464497
9730,2996730,2017-01-04 09:29:20,0,0.0064851507,0.029206755511298643,0.47354195,0.02019156059435781
9731,2996731,2017-01-04 09:29:35,0,0.0063214204,0.029250786120121094,0.5203576,0.06672461620596504
9732,2996732,2017-01-04 09:31:21,0,0.0039165476,0.030085917460132023,0.5220177,0.0695275603402112
9733,2996733,2017-01-04 09:39:52,0,0.0035517833,0.030259050662803065,0.49104866,0.03177953579127797
9734,2996734,2017-01-04 09:42:59,0,0.003404414,0.03033438013988087,0.47175953,0.01927355390933129
9735,2996735,2017-01-04 09:47:55,0,0.043673165,0.02605839818167784,0.477217,0.022220300711227384
9736,2996736,2017-01-04 09:49:46,0,0.0012843943,0.03211575318096678,0.4599526,0.014139658325078826
9737,2996737,2017-01-04 09:50:14,0,0.015529041,0.027735490140685357,0.47817147,0.02277875000269422
9738,2996738,2017-01-04 09:50:35,0,0.0021509195,0.031161721181264153,0.5039725,0.044215056114365825
9739,2996739,2017-01-04 09:52:03,0,0.0033140872,0.030382269494352146,0.48340043,0.026088056959007823
9740,2996740,2017-01-04 09:57:30,0,0.001634219,0.03166669335931296,0.46400785,0.01573151769842385
9741,2996741,2017-01-04 10:00:19,0,0.060029905,0.025550093840971216,0.48179352,0.025024416470910735
9742,2996742,2017-01-04 10:00:58,1,0.040009182,0.02619870609836834,0.47258732,0.01969473613551419
9743,2996743,2017-01-04 10:06:49,0,0.0005149824,0.03387505167586061,0.46067762,0.014412262373591797
9744,2996744,2017-01-04 10:16:10,0,0.040486995,0.026179684655899982,0.4841782,0.02661845568443662
9745,2996745,2017-01-04 10:16:42,0,0.00217021,0.031145436889263512,0.4806249,0.024277405002075668
9746,2996746,2017-01-04 10:28:14,0,0.0029710636,0.030577565205045808,0.4594695,0.01396081272297541
9747,2996747,2017-01-04 10:39:12,0,0.0063713514,0.029237232793603914,0.47167957,0.01923333678769026
9748,2996748,2017-01-04 10:40:14,0,0.010690681,0.02835716330873192,0.47919497,0.023392705831413674
9749,2996749,2017-01-04 10:42:26,0,0.0046989876,0.02976573189432243,0.47387466,0.020367561136608685
9750,2996750,2017-01-04 10:51:09,0,0.0077793105,0.028895082859045823,0.47498685,0.02096677593722793
9751,2996751,2017-01-04 10:53:42,0,0.0010390686,0.032515876066610064,0.505012,0.045396317890228556
9752,2996752,2017-01-04 10:55:25,0,0.005032865,0.0296458533796674,0.48026434,0.0240513069827114
9753,2996753,2017-01-04 10:57:03,0,0.002967145,0.030579931181532252,0.47933435,0.023477548925978982
9754,2996754,2017-01-04 11:00:03,0,0.005880324,0.02937564434191018,0.47318903,0.020006485944312837
9755,2996755,2017-01-04 11:04:37,0,0.03567275,0.026382740690199556,0.46948227,0.018159535791588726
9756,2996756,2017-01-04 11:08:54,0,0.0010374122,0.032518905449091126,0.46744412,0.01721575727036928
9757,2996757,2017-01-04 11:10:13,0,0.0009461553,0.03269420514079484,0.5031013,0.04324773582214532
9758,2996758,2017-01-04 11:10:46,0,0.1264874,0.024349528902722142,0.485096,0.0272578083074372
9759,2996759,2017-01-04 11:19:06,0,0.07098076,0.025282326924502038,0.4765671,0.02184768168595607
9760,2996760,2017-01-04 11:20:51,0,0.273783,0.023015855840375257,0.48437172,0.026752053532101416
9761,2996761,2017-01-04 11:21:07,0,0.0026939206,0.030753569930997305,0.4737087,0.02027958037377042
9762,2996762,2017-01-04 11:26:22,0,0.019410778,0.027368666693626455,0.46766824,0.017317153459522106
9763,2996763,2017-01-04 11:30:35,0,0.0008025358,0.03300987172224531,0.46643832,0.01676776736663387
9764,2996764,2017-01-04 11:30:36,0,0.111842215,0.02455041472242463,0.481013,0.024523052841720676
9765,2996765,2017-01-04 11:32:22,0,0.00033290373,0.034746982818276526,0.5125835,0.05495247214483834
9766,2996766,2017-01-04 11:32:45,0,0.00071509747,0.033232787927191525,0.47883102,0.023172573302169416
9767,2996767,2017-01-04 11:34:12,0,0.0017064005,0.031586745379447535,0.524526,0.07397139314682133
9768,2996768,2017-01-04 11:35:54,0,0.002849262,0.030652690256695,0.46557218,0.01639108370413606
9769,2996769,2017-01-04 11:36:45,0,0.012941294,0.028037739663742695,0.46978527,0.018304068992130273
9770,2996770,2017-01-04 11:39:31,0,0.0006256624,0.033492764736001386,0.52796614,0.08049546040431384
9771,2996771,2017-01-04 11:43:06,0,0.0035625105,0.030253696463743717,0.47532636,0.02115307784949306
9772,2996772,2017-01-04 11:45:09,0,0.0005980694,0.03358096652719021,0.47521672,0.021092737396014413
9773,2996773,2017-01-04 11:45:18,0,0.00899571,0.02864823502899167,0.4847129,0.026989149287737976
9774,2996774,2017-01-04 11:46:18,0,0.006402693,0.02922878223279013,0.47115746,0.01897273131154516
9775,2996775,2017-01-04 11:46:59,0,0.009411692,0.028571781071676093,0.4799221,0.02383859046368429
9776,2996776,2017-01-04 11:48:48,0,0.035533097,0.02638904094253916,0.5093189,0.05061879107865821
9777,2996777,2017-01-04 11:54:14,0,0.0061869095,0.029287865194210776,0.46998003,0.01839755971819746
9778,2996778,2017-01-04 11:54:16,0,0.0010328685,0.03252724187848698,0.5084577,0.049530860123057706
9779,2996779,2017-01-04 11:55:24,0,0.011456175,0.02824121597919505,0.47581846,0.021425966515058396
9780,2996780,2017-01-04 12:00:13,0,0.002351946,0.030999120323344762,0.47428238,0.020585274548774526
9781,2996781,2017-01-04 12:00:15,0,0.015304227,0.027759582532316456,0.492093,0.032644138671515915
9782,2996782,2017-01-04 12:00:45,0,0.0017017478,0.03159179026445001,0.5259377,0.07658699417964354
9783,2996783,2017-01-04 12:03:55,0,0.0039239675,0.030082574374863478,0.47788697,0.022610889144603654
9784,2996784,2017-01-04 12:05:17,0,0.0054785265,0.0294982641965738,0.49985388,0.03981725850195844
9785,2996785,2017-01-04 12:08:31,1,0.001128962,0.032358686670557,0.47941992,0.023529777994057036
9786,2996786,2017-01-04 12:09:37,1,0.0017895815,0.03149892502584749,0.47984934,0.023793611754415144
9787,2996787,2017-01-04 12:11:09,0,0.0011136036,0.032384585917881896,0.5312151,0.08713989499002678
9788,2996788,2017-01-04 12:12:19,1,0.0028358744,0.030661153183880803,0.46830872,0.017610140003803284
9789,2996789,2017-01-04 12:12:42,0,0.0029115248,0.030613873748138096,0.5348206,0.09509817120685314
9790,2996790,2017-01-04 12:13:29,1,0.0023904913,0.030969621662886374,0.47555205,0.02127781298818472
9791,2996791,2017-01-04 12:15:41,0,0.04226856,0.026110720237539825,0.4768392,0.02200296044299216
9792,2996792,2017-01-04 12:17:56,0,0.0025544527,0.030849508973875128,0.45671478,0.012982308784771633
9793,2996793,2017-01-04 12:26:13,0,0.0029588172,0.030584970432854006,0.48951837,0.030552387400441836
9794,2996794,2017-01-04 12:27:41,0,0.01961116,0.02735185931405283,0.47086865,0.018830049462446333
9795,2996795,2017-01-04 12:28:19,0,0.012719606,0.028066514739318028,0.47993866,0.023848847031005302
9796,2996796,2017-01-04 12:32:21,0,0.0073694033,0.02898750969283264,0.49012208,0.031030941116096066
9797,2996797,2017-01-04 12:34:21,0,0.0007282902,0.033197367023807,0.456355,0.012859550807780607
9798,2996798,2017-01-04 12:35:58,0,0.005049701,0.029640031897132834,0.46896917,0.017917306820295714
9799,2996799,2017-01-04 12:41:03,0,0.0053632455,0.02953519667792351,0.48304558,0.025849470159246282
9800,2996800,2017-01-04 12:43:47,0,0.008349203,0.028774739212809652,0.47043803,0.018619249652110283
9801,2996801,2017-01-04 12:44:54,0,0.0073653483,0.0289884507536784,0.46673036,0.016896659456663833
9802,2996802,2017-01-04 12:46:29,0,0.00080822565,0.03299626607515761,0.47555697,0.0212805386410771
9803,2996803,2017-01-04 12:46:39,0,0.025879107,0.026900357246950318,0.45408607,0.012111005549083391
9804,2996804,2017-01-04 12:47:56,0,0.010240846,0.02842942549414285,0.47184354,0.019315897645603097
9805,2996805,2017-01-04 12:48:08,0,0.0012113774,0.03222577072757969,0.46378058,0.015637867227099186
9806,2996806,2017-01-04 12:48:14,0,0.0018733632,0.031414719250560344,0.455513,0.012576652384888198
9807,2996807,2017-01-04 12:51:16,0,0.0005056423,0.033911206986866664,0.46942174,0.018130796515584614
9808,2996808,2017-01-04 12:52:23,0,0.0015331076,0.03178518098978567,0.4766324,0.021884843848201396
9809,2996809,2017-01-04 12:52:54,0,0.0048889723,0.029696460051194286,0.4504537,0.011000134583203737
9810,2996810,2017-01-04 12:53:16,0,0.0007705384,0.0330883318066871,0.46992612,0.01837163352311996
9811,2996811,2017-01-04 12:54:47,0,0.001145968,0.03233043948638578,0.45959154,0.014005784032416101
9812,2996812,2017-01-04 12:54:56,0,0.0011151428,0.03238197331697047,0.45365435,0.011973463530749217
9813,2996813,2017-01-04 12:55:52,0,0.0012786564,0.032124156796597456,0.47952828,0.023596085595320594
9814,2996814,2017-01-04 12:56:12,0,0.00449342,0.02984408616801878,0.4983326,0.038301374638168205
9815,2996815,2017-01-04 12:56:29,0,0.018895725,0.0274127083028006,0.4956954,0.03580389123867821
9816,2996816,2017-01-04 12:56:50,0,0.0037560274,0.030159920989993212,0.48087662,0.02443645764824504
9817,2996817,2017-01-04 12:57:13,0,0.020115936,0.02731029806041268,0.4974136,0.037412651650565884
9818,2996818,2017-01-04 12:57:29,0,0.049317878,0.025864039132655996,0.49971655,0.039678089395833005
9819,2996819,2017-01-04 12:59:37,0,0.00027752513,0.035116921386620835,0.4718257,0.019306892608783294
9820,2996820,2017-01-04 13:01:13,0,0.0016017581,0.03170386955147489,0.49313632,0.03353051812659576
9821,2996821,2017-01-04 13:05:13,0,0.0007169259,0.03322783784587125,0.46217996,0.0149935041579142
9822,2996822,2017-01-04 13:06:44,0,0.00034431886,0.03467884266303977,0.46699876,0.01701597022816481
9823,2996823,2017-01-04 13:08:25,0,0.002449975,0.030925068929469345,0.48026597,0.02405233015339444
9824,2996824,2017-01-04 13:09:58,0,0.0023603176,0.030992670399408253,0.47544342,0.021217687199534048
9825,2996825,2017-01-04 13:11:17,0,0.0005851854,0.03362363317521677,0.46569112,0.016442318951677172
9826,2996826,2017-01-04 13:11:57,0,0.006147484,0.029298893909601317,0.47286904,0.01984010603061574
9827,2996827,2017-01-04 13:12:48,0,0.00057318626,0.03366427115518443,0.48991758,0.030868027916583104
9828,2996828,2017-01-04 13:13:28,0,0.0130135855,0.028028467511459928,0.47573474,0.021379303047682163
9829,2996829,2017-01-04 13:14:24,0,0.006352115,0.0292424411024896,0.47780335,0.0225617758850088
9830,2996830,2017-01-04 13:14:57,0,0.0025673588,0.030840401894266636,0.48817602,0.029513706789101788
9831,2996831,2017-01-04 13:17:51,0,0.007997481,0.028847951625342046,0.4806963,0.024322404757650427
9832,2996832,2017-01-04 13:17:58,0,0.0015389125,0.03177815820669434,0.48872575,0.02993488639537403
9833,2996833,2017-01-04 13:18:46,0,0.0017367277,0.03155421383835012,0.51308346,0.05564640555043886
9834,2996834,2017-01-04 13:20:50,0,0.0015911836,0.0317161519402892,0.46007046,0.014183631313750127
9835,2996835,2017-01-04 13:22:43,0,0.0010884979,0.03242774480179452,0.45946124,0.013957775788656797
9836,2996836,2017-01-04 13:23:43,0,0.0005395635,0.03378311150839772,0.46562332,0.01641309413081033
9837,2996837,2017-01-04 13:24:00,0,0.012310564,0.028121010710739035,0.4707223,0.018758142851697475
9838,2996838,2017-01-04 13:24:26,0,0.00089302176,0.03280469589620599,0.50874925,0.04989663932218743
9839,2996839,2017-01-04 13:25:09,0,0.0044067963,0.02987824046460296,0.46571058,0.016450716784647646
9840,2996840,2017-01-04 13:27:10,0,0.00052934396,0.03382078722778413,0.48918313,0.030289724067671806
9841,2996841,2017-01-04 13:28:03,0,0.0011117344,0.03238776363161471,0.4860543,0.027941198510811425
9842,2996842,2017-01-04 13:28:38,0,0.0030868542,0.03050909796370711,0.44837335,0.010409279785750729
9843,2996843,2017-01-04 13:29:02,0,0.0022962627,0.031042647163562205,0.48728165,0.028840689442668602
9844,2996844,2017-01-04 13:30:16,0,0.0015324237,0.03178601026423886,0.49813575,0.038109323220751626
9845,2996845,2017-01-04 13:30:57,0,0.0046941107,0.029767548668130823,0.47014526,0.01847723682606287
9846,2996846,2017-01-04 13:31:40,0,0.044644535,0.02602320320524002,0.47959095,0.023634519428220008
9847,2996847,2017-01-04 13:33:54,0,0.00093037816,0.03272631571234092,0.45876926,0.013705483885859713
9848,2996848,2017-01-04 13:35:09,0,0.0021429353,0.031168506276067463,0.48205858,0.025196925001194196
9849,2996849,2017-01-04 13:36:52,0,0.0025930072,0.03082244562835419,0.48830965,0.02961556079895323
9850,2996850,2017-01-04 13:37:16,0,0.005686939,0.029433523529909383,0.48721337,0.028789924221301503
9851,2996851,2017-01-04 13:38:04,0,0.10868889,0.024596871232669116,0.48666772,0.028387314677461743
9852,2996852,2017-01-04 13:39:14,0,0.00080299634,0.03300876669494499,0.46964335,0.01823623412430329
9853,2996853,2017-01-04 13:40:06,0,0.0038496815,0.030116348992278073,0.4746998,0.02081050035516335
9854,2996854,2017-01-04 13:40:07,0,0.0016555199,0.03164271908048768,0.4704868,0.018643001999114173
9855,2996855,2017-01-04 13:41:27,0,0.0052518817,0.029571675724560025,0.45885253,0.013735606207865722
9856,2996856,2017-01-04 13:42:10,0,0.0021804557,0.031136849799236747,0.46192542,0.014893443755169496
9857,2996857,2017-01-04 13:43:13,0,0.0041185394,0.029997206804301648,0.4547543,0.012326937199686536
9858,2996858,2017-01-04 13:43:32,1,0.00053096307,0.03381476723645301,0.44228512,0.00885216721634964
9859,2996859,2017-01-04 13:43:46,0,0.03131408,0.026592370255718267,0.4985658,0.03853010164746692
9860,2996860,2017-01-04 13:44:28,0,0.0018301916,0.03145760167559494,0.4740154,0.02044246693767452
9861,2996861,2017-01-04 13:45:02,0,0.0037156756,0.030179048371795848,0.4846413,0.026939234319016146
9862,2996862,2017-01-04 13:45:23,0,0.0061593726,0.029295560395153995,0.46302894,0.015331990529235269
9863,2996863,2017-01-04 13:45:29,0,0.005219675,0.029582377292764438,0.51799506,0.06291747983763918
9864,2996864,2017-01-04 13:46:19,0,0.005182222,0.029594909887959656,0.48921597,0.03031535906020265
9865,2996865,2017-01-04 13:47:29,0,0.01851995,0.027445634596150563,0.49294767,0.03336854788700725
9866,2996866,2017-01-04 13:48:48,0,0.002661253,0.03077556425523456,0.47579065,0.021410456445276005
9867,2996867,2017-01-04 13:49:31,0,0.0011156587,0.032381098624907824,0.4742589,0.020572673563384977
9868,2996868,2017-01-04 13:49:49,0,0.012719115,0.02806657902559866,0.47055054,0.01867410160482329
9869,2996869,2017-01-04 13:50:46,0,0.0006986254,0.03327799457584085,0.4923285,0.032842217207644575
9870,2996870,2017-01-04 13:51:30,0,0.004325846,0.02991080260431785,0.45490113,0.012374885878891812
9871,2996871,2017-01-04 13:52:05,0,0.021004077,0.027239733000108988,0.46847463,0.017686817415393304
9872,2996872,2017-01-04 13:52:31,0,0.001168753,0.03229327883382136,0.48900005,0.030147207142270992
9873,2996873,2017-01-04 13:53:11,0,0.0008035007,0.033007557267348185,0.46970794,0.018267072764704344
9874,2996874,2017-01-04 13:53:19,0,0.0024611345,0.030916837838733516,0.5144824,0.05763232332505875
9875,2996875,2017-01-04 13:53:27,0,0.030830847,0.026617433401208236,0.46823496,0.017576154327189113
9876,2996876,2017-01-04 13:53:48,0,0.0024109192,0.030954190912891186,0.46963558,0.018232523242309406
9877,2996877,2017-01-04 13:54:24,0,0.0015197014,0.03180150748726668,0.46420398,0.015812773606308842
9878,2996878,2017-01-04 13:55:46,0,0.0944839,0.02482336736979475,0.47193256,0.019360863512620213
9879,2996879,2017-01-04 13:56:26,0,0.0005002515,0.03393239725321739,0.49462643,0.03483678203066792
9880,2996880,2017-01-04 13:56:29,0,0.0040770634,0.03001504289367923,0.45277414,0.011697729777646132
9881,2996881,2017-01-04 13:56:38,0,0.0037946845,0.03014179883956258,0.46985358,0.01833680599695135
9882,2996882,2017-01-04 13:57:22,0,0.0041233674,0.029995142906720455,0.51236665,0.05465405458331753
9883,2996883,2017-01-04 13:57:37,0,0.12029174,0.024431728469754478,0.48069662,0.02432261162347846
9884,2996884,2017-01-04 13:58:19,0,0.005077011,0.029630631997473594,0.47831374,0.022863150802962594
9885,2996885,2017-01-04 13:58:46,0,0.23778544,0.023273978452186102,0.46928424,0.01806567122226502
9886,2996886,2017-01-04 13:59:12,0,0.091675825,0.024871969940630033,0.46658862,0.01683398105327644
9887,2996887,2017-01-04 13:59:39,0,0.008074257,0.0288316860996741,0.47115207,0.018970056821781333
9888,2996888,2017-01-04 14:00:02,0,0.00019173528,0.035880493274069857,0.50741774,0.04824665190585227
9889,2996889,2017-01-04 14:00:57,0,0.006562723,0.029186300749872003,0.47913986,0.023359246119052587
9890,2996890,2017-01-04 14:01:26,0,0.007367015,0.028988063910556375,0.4625523,0.01514105459792794
9891,2996891,2017-01-04 14:01:47,0,0.0045215283,0.029833152281741545,0.47768193,0.022490653048911947
9892,2996892,2017-01-04 14:02:10,0,0.010183462,0.028438882110523284,0.48081163,0.024395289237497588
9893,2996893,2017-01-04 14:02:54,0,0.0055096108,0.02948844555859474,0.4702319,0.018519149513227928
9894,2996894,2017-01-04 14:03:37,0,0.0013165966,0.03206931324262199,0.48780483,0.029232563710960797
9895,2996895,2017-01-04 14:05:09,0,0.000889726,0.03281177647862734,0.4679711,0.017455096244202637
9896,2996896,2017-01-04 14:05:16,0,0.00511247,0.02961850631048024,0.4767595,0.021957359706843982
9897,2996897,2017-01-04 14:05:40,0,0.00088590954,0.032820010324733785,0.48301464,0.02582877160891746
9898,2996898,2017-01-04 14:05:43,0,0.0017535007,0.03153647801332825,0.49399093,0.034273804138241486
9899,2996899,2017-01-04 14:06:04,0,0.015330996,0.02775669452891378,0.49665862,0.0366973798858467
9900,2996900,2017-01-04 14:07:07,0,0.007295132,0.029004833004888403,0.4697416,0.018283173931830585
9901,2996901,2017-01-04 14:07:33,0,0.041292947,0.026148111829825415,0.46622026,0.016672146681662545
9902,2996902,2017-01-04 14:08:20,0,0.0057622185,0.02941075033896023,0.47666186,0.021901638640381367
9903,2996903,2017-01-04 14:09:32,0,0.0015939237,0.03171296106766354,0.48283803,0.02571090941009596
9904,2996904,2017-01-04 14:09:50,0,0.02524504,0.026940566419050776,0.47756973,0.022425118071298145
9905,2996905,2017-01-04 14:10:42,0,0.007365927,0.028988316391210217,0.4901988,0.03109226508917316
9906,2996906,2017-01-04 14:10:59,0,0.022954537,0.027095046878281338,0.47809842,0.022735535615930037
9907,2996907,2017-01-04 14:12:04,0,0.015081607,0.027783806157343872,0.47187242,0.01933047370059022
9908,2996908,2017-01-04 14:12:47,0,0.0012704476,0.03213624872297421,0.4632733,0.015430782538115502
9909,2996909,2017-01-04 14:12:52,0,0.0018024653,0.03148570871726232,0.46691006,0.01697645405617191
9910,2996910,2017-01-04 14:13:29,0,0.0018687095,0.03141929139069948,0.46314478,0.015378749091756782
9911,2996911,2017-01-04 14:13:58,0,0.011945246,0.02817130569688579,0.47255802,0.019679678919274364
9912,2996912,2017-01-04 14:14:26,0,0.005589774,0.029463390712976666,0.46555498,0.0163836892149441
9913,2996913,2017-01-04 14:15:06,0,0.002018013,0.031278281287299134,0.49513367,0.03529250456482208
9914,2996914,2017-01-04 14:15:15,0,0.04061524,0.02617461824925165,0.45368546,0.011983325055259335
9915,2996915,2017-01-04 14:15:17,0,0.012730545,0.028065082571586436,0.45012206,0.010903802269022256
9916,2996916,2017-01-04 14:15:26,0,0.0035622246,0.030253838950721104,0.5245354,0.07398856439640132
9917,2996917,2017-01-04 14:16:38,0,0.38455015,0.022340711339294383,0.48149014,0.024828368691463126
9918,2996918,2017-01-04 14:16:59,0,0.010933429,0.028319478678737027,0.4689671,0.017916342396050985
9919,2996919,2017-01-04 14:17:16,0,0.0005250408,0.033836881837736824,0.52122176,0.0681702104844783
9920,2996920,2017-01-04 14:17:23,0,0.006081957,0.029317389519562267,0.4786293,0.023051422565162454
9921,2996921,2017-01-04 14:17:31,0,0.024465492,0.02699145530948784,0.4761012,0.021584297682227308
9922,2996922,2017-01-04 14:18:29,0,0.006745248,0.029139156355397215,0.48405695,0.02653509588765587
9923,2996923,2017-01-04 14:18:45,0,0.016359491,0.0276495413851187,0.45704317,0.013095354499116375
9924,2996924,2017-01-04 14:18:55,0,0.012088245,0.02815142931057438,0.46153194,0.01474004417738671
9925,2996925,2017-01-04 14:20:06,0,0.01008127,0.028455861796842542,0.4685014,0.017699216440241857
9926,2996926,2017-01-04 14:21:51,0,0.0041588815,0.02998003881978659,0.4586833,0.013674458718742274
9927,2996927,2017-01-04 14:21:53,0,0.009886981,0.02848864671361321,0.4759598,0.02150498232083632
9928,2996928,2017-01-04 14:22:02,0,0.0010858891,0.03243228981648458,0.4506295,0.01105153634387676
9929,2996929,2017-01-04 14:22:26,0,0.009523161,0.028551895051059192,0.47342616,0.020130660695181133
9930,2996930,2017-01-04 14:22:28,0,0.0026496174,0.030783467128223097,0.4573971,0.013218265398566615
9931,2996931,2017-01-04 14:22:29,0,0.0018125053,0.031475478491698794,0.45835632,0.013557049030308698
9932,2996932,2017-01-04 14:22:36,0,0.0014328477,0.03191110758565997,0.47242543,0.019611670582921858
9933,2996933,2017-01-04 14:22:49,0,0.026956312,0.026834322343312896,0.4773222,0.022281195293108094
9934,2996934,2017-01-04 14:23:19,0,0.0010091215,0.032571450494340765,0.5187438,0.0641014455407621
9935,2996935,2017-01-04 14:25:13,0,0.007467514,0.02896490483065909,0.49490026,0.03508208936024926
9936,2996936,2017-01-04 14:26:11,0,0.0002659142,0.03520436540742083,0.49659547,0.03663814946983685
9937,2996937,2017-01-04 14:26:28,0,0.0011391037,0.03234178764332066,0.47980338,0.023765240741530656
9938,2996938,2017-01-04 14:28:52,0,0.005630877,0.02945069016358077,0.4956775,0.035787476266654746
9939,2996939,2017-01-04 14:31:31,0,0.0010731152,0.032454711398881717,0.47394583,0.020405400945097935
9940,2996940,2017-01-04 14:32:41,0,0.002836852,0.030660533734920167,0.5088437,0.05001572513079102
9941,2996941,2017-01-04 14:32:59,0,0.0122661395,0.028127042851442963,0.52424604,0.07346261522769126
9942,2996942,2017-01-04 14:33:37,0,0.0027888014,0.03069124829497425,0.49944776,0.03940704920350418
9943,2996943,2017-01-04 14:33:42,0,0.0042660222,0.029935281632700046,0.48657367,0.028318467300297048
9944,2996944,2017-01-04 14:33:47,0,0.025563741,0.026920227420218545,0.47162923,0.019208061174242147
9945,2996945,2017-01-04 14:34:52,0,0.004526119,0.02983137323459043,0.5001479,0.04011677217056969
9946,2996946,2017-01-04 14:36:30,0,0.0018595877,0.03142828818598879,0.5130415,0.05558784712339889
9947,2996947,2017-01-04 14:36:45,0,0.0017986362,0.03148962623965893,0.5004562,0.040433208533010086
9948,2996948,2017-01-04 14:37:37,0,0.00064154505,0.03344383857741473,0.46390682,0.0156898198996504
9949,2996949,2017-01-04 14:37:38,0,0.07875253,0.025115994346441912,0.4579195,0.013401736853856136
9950,2996950,2017-01-04 14:37:41,0,0.027633168,0.02679420733906852,0.4739301,0.020397028479833407
9951,2996951,2017-01-04 14:37:45,0,0.011444231,0.028242962157802833,0.5048026,0.04515597577954355
9952,2996952,2017-01-04 14:38:27,0,0.012693088,0.028069991868403078,0.45899424,0.013787018455764717
9953,2996953,2017-01-04 14:39:18,0,0.0016883331,0.03160641730036311,0.4658286,0.016501733362416133
9954,2996954,2017-01-04 14:39:42,0,0.033568088,0.026480477624927258,0.46396184,0.01571251278057472
9955,2996955,2017-01-04 14:40:39,0,0.005366932,0.029534002719318688,0.48077464,0.024371894214749723
9956,2996956,2017-01-04 14:41:13,0,0.018389476,0.027457229523938285,0.4752776,0.02112622462879969
9957,2996957,2017-01-04 14:41:25,0,0.0009722952,0.03264222761035774,0.45091075,0.01113425371676398
9958,2996958,2017-01-04 14:41:31,0,0.008822961,0.028681080431645845,0.46853858,0.01771646208256357
9959,2996959,2017-01-04 14:42:54,0,0.02230144,0.02714202715974156,0.4540602,0.012102720889426766
9960,2996960,2017-01-04 14:42:56,0,0.0013828203,0.03197746587993959,0.45724827,0.013166443653917255
9961,2996961,2017-01-04 14:43:04,0,0.003530734,0.030269606533303118,0.4912906,0.031977846910686246
9962,2996962,2017-01-04 14:43:30,0,0.0008398692,0.03292239826592367,0.45146385,0.011298689764665285
9963,2996963,2017-01-04 14:43:43,0,0.0009975615,0.03259337028935688,0.4722909,0.019542902018318577
9964,2996964,2017-01-04 14:44:03,0,0.0036899347,0.030191364531861803,0.45782787,0.013369373298400536
9965,2996965,2017-01-04 14:44:16,0,0.003925131,0.03008205066783052,0.48420906,0.026639725429796778
9966,2996966,2017-01-04 14:44:31,0,0.1563588,0.02399848858480603,0.46115065,0.014592864178453548
9967,2996967,2017-01-04 14:44:47,0,0.005028784,0.029647267596345554,0.45362467,0.0119640627756434
9968,2996968,2017-01-04 14:45:20,0,0.005887113,0.02937364898282578,0.5297034,0.08398807417547975
9969,2996969,2017-01-04 14:45:51,0,0.0038760996,0.030104259789832215,0.48582837,0.027778602147449146
9970,2996970,2017-01-04 14:46:24,0,0.006991744,0.02907757290651151,0.46092477,0.014506352343378087
9971,2996971,2017-01-04 14:47:05,0,0.0036339818,0.030218451260249617,0.45873338,0.01369252330809251
9972,2996972,2017-01-04 14:47:07,0,0.0010550754,0.03248686034865808,0.46714428,0.017081001978324906
9973,2996973,2017-01-04 14:48:39,0,0.0037917653,0.0301431605513486,0.46693277,0.016986563599184174
9974,2996974,2017-01-04 14:48:56,0,0.0020804626,0.031222534890837587,0.48058042,0.024249393800090245
9975,2996975,2017-01-04 14:49:38,0,0.0046016546,0.02980237204877637,0.5156928,0.05940438125781365
9976,2996976,2017-01-04 14:49:41,0,0.002941783,0.030595324593788678,0.46148157,0.01472052020632981
9977,2996977,2017-01-04 14:50:01,0,0.0033671276,0.03035398444785772,0.4673738,0.017184055326171597
9978,2996978,2017-01-04 14:50:11,0,0.027958015,0.0267753128572903,0.4682299,0.017573822299665597
9979,2996979,2017-01-04 14:50:20,0,0.007747597,0.02890204915616386,0.46663454,0.016854264787278698
9980,2996980,2017-01-04 14:50:34,0,0.0035301195,0.03026991565974509,0.46370986,0.015608836618259856
9981,2996981,2017-01-04 14:50:54,0,0.18452814,0.023718192932981455,0.48043844,0.02416022238817624
9982,2996982,2017-01-04 14:51:47,0,0.00025097278,0.0353230196403811,0.5356803,0.09709063487218796
9983,2996983,2017-01-04 14:52:37,0,0.0023018464,0.03103823250057142,0.45431823,0.012185605096497406
9984,2996984,2017-01-04 14:53:00,0,0.0002512977,0.035320360854259075,0.4519633,0.011449207676904062
9985,2996985,2017-01-04 14:53:24,0,0.0019238365,0.031365886413474944,0.468363,0.017635186016604153
9986,2996986,2017-01-04 14:53:49,0,0.00075973687,0.03311559696372509,0.44593224,0.00975530940541883
9987,2996987,2017-01-04 14:54:54,0,0.009136838,0.028621888901387407,0.4775097,0.022390137739666617
9988,2996988,2017-01-04 14:55:10,0,0.0009349689,0.032716913466589156,0.47352773,0.020184073684037813
9989,2996989,2017-01-04 14:55:50,0,0.028970867,0.026717820370100544,0.47445288,0.020676984621596325
9990,2996990,2017-01-04 14:56:12,0,0.0024276713,0.030941639222801517,0.45703062,0.013091017836517426
9991,2996991,2017-01-04 14:57:10,0,0.0005481181,0.03375214847632804,0.49189764,0.03248069941344716
9992,2996992,2017-01-04 14:57:22,0,0.0023710728,0.03098441943095787,0.46563044,0.016416161965769196
9993,2996993,2017-01-04 14:57:24,0,0.00401578,0.030041749556560162,0.4835316,0.026176780581198003
9994,2996994,2017-01-04 14:57:38,0,0.00388434,0.030100506671706405,0.5241077,0.07321240634327643
9995,2996995,2017-01-04 14:57:43,0,0.005624235,0.02945273579699855,0.46975917,0.018291571955839393
9996,2996996,2017-01-04 14:57:48,0,0.0014652523,0.031869416702902005,0.45518032,0.012466554990201727
9997,2996997,2017-01-04 14:58:19,0,0.0032433835,0.030420724556021236,0.46764764,0.017307812158413625
9998,2996998,2017-01-04 14:58:30,0,0.04468422,0.02602178185671704,0.46666142,0.016866148577778274
9999,2996999,2017-01-04 14:58:41,0,0.022374557,0.02713669711680716,0.47151393,0.019150283800640894
